concessionaria;ano;situacao;id_sigicor;item_per;descricao;rodovia;tipo;extensao;valor_contratual;previsto_anual;mes_referencia;previsto_ytd;executado_ytd;prob_atraso;em_risco;motivos_provaveis;observacao
NOVA 381;2026,0;em andamento;16139,0;3.2.1;C.Estabilização de Taludes da BR-381/MG;BR-381/MG;Recuperação de Terrapleno e Estrutura de Contenção;;;82,0;7;62,5;18,0;0,9457848220696404;True;"Projeto executivo não concluído; Ausência de: taxa histórica de atraso da concessionária; Obra com muito avanço anterior";
AUTOPISTA PLANALTO SUL;2026,0;planejado;8013,0;5.2.2.2;Execução de Terceiras Faixas (Terceiras Faixas 28 km - Segmento km 302,6 ao 309,2;BR-116/SC;Faixa Adicional;6,6;3932507,21;4,5;0;0,0;0,0;0,9354476676439378;True;"Meta anual pequena (obra em fase inicial/final); Tipo de obra que costuma atrasar; Projeto executivo não concluído";
PANTANAL;2025,0;em andamento;18249,0;3.2.2.I;Implantação Rotatória Alongada - km 539,520;BR-163/MS;Rotatória em Nível;;;100,0;11;79,2;25,01;0,9282925153479746;True;"Meta espalhada por muitos meses; Projeto executivo não concluído; Baixa execução no ano até agora";
NOVA 381;2026,0;em andamento;16132,0;3.2.1;C.Estabilização de Taludes da BR-381/MG;BR-381/MG;Recuperação de Terrapleno e Estrutura de Contenção;;;34,0;7;7,2;13,6;0,9215144106952268;True;"Meta anual pequena (obra em fase inicial/final); Projeto executivo não concluído; Ausência de: taxa histórica de atraso da concessionária";
ECOVIAS CAPIXABA;2025,0;em andamento;20724,0;3.2.1;B Contorno de Ibiraçu;BR-101/ES;Contorno Rodoviário em Pista;4,2;;1,94;11;1,6600000000000001;5,87;0,904949527518437;True;"Licenciamento ambiental pendente; Meta concentrada no fim do ano; Meta anual pequena (obra em fase inicial/final)";
VIA ARAUCÁRIA;2026,0;planejado;6630,0;3.1.2.A;A. Travessias urbanas - Almirante Tamandaré;PR-418;Iluminação de Travessias Urbanas;7,3;;100,0;0;0,0;0,0;0,899336261181886;True;"Meta concentrada no fim do ano; Projeto executivo não concluído; Tipo de obra que costuma atrasar";
NOVA 381;2026,0;em andamento;18369,0;3.4.11.1;Contrução de UOPs da PRF;BR-381/MG;Unidade Operacional da Polícia Rodoviária Federal;;;100,0;7;29,200000000000003;1,36;0,8988447842781201;True;"Baixa execução no ano até agora; Tipo de obra que costuma atrasar; Ausência de: taxa histórica de atraso da concessionária";
AUTOPISTA LITORAL SUL;2026,0;planejado;7017,0;1.2.1.2;Adequação do projeto incorporado aos parâmetros do PER.;BR-101/SC;Recuperação ou Manutenção de Pavimento;8,0;12621027,44;54,69;0;0,0;0,0;0,8898853158355974;True;"Meta concentrada no fim do ano; Obra com muito avanço anterior; Ausência de: taxa histórica de atraso da concessionária";
ECOVIAS RIO MINAS;2025,0;planejado;15914,0;3.2.2;L. Acessos - SEGMENTO 7' - RJ;BR-116/RJ;Melhoria em Acesso (local a definir);6,5;;61,92;0;0,0;0,0;0,8779466017076217;True;"Tipo de obra que costuma atrasar; Meta espalhada por muitos meses; Projeto executivo não concluído";
ECOVIAS RIO MINAS;2025,0;planejado;15921,0;3.2.2;L. Acessos - SEGMENTO 7' - RJ;BR-116/RJ;Melhoria em Acesso (local a definir);6,5;;61,92;0;0,0;0,0;0,8779466017076217;True;"Tipo de obra que costuma atrasar; Meta espalhada por muitos meses; Projeto executivo não concluído";
ECOVIAS RIO MINAS;2025,0;planejado;15915,0;3.2.2;L. Acessos - SEGMENTO 7' - RJ;BR-116/RJ;Melhoria em Acesso (local a definir);6,5;;61,92;0;0,0;0,0;0,8779466017076217;True;"Tipo de obra que costuma atrasar; Meta espalhada por muitos meses; Projeto executivo não concluído";
ECOVIAS RIO MINAS;2025,0;planejado;4663,0;3.2.1;B. Implantação de Faixa Adicional;BR-116/RJ;Faixa Adicional;6,5;;66,72;0;0,0;0,0;0,8779466017076217;True;"Meta espalhada por muitos meses; Tipo de obra que costuma atrasar; Projeto executivo não concluído";
ECOVIAS RIO MINAS;2025,0;planejado;4664,0;3.2.1;B. Implantação de Faixa Adicional;BR-116/RJ;Faixa Adicional;6,5;;71,21;0;0,0;0,0;0,8779466017076217;True;"Meta espalhada por muitos meses; Tipo de obra que costuma atrasar; Projeto executivo não concluído";
ECOVIAS RIO MINAS;2025,0;planejado;15917,0;3.2.2;L. Acessos - SEGMENTO 7' - RJ;BR-116/RJ;Melhoria em Acesso (local a definir);6,5;;61,92;0;0,0;0,0;0,8779466017076217;True;"Tipo de obra que costuma atrasar; Meta espalhada por muitos meses; Projeto executivo não concluído";
ECOVIAS RIO MINAS;2025,0;planejado;15922,0;3.2.2;L. Acessos - SEGMENTO 7' - RJ;BR-116/RJ;Melhoria em Acesso (local a definir);6,5;;61,92;0;0,0;0,0;0,8779466017076217;True;"Tipo de obra que costuma atrasar; Meta espalhada por muitos meses; Projeto executivo não concluído";
ECOVIAS RIO MINAS;2025,0;planejado;15923,0;3.2.2;L. Acessos - SEGMENTO 7' - RJ;BR-116/RJ;Melhoria em Acesso (local a definir);6,5;;61,92;0;0,0;0,0;0,8779466017076217;True;"Tipo de obra que costuma atrasar; Meta espalhada por muitos meses; Projeto executivo não concluído";
ECOVIAS RIO MINAS;2025,0;planejado;15927,0;3.2.2;L. Acessos - SEGMENTO 7' - RJ;BR-116/RJ;Melhoria em Acesso (local a definir);6,5;;61,92;0;0,0;0,0;0,8779466017076217;True;"Tipo de obra que costuma atrasar; Meta espalhada por muitos meses; Projeto executivo não concluído";
ECOVIAS RIO MINAS;2025,0;planejado;16034,0;3.2.2;Q. Pontos de ônibus - SEGMENTO 7' - RJ;BR-116/RJ;Ponto de Ônibus (local a definir);6,5;;65,05;0;0,0;0,0;0,8779466017076217;True;"Meta espalhada por muitos meses; Projeto executivo não concluído; Tipo de obra que costuma atrasar";
ECOVIAS RIO MINAS;2025,0;planejado;16036,0;3.2.2;Q. Pontos de ônibus - SEGMENTO 7' - RJ;BR-116/RJ;Ponto de Ônibus (local a definir);6,5;;65,05;0;0,0;0,0;0,8779466017076217;True;"Meta espalhada por muitos meses; Projeto executivo não concluído; Tipo de obra que costuma atrasar";
ECOVIAS RIO MINAS;2025,0;planejado;16035,0;3.2.2;Q. Pontos de ônibus - SEGMENTO 7' - RJ;BR-116/RJ;Ponto de Ônibus (local a definir);6,5;;65,05;0;0,0;0,0;0,8779466017076217;True;"Meta espalhada por muitos meses; Projeto executivo não concluído; Tipo de obra que costuma atrasar";
ECOVIAS RIO MINAS;2025,0;planejado;16038,0;3.2.2;Q. Pontos de ônibus - SEGMENTO 7' - RJ;BR-116/RJ;Ponto de Ônibus (local a definir);6,5;;65,05;0;0,0;0,0;0,8779466017076217;True;"Meta espalhada por muitos meses; Projeto executivo não concluído; Tipo de obra que costuma atrasar";
ECOVIAS RIO MINAS;2025,0;planejado;16041,0;3.2.2;Q. Pontos de ônibus - SEGMENTO 7' - RJ;BR-116/RJ;Ponto de Ônibus (local a definir);6,5;;65,05;0;0,0;0,0;0,8779466017076217;True;"Meta espalhada por muitos meses; Projeto executivo não concluído; Tipo de obra que costuma atrasar";
ECOVIAS RIO MINAS;2025,0;planejado;16033,0;3.2.2;Q. Pontos de ônibus - SEGMENTO 7' - RJ;BR-116/RJ;Ponto de Ônibus (local a definir);6,5;;65,05;0;0,0;0,0;0,8779466017076217;True;"Meta espalhada por muitos meses; Projeto executivo não concluído; Tipo de obra que costuma atrasar";
ECOVIAS RIO MINAS;2025,0;planejado;16032,0;3.2.2;Q. Pontos de ônibus - SEGMENTO 7' - RJ;BR-116/RJ;Ponto de Ônibus (local a definir);6,5;;65,05;0;0,0;0,0;0,8779466017076217;True;"Meta espalhada por muitos meses; Projeto executivo não concluído; Tipo de obra que costuma atrasar";
ECOVIAS RIO MINAS;2025,0;planejado;16040,0;3.2.2;Q. Pontos de ônibus - SEGMENTO 7' - RJ;BR-116/RJ;Ponto de Ônibus (local a definir);6,5;;65,05;0;0,0;0,0;0,8779466017076217;True;"Meta espalhada por muitos meses; Projeto executivo não concluído; Tipo de obra que costuma atrasar";
ECOVIAS RIO MINAS;2025,0;planejado;16039,0;3.2.2;Q. Pontos de ônibus - SEGMENTO 7' - RJ;BR-116/RJ;Ponto de Ônibus (local a definir);6,5;;65,05;0;0,0;0,0;0,8779466017076217;True;"Meta espalhada por muitos meses; Projeto executivo não concluído; Tipo de obra que costuma atrasar";
ECOVIAS RIO MINAS;2025,0;planejado;16037,0;3.2.2;Q. Pontos de ônibus - SEGMENTO 7' - RJ;BR-116/RJ;Ponto de Ônibus (local a definir);6,5;;65,05;0;0,0;0,0;0,8779466017076217;True;"Meta espalhada por muitos meses; Projeto executivo não concluído; Tipo de obra que costuma atrasar";
ECOVIAS RIO MINAS;2025,0;planejado;15920,0;3.2.2;L. Acessos - SEGMENTO 7' - RJ;BR-116/RJ;Melhoria em Acesso (local a definir);6,5;;61,92;0;0,0;0,0;0,8779466017076217;True;"Tipo de obra que costuma atrasar; Meta espalhada por muitos meses; Projeto executivo não concluído";
ECOVIAS RIO MINAS;2025,0;planejado;15919,0;3.2.2;L. Acessos - SEGMENTO 7' - RJ;BR-116/RJ;Melhoria em Acesso (local a definir);6,5;;61,92;0;0,0;0,0;0,8779466017076217;True;"Tipo de obra que costuma atrasar; Meta espalhada por muitos meses; Projeto executivo não concluído";
ECOVIAS RIO MINAS;2025,0;planejado;15926,0;3.2.2;L. Acessos - SEGMENTO 7' - RJ;BR-116/RJ;Melhoria em Acesso (local a definir);6,5;;61,92;0;0,0;0,0;0,8779466017076217;True;"Tipo de obra que costuma atrasar; Meta espalhada por muitos meses; Projeto executivo não concluído";
ECOVIAS RIO MINAS;2025,0;planejado;15925,0;3.2.2;L. Acessos - SEGMENTO 7' - RJ;BR-116/RJ;Melhoria em Acesso (local a definir);6,5;;61,92;0;0,0;0,0;0,8779466017076217;True;"Tipo de obra que costuma atrasar; Meta espalhada por muitos meses; Projeto executivo não concluído";
ECOVIAS RIO MINAS;2025,0;planejado;15924,0;3.2.2;L. Acessos - SEGMENTO 7' - RJ;BR-116/RJ;Melhoria em Acesso (local a definir);6,5;;61,92;0;0,0;0,0;0,8779466017076217;True;"Tipo de obra que costuma atrasar; Meta espalhada por muitos meses; Projeto executivo não concluído";
ECOVIAS RIO MINAS;2025,0;planejado;15918,0;3.2.2;L. Acessos - SEGMENTO 7' - RJ;BR-116/RJ;Melhoria em Acesso (local a definir);6,5;;61,92;0;0,0;0,0;0,8779466017076217;True;"Tipo de obra que costuma atrasar; Meta espalhada por muitos meses; Projeto executivo não concluído";
ECOVIAS RIO MINAS;2025,0;planejado;15928,0;3.2.2;L. Acessos - SEGMENTO 7' - RJ;BR-116/RJ;Melhoria em Acesso (local a definir);6,5;;61,92;0;0,0;0,0;0,8779466017076217;True;"Tipo de obra que costuma atrasar; Meta espalhada por muitos meses; Projeto executivo não concluído";
ECOVIAS RIO MINAS;2025,0;planejado;15930,0;3.2.2;L. Acessos - SEGMENTO 7' - RJ;BR-116/RJ;Melhoria em Acesso (local a definir);6,5;;61,92;0;0,0;0,0;0,8779466017076217;True;"Tipo de obra que costuma atrasar; Meta espalhada por muitos meses; Projeto executivo não concluído";
ECOVIAS RIO MINAS;2025,0;planejado;15916,0;3.2.2;L. Acessos - SEGMENTO 7' - RJ;BR-116/RJ;Melhoria em Acesso (local a definir);6,5;;61,92;0;0,0;0,0;0,8779466017076217;True;"Tipo de obra que costuma atrasar; Meta espalhada por muitos meses; Projeto executivo não concluído";
ECOVIAS RIO MINAS;2025,0;planejado;15929,0;3.2.2;L. Acessos - SEGMENTO 7' - RJ;BR-116/RJ;Melhoria em Acesso (local a definir);6,5;;61,92;0;0,0;0,0;0,8779466017076217;True;"Tipo de obra que costuma atrasar; Meta espalhada por muitos meses; Projeto executivo não concluído";
ECOVIAS CAPIXABA;2025,0;em andamento;18955,0;3.2.1;A Duplicação Subtrecho F;BR-101/ES;Duplicação de Trecho Rodoviário;7,2;;100,0;11;77,0;100,0;0,8759287026539332;True;"Meta espalhada por muitos meses; Projeto executivo não concluído; Tipo de obra que costuma atrasar";
ECOVIAS CAPIXABA;2025,0;em andamento;20803,0;3.2.2;D. Diamante;BR-101/ES;Interseção em Desnível;;;9,8;11;6,9399999999999995;34,35;0,8742755791219139;True;"Obra com muito avanço anterior; Meta anual pequena (obra em fase inicial/final); Projeto executivo não concluído";
NOVA 381;2026,0;em andamento;16143,0;3.2.1;C.Estabilização de Taludes da BR-381/MG;BR-381/MG;Recuperação de Terrapleno e Estrutura de Contenção;;;100,0;7;100,0;73,0;0,8717857977143653;True;"Obra com muito avanço anterior; Projeto executivo não concluído; Ausência de: taxa histórica de atraso da concessionária";
RIOSP;2025,0;em andamento;5207,0;3.2.1.2;A. Vias Marginais (BR-116);BR-116/SP;Via Marginal;3,2;;98,01;8;9,370000000000001;15,629999999999999;0,8694709696081717;True;"Licenciamento ambiental pendente; Meta concentrada no fim do ano; Tipo de obra que costuma atrasar";
LITORAL PIONEIRO;2026,0;em andamento;6169,0;3.2.2.B;B. Vias Marginais;BR-277/PR;Via Marginal;0,5;;100,0;5;24,6;14,74;0,8693726322867152;True;"Licenciamento ambiental pendente; Meta espalhada por muitos meses; Tipo de obra que costuma atrasar";
PANTANAL;2025,0;em andamento;18243,0;3.2.2.G;Implantação Retorno em X - km 543,820;BR-163/MS;Retorno em Nível;;;100,0;11;78,10000000000001;15,03;0,8615617448205207;True;"Tipo de obra que costuma atrasar; Meta espalhada por muitos meses; Baixa execução no ano até agora";
PANTANAL;2025,0;em andamento;18250,0;3.2.2.I;Implantação Rotatória Alongada - km 626,700;BR-163/MS;Rotatória em Nível;;;100,0;11;78,7;8,77;0,8615617448205207;True;"Baixa execução no ano até agora; Meta espalhada por muitos meses; Projeto executivo não concluído";
PANTANAL;2025,0;em andamento;18244,0;3.2.2.G;Implantação Retorno em X - km 634,600;BR-163/MS;Retorno em Nível;;;100,0;11;78,0;14,350000000000001;0,8615617448205207;True;"Tipo de obra que costuma atrasar; Meta espalhada por muitos meses; Baixa execução no ano até agora";
ECOVIAS RIO MINAS;2025,0;planejado;15899,0;3.2.2;L. Acessos - SEGMENTO 8' - RJ;BR-116/RJ;Melhoria em Acesso (local a definir);8,2;;63,1;0;0,0;0,0;0,8612010417768414;True;"Tipo de obra que costuma atrasar; Meta espalhada por muitos meses; Projeto executivo não concluído";
ECOVIAS RIO MINAS;2025,0;planejado;15898,0;3.2.2;L. Acessos - SEGMENTO 8' - RJ;BR-116/RJ;Melhoria em Acesso (local a definir);8,2;;63,1;0;0,0;0,0;0,8612010417768414;True;"Tipo de obra que costuma atrasar; Meta espalhada por muitos meses; Projeto executivo não concluído";
ECOVIAS RIO MINAS;2025,0;planejado;15900,0;3.2.2;L. Acessos - SEGMENTO 8' - RJ;BR-116/RJ;Melhoria em Acesso (local a definir);8,2;;63,1;0;0,0;0,0;0,8612010417768414;True;"Tipo de obra que costuma atrasar; Meta espalhada por muitos meses; Projeto executivo não concluído";
ECOVIAS RIO MINAS;2025,0;planejado;15894,0;3.2.2;L. Acessos - SEGMENTO 8' - RJ;BR-116/RJ;Melhoria em Acesso (local a definir);8,2;;63,1;0;0,0;0,0;0,8612010417768414;True;"Tipo de obra que costuma atrasar; Meta espalhada por muitos meses; Projeto executivo não concluído";
ECOVIAS RIO MINAS;2025,0;planejado;15893,0;3.2.2;L. Acessos - SEGMENTO 8' - RJ;BR-116/RJ;Melhoria em Acesso (local a definir);8,2;;63,1;0;0,0;0,0;0,8612010417768414;True;"Tipo de obra que costuma atrasar; Meta espalhada por muitos meses; Projeto executivo não concluído";
ECOVIAS RIO MINAS;2025,0;planejado;15902,0;3.2.2;L. Acessos - SEGMENTO 8' - RJ;BR-116/RJ;Melhoria em Acesso (local a definir);8,2;;63,1;0;0,0;0,0;0,8612010417768414;True;"Tipo de obra que costuma atrasar; Meta espalhada por muitos meses; Projeto executivo não concluído";
ECOVIAS RIO MINAS;2025,0;planejado;15901,0;3.2.2;L. Acessos - SEGMENTO 8' - RJ;BR-116/RJ;Melhoria em Acesso (local a definir);8,2;;63,1;0;0,0;0,0;0,8612010417768414;True;"Tipo de obra que costuma atrasar; Meta espalhada por muitos meses; Projeto executivo não concluído";
ECOVIAS RIO MINAS;2025,0;planejado;16023,0;3.2.2;Q. Pontos de ônibus - SEGMENTO 8' - RJ;BR-116/RJ;Ponto de Ônibus (local a definir);8,2;;65,07;0;0,0;0,0;0,8612010417768414;True;"Meta espalhada por muitos meses; Projeto executivo não concluído; Tipo de obra que costuma atrasar";
ECOVIAS RIO MINAS;2025,0;planejado;16022,0;3.2.2;Q. Pontos de ônibus - SEGMENTO 8' - RJ;BR-116/RJ;Ponto de Ônibus (local a definir);8,2;;65,07;0;0,0;0,0;0,8612010417768414;True;"Meta espalhada por muitos meses; Projeto executivo não concluído; Tipo de obra que costuma atrasar";
ECOVIAS RIO MINAS;2025,0;planejado;16021,0;3.2.2;Q. Pontos de ônibus - SEGMENTO 8' - RJ;BR-116/RJ;Ponto de Ônibus (local a definir);8,2;;65,07;0;0,0;0,0;0,8612010417768414;True;"Meta espalhada por muitos meses; Projeto executivo não concluído; Tipo de obra que costuma atrasar";
ECOVIAS RIO MINAS;2025,0;planejado;15903,0;3.2.2;L. Acessos - SEGMENTO 8' - RJ;BR-116/RJ;Melhoria em Acesso (local a definir);8,2;;63,1;0;0,0;0,0;0,8612010417768414;True;"Tipo de obra que costuma atrasar; Meta espalhada por muitos meses; Projeto executivo não concluído";
ECOVIAS RIO MINAS;2025,0;planejado;15907,0;3.2.2;L. Acessos - SEGMENTO 8' - RJ;BR-116/RJ;Melhoria em Acesso (local a definir);8,2;;63,1;0;0,0;0,0;0,8612010417768414;True;"Tipo de obra que costuma atrasar; Meta espalhada por muitos meses; Projeto executivo não concluído";
ECOVIAS RIO MINAS;2025,0;planejado;15906,0;3.2.2;L. Acessos - SEGMENTO 8' - RJ;BR-116/RJ;Melhoria em Acesso (local a definir);8,2;;63,1;0;0,0;0,0;0,8612010417768414;True;"Tipo de obra que costuma atrasar; Meta espalhada por muitos meses; Projeto executivo não concluído";
ECOVIAS RIO MINAS;2025,0;planejado;15908,0;3.2.2;L. Acessos - SEGMENTO 8' - RJ;BR-116/RJ;Melhoria em Acesso (local a definir);8,2;;63,1;0;0,0;0,0;0,8612010417768414;True;"Tipo de obra que costuma atrasar; Meta espalhada por muitos meses; Projeto executivo não concluído";
ECOVIAS RIO MINAS;2025,0;planejado;15909,0;3.2.2;L. Acessos - SEGMENTO 8' - RJ;BR-116/RJ;Melhoria em Acesso (local a definir);8,2;;63,1;0;0,0;0,0;0,8612010417768414;True;"Tipo de obra que costuma atrasar; Meta espalhada por muitos meses; Projeto executivo não concluído";
ECOVIAS RIO MINAS;2025,0;planejado;15911,0;3.2.2;L. Acessos - SEGMENTO 8' - RJ;BR-116/RJ;Melhoria em Acesso (local a definir);8,2;;63,1;0;0,0;0,0;0,8612010417768414;True;"Tipo de obra que costuma atrasar; Meta espalhada por muitos meses; Projeto executivo não concluído";
ECOVIAS RIO MINAS;2025,0;planejado;15910,0;3.2.2;L. Acessos - SEGMENTO 8' - RJ;BR-116/RJ;Melhoria em Acesso (local a definir);8,2;;63,1;0;0,0;0,0;0,8612010417768414;True;"Tipo de obra que costuma atrasar; Meta espalhada por muitos meses; Projeto executivo não concluído";
ECOVIAS RIO MINAS;2025,0;planejado;15913,0;3.2.2;L. Acessos - SEGMENTO 8' - RJ;BR-116/RJ;Melhoria em Acesso (local a definir);8,2;;63,1;0;0,0;0,0;0,8612010417768414;True;"Tipo de obra que costuma atrasar; Meta espalhada por muitos meses; Projeto executivo não concluído";
ECOVIAS RIO MINAS;2025,0;planejado;15912,0;3.2.2;L. Acessos - SEGMENTO 8' - RJ;BR-116/RJ;Melhoria em Acesso (local a definir);8,2;;63,1;0;0,0;0,0;0,8612010417768414;True;"Tipo de obra que costuma atrasar; Meta espalhada por muitos meses; Projeto executivo não concluído";
ECOVIAS RIO MINAS;2025,0;planejado;15896,0;3.2.2;L. Acessos - SEGMENTO 8' - RJ;BR-116/RJ;Melhoria em Acesso (local a definir);8,2;;63,1;0;0,0;0,0;0,8612010417768414;True;"Tipo de obra que costuma atrasar; Meta espalhada por muitos meses; Projeto executivo não concluído";
ECOVIAS RIO MINAS;2025,0;planejado;15895,0;3.2.2;L. Acessos - SEGMENTO 8' - RJ;BR-116/RJ;Melhoria em Acesso (local a definir);8,2;;63,1;0;0,0;0,0;0,8612010417768414;True;"Tipo de obra que costuma atrasar; Meta espalhada por muitos meses; Projeto executivo não concluído";
ECOVIAS RIO MINAS;2025,0;planejado;15904,0;3.2.2;L. Acessos - SEGMENTO 8' - RJ;BR-116/RJ;Melhoria em Acesso (local a definir);8,2;;63,1;0;0,0;0,0;0,8612010417768414;True;"Tipo de obra que costuma atrasar; Meta espalhada por muitos meses; Projeto executivo não concluído";
ECOVIAS RIO MINAS;2025,0;planejado;16020,0;3.2.2;Q. Pontos de ônibus - SEGMENTO 8' - RJ;BR-116/RJ;Ponto de Ônibus (local a definir);8,2;;65,07;0;0,0;0,0;0,8612010417768414;True;"Meta espalhada por muitos meses; Projeto executivo não concluído; Tipo de obra que costuma atrasar";
ECOVIAS RIO MINAS;2025,0;planejado;16019,0;3.2.2;Q. Pontos de ônibus - SEGMENTO 8' - RJ;BR-116/RJ;Ponto de Ônibus (local a definir);8,2;;65,07;0;0,0;0,0;0,8612010417768414;True;"Meta espalhada por muitos meses; Projeto executivo não concluído; Tipo de obra que costuma atrasar";
ECOVIAS RIO MINAS;2025,0;planejado;15905,0;3.2.2;L. Acessos - SEGMENTO 8' - RJ;BR-116/RJ;Melhoria em Acesso (local a definir);8,2;;63,1;0;0,0;0,0;0,8612010417768414;True;"Tipo de obra que costuma atrasar; Meta espalhada por muitos meses; Projeto executivo não concluído";
ECOVIAS RIO MINAS;2025,0;planejado;15897,0;3.2.2;L. Acessos - SEGMENTO 8' - RJ;BR-116/RJ;Melhoria em Acesso (local a definir);8,2;;63,1;0;0,0;0,0;0,8612010417768414;True;"Tipo de obra que costuma atrasar; Meta espalhada por muitos meses; Projeto executivo não concluído";
ECOVIAS RIO MINAS;2025,0;planejado;16024,0;3.2.2;Q. Pontos de ônibus - SEGMENTO 8' - RJ;BR-116/RJ;Ponto de Ônibus (local a definir);8,2;;65,07;0;0,0;0,0;0,8612010417768414;True;"Meta espalhada por muitos meses; Projeto executivo não concluído; Tipo de obra que costuma atrasar";
ECOVIAS RIO MINAS;2025,0;planejado;16025,0;3.2.2;Q. Pontos de ônibus - SEGMENTO 8' - RJ;BR-116/RJ;Ponto de Ônibus (local a definir);8,2;;65,07;0;0,0;0,0;0,8612010417768414;True;"Meta espalhada por muitos meses; Projeto executivo não concluído; Tipo de obra que costuma atrasar";
ECOVIAS RIO MINAS;2025,0;planejado;16026,0;3.2.2;Q. Pontos de ônibus - SEGMENTO 8' - RJ;BR-116/RJ;Ponto de Ônibus (local a definir);8,2;;65,07;0;0,0;0,0;0,8612010417768414;True;"Meta espalhada por muitos meses; Projeto executivo não concluído; Tipo de obra que costuma atrasar";
ECOVIAS RIO MINAS;2025,0;planejado;16027,0;3.2.2;Q. Pontos de ônibus - SEGMENTO 8' - RJ;BR-116/RJ;Ponto de Ônibus (local a definir);8,2;;65,07;0;0,0;0,0;0,8612010417768414;True;"Meta espalhada por muitos meses; Projeto executivo não concluído; Tipo de obra que costuma atrasar";
ECOVIAS RIO MINAS;2025,0;planejado;16028,0;3.2.2;Q. Pontos de ônibus - SEGMENTO 8' - RJ;BR-116/RJ;Ponto de Ônibus (local a definir);8,2;;65,07;0;0,0;0,0;0,8612010417768414;True;"Meta espalhada por muitos meses; Projeto executivo não concluído; Tipo de obra que costuma atrasar";
ECOVIAS RIO MINAS;2025,0;planejado;16029,0;3.2.2;Q. Pontos de ônibus - SEGMENTO 8' - RJ;BR-116/RJ;Ponto de Ônibus (local a definir);8,2;;65,07;0;0,0;0,0;0,8612010417768414;True;"Meta espalhada por muitos meses; Projeto executivo não concluído; Tipo de obra que costuma atrasar";
ECOVIAS RIO MINAS;2025,0;planejado;16030,0;3.2.2;Q. Pontos de ônibus - SEGMENTO 8' - RJ;BR-116/RJ;Ponto de Ônibus (local a definir);8,2;;65,07;0;0,0;0,0;0,8612010417768414;True;"Meta espalhada por muitos meses; Projeto executivo não concluído; Tipo de obra que costuma atrasar";
ECOVIAS RIO MINAS;2025,0;planejado;16031,0;3.2.2;Q. Pontos de ônibus - SEGMENTO 8' - RJ;BR-116/RJ;Ponto de Ônibus (local a definir);8,2;;65,07;0;0,0;0,0;0,8612010417768414;True;"Meta espalhada por muitos meses; Projeto executivo não concluído; Tipo de obra que costuma atrasar";
ECOVIAS RIO MINAS;2025,0;planejado;16018,0;3.2.2;Q. Pontos de ônibus - SEGMENTO 8' - RJ;BR-116/RJ;Ponto de Ônibus (local a definir);8,2;;65,07;0;0,0;0,0;0,8612010417768414;True;"Meta espalhada por muitos meses; Projeto executivo não concluído; Tipo de obra que costuma atrasar";
ECOVIAS RIO MINAS;2025,0;planejado;4620,0;3.2.1;A. Implantação de duplicação;BR-116/MG;Duplicação de Trecho Rodoviário;8,312;;81,29;0;0,0;0,0;0,8585229988730955;True;"Meta espalhada por muitos meses; Projeto executivo não concluído; Tipo de obra que costuma atrasar";
PANTANAL;2025,0;em andamento;18242,0;3.2.2.B;Marginal - km 730,360 - 731,400 - D;BR-163/MS;Via Marginal;1,04;;100,0;11;77,6;12,21;0,8539648168036069;True;"Meta espalhada por muitos meses; Baixa execução no ano até agora; Tipo de obra que costuma atrasar";
ECOVIAS DO CERRADO;2026,0;planejado;13191,0;3.1.3;Alargamento e Adequação de OAE, Ponte sobre o Córrego Cerradão BR-364/GO;BR-364/GO;Recuperação ou Manutenção de Obra-de-Arte Especial;0,048;;34,65;0;0,0;0,0;0,8516005235048077;True;"Meta concentrada no fim do ano; Meta anual pequena (obra em fase inicial/final); Obra com muito avanço anterior";
ECOVIAS DO CERRADO;2026,0;planejado;13194,0;3.1.3;Reforço e Alargamento de OAE, Ponte Ribeirão dos Patos BR-365/MG;BR-365/MG;Recuperação ou Manutenção de Obra-de-Arte Especial;0,065;;25,25;0;0,0;0,0;0,8475835813158445;True;"Obra com muito avanço anterior; Meta anual pequena (obra em fase inicial/final); Meta concentrada no fim do ano";
NOVA 381;2026,0;em andamento;16137,0;3.2.1;C.Estabilização de Taludes da BR-381/MG;BR-381/MG;Recuperação de Terrapleno e Estrutura de Contenção;;;100,0;7;100,0;80,0;0,8467927340019966;True;"Obra com muito avanço anterior; Projeto executivo não concluído; Ausência de: taxa histórica de atraso da concessionária";
NOVA 381;2026,0;em andamento;16144,0;3.2.1;C.Estabilização de Taludes da BR-381/MG;BR-381/MG;Recuperação de Terrapleno e Estrutura de Contenção;;;100,0;7;76,25;18,25;0,845732794157485;True;"Projeto executivo não concluído; Baixa execução no ano até agora; Obra com muito avanço anterior";
ECOVIAS CAPIXABA;2025,0;em andamento;20823,0;3.2.2;F. Retornos em Nível – Tipo X ou Tipo U;BR-101/ES;Retorno em Nível;;;24,59;11;18,01;3,26;0,8392916341605948;True;"Meta concentrada no fim do ano; Tipo de obra que costuma atrasar; Meta anual pequena (obra em fase inicial/final)";
ECOVIAS RIO MINAS;2025,0;planejado;15881,0;3.2.2;L. Acessos - SEGMENTO 2 - MG;BR-116/MG;Melhoria em Acesso (local a definir);8,312;;100,0;0;0,0;0,0;0,8356964884131389;True;"Tipo de obra que costuma atrasar; Meta espalhada por muitos meses; Projeto executivo não concluído";
ECOVIAS RIO MINAS;2025,0;planejado;15882,0;3.2.2;L. Acessos - SEGMENTO 2 - MG;BR-116/MG;Melhoria em Acesso (local a definir);8,312;;100,0;0;0,0;0,0;0,8356964884131389;True;"Tipo de obra que costuma atrasar; Meta espalhada por muitos meses; Projeto executivo não concluído";
ECOVIAS RIO MINAS;2025,0;planejado;15883,0;3.2.2;L. Acessos - SEGMENTO 2 - MG;BR-116/MG;Melhoria em Acesso (local a definir);8,312;;100,0;0;0,0;0,0;0,8356964884131389;True;"Tipo de obra que costuma atrasar; Meta espalhada por muitos meses; Projeto executivo não concluído";
ECOVIAS RIO MINAS;2025,0;planejado;15884,0;3.2.2;L. Acessos - SEGMENTO 2 - MG;BR-116/MG;Melhoria em Acesso (local a definir);8,312;;100,0;0;0,0;0,0;0,8356964884131389;True;"Tipo de obra que costuma atrasar; Meta espalhada por muitos meses; Projeto executivo não concluído";
ECOVIAS DO CERRADO;2026,0;planejado;13189,0;3.1.3;Alargamento e Adequação de OAE, Ponte sobre o Rio Doce BR-364/GO;BR-364/GO;Recuperação ou Manutenção de Obra-de-Arte Especial;0,07;;23,6;0;0,0;0,0;0,8227986941972228;True;"Meta anual pequena (obra em fase inicial/final); Meta concentrada no fim do ano; Prazo previsto curto";
LITORAL PIONEIRO;2026,0;em andamento;5881,0;3.2.1.B;A. Faixas Adicionais - BR-277;BR-277/PR;Faixa Adicional;9,4;;100,0;5;20,67;32,04;0,8199974064267173;True;"Licenciamento ambiental pendente; Meta espalhada por muitos meses; Tipo de obra que costuma atrasar";
PANTANAL;2025,0;em andamento;18241,0;3.2.1.C;Faixa Adicional - km 115,040 - 115,620;BR-163/MS;Faixa Adicional;0,58;;100,0;11;73,9;7,36;0,8041262735167457;True;"Baixa execução no ano até agora; Tipo de obra que costuma atrasar; Meta concentrada no fim do ano";
PANTANAL;2025,0;em andamento;18247,0;3.2.2.I;Implantação Rotatória Alongada - km 456,700;BR-163/MS;Rotatória em Nível;;;100,0;11;78,4;18,13;0,8017262026375555;True;"Meta espalhada por muitos meses; Baixa execução no ano até agora; Tipo de obra que costuma atrasar";
PANTANAL;2025,0;em andamento;18269,0;3.2.2.K;Acessos;BR-163/MS;Melhoria em Acesso (local a definir);;;100,0;11;68,8;14,549999999999999;0,7851790449364854;True;"Tipo de obra que costuma atrasar; Meta concentrada no fim do ano; Baixa execução no ano até agora";
MOTIVA MINAS SP;2026,0;planejado;27911,0;3.2.1;A. Faixas Adicionais em Pista Dupla;BR-381/SP;Faixa Adicional;5,64;;4,92;0;0,0;0,0;0,7842447791084545;True;"Meta concentrada no fim do ano; Meta anual pequena (obra em fase inicial/final); Tipo de obra que costuma atrasar";
PANTANAL;2025,0;em andamento;18248,0;3.2.2.I;Implantação Rotatória Alongada - km 511,000;BR-163/MS;Rotatória em Nível;;;100,0;11;78,7;41,70000000000001;0,783406676235746;True;"Meta espalhada por muitos meses; Projeto executivo não concluído; Tipo de obra que costuma atrasar";
LITORAL PIONEIRO;2026,0;em andamento;6203,0;3.2.2.F;F. Diamante;BR-153/PR;Retorno em Desnível;;;100,0;5;19,25;8,65;0,7788937474390568;True;"Licenciamento ambiental pendente; Projeto executivo não concluído; Meta espalhada por muitos meses";
PANTANAL;2025,0;em andamento;18239,0;3.2.1.C;Faixa Adicional - km 28,700 - 31,240;BR-163/MS;Faixa Adicional;2,54;;100,0;11;72,3;38,97;0,776902404849143;True;"Meta espalhada por muitos meses; Tipo de obra que costuma atrasar; Meta concentrada no fim do ano";
ECOVIAS RIO MINAS;2025,0;planejado;4647,0;3.2.1;B. Implantação de Faixa Adicional;BR-116/RJ;Faixa Adicional;10,0;;3,0;0;0,0;0,0;0,7750389065720559;True;"Meta concentrada no fim do ano; Meta anual pequena (obra em fase inicial/final); Tipo de obra que costuma atrasar";
PANTANAL;2025,0;em andamento;18235,0;3.2.1.A;Duplicação - km 510,040 - 511,740;BR-163/MS;Duplicação de Trecho Rodoviário;1,7;;100,0;11;78,1;71,64000000000001;0,7729239378490941;True;"Meta espalhada por muitos meses; Projeto executivo não concluído; Tipo de obra que costuma atrasar";
PANTANAL;2025,0;em andamento;18236,0;3.2.1.A;Duplicação - km 626,220 - 628,580;BR-163/MS;Duplicação de Trecho Rodoviário;2,36;;100,0;11;76,3;53,29;0,769880564323402;True;"Meta espalhada por muitos meses; Projeto executivo não concluído; Tipo de obra que costuma atrasar";
AUTOPISTA LITORAL SUL;2026,0;planejado;12416,0;5.1.7.1;TREVO  EM DESNÍVEL COM ALÇAS - PARCIAL - BR 101/SC - km 109+200 (Trevo km 108,3);BR-101/SC;Retorno em Desnível;;1036863,4;29,05;0;0,0;0,0;0,7679249140883022;True;"Obra com muito avanço anterior; Meta concentrada no fim do ano; Meta anual pequena (obra em fase inicial/final)";
LITORAL PIONEIRO;2026,0;em andamento;5922,0;3.2.2.N;N. Ciclovias;BR-277/PR;Ciclovia;8,15;;100,0;5;8,4;16,660000000000004;0,7671833125112709;True;"Licenciamento ambiental pendente; Meta concentrada no fim do ano; Meta espalhada por muitos meses";
LITORAL PIONEIRO;2026,0;em andamento;6453,0;3.2.1.A;A. Duplicação - BR-153/PR;BR-153/PR;Duplicação de Trecho Rodoviário;42,0;;100,0;5;21,62;32,67;0,767166151256885;True;"Licenciamento ambiental pendente; Meta espalhada por muitos meses; Projeto executivo não concluído";
ECOVIAS RIO MINAS;2025,0;planejado;4912,0;3.2.2;B. Implantação de Vias Marginais;BR-116/RJ;Via Marginal;8,65;;72,9;0;0,0;0,0;0,7660317412439221;True;"Meta espalhada por muitos meses; Tipo de obra que costuma atrasar; Projeto executivo não concluído";
ECOVIAS RIO MINAS;2025,0;planejado;4911,0;3.2.2;B. Implantação de Vias Marginais;BR-116/RJ;Via Marginal;9,9;;74,04;0;0,0;0,0;0,7660317412439221;True;"Meta espalhada por muitos meses; Tipo de obra que costuma atrasar; Projeto executivo não concluído";
PANTANAL;2025,0;em andamento;18265,0;3.2.2.K;Acessos;BR-163/MS;Melhoria em Acesso (local a definir);;;100,0;11;68,8;7,36;0,7646069280734139;True;"Tipo de obra que costuma atrasar; Meta concentrada no fim do ano; Baixa execução no ano até agora";
PANTANAL;2025,0;em andamento;18268,0;3.2.2.K;Acessos;BR-163/MS;Melhoria em Acesso (local a definir);;;100,0;11;68,8;7,36;0,7646069280734139;True;"Tipo de obra que costuma atrasar; Meta concentrada no fim do ano; Baixa execução no ano até agora";
PANTANAL;2025,0;em andamento;18270,0;3.2.2.K;Acessos;BR-163/MS;Melhoria em Acesso (local a definir);;;100,0;11;68,8;10,95;0,7646069280734139;True;"Tipo de obra que costuma atrasar; Meta concentrada no fim do ano; Baixa execução no ano até agora";
PANTANAL;2025,0;em andamento;18246,0;3.2.2.H;Implantação Retorno em U - km 732,100;BR-163/MS;Meio Retorno em Nível;;;100,0;11;78,1;16,6;0,7640433891543849;True;"Meta espalhada por muitos meses; Baixa execução no ano até agora; Projeto executivo não concluído";
ECOVIAS CAPIXABA;2025,0;em andamento;20737,0;3.2.1;A. Duplicação Subtrecho C;BR-101/ES;Duplicação de Trecho Rodoviário;4,1;;8,14;11;7,2;6,39;0,7637153259048484;True;"Meta anual pequena (obra em fase inicial/final); Projeto executivo não concluído; Meta concentrada no fim do ano";
PANTANAL;2025,0;em andamento;18240,0;3.2.1.C;Faixa Adicional - km 80,600 - 81,370;BR-163/MS;Faixa Adicional;0,77;;100,0;11;72,6;33,06;0,7600292471077825;True;"Tipo de obra que costuma atrasar; Meta concentrada no fim do ano; Projeto executivo não concluído";
VIA ARAUCÁRIA;2026,0;planejado;15780,0;3.4.11.1;Fornecimento de veículos para o policiamento rodoviário estadual (BPRv) objeto desta concessão - Quantitativo Mínimo: 4 veículos;BR-277/PR;Veículos da Polícia Rodoviária Estadual;;;25,0;0;0,0;0,0;0,7586018931405073;True;"Meta concentrada no fim do ano; Meta anual pequena (obra em fase inicial/final); Obra com muito avanço anterior";
LITORAL PIONEIRO;2026,0;em andamento;6170,0;3.2.2.B;B. Vias Marginais;BR-277/PR;Via Marginal;2,2;;100,0;5;24,6;15,3;0,7553855729901535;True;"Meta espalhada por muitos meses; Tipo de obra que costuma atrasar; Projeto executivo não concluído";
PANTANAL;2025,0;em andamento;18260,0;3.2.2.K;Acessos;BR-163/MS;Melhoria em Acesso (local a definir);1,0;;100,0;11;68,8;7,36;0,7532135187849394;True;"Tipo de obra que costuma atrasar; Meta concentrada no fim do ano; Baixa execução no ano até agora";
LITORAL PIONEIRO;2026,0;em andamento;6168,0;3.2.2.B;B. Vias Marginais;BR-277/PR;Via Marginal;0,5;;100,0;5;24,6;14,74;0,7365398919451636;True;"Meta espalhada por muitos meses; Tipo de obra que costuma atrasar; Projeto executivo não concluído";
ECOVIAS DO CERRADO;2025,0;planejado;13734,0;3.2.1.4;Passarela em Pista Simples (Trecho Homogêneo 7) - Localização: Naveslândia;BR-364/GO;Passarela (local a definir);159,13;;20,0;0;0,0;0,0;0,7298685235499804;True;"Obra com muito avanço anterior; Obra extensa (km); Meta anual pequena (obra em fase inicial/final)";
ECOVIAS CAPIXABA;2025,0;em andamento;20824,0;3.2.2;F. Retornos em Nível – Tipo X ou Tipo U;BR-101/ES;Retorno em Nível;;;4,3;11;3,77;4,03;0,7250599021896129;True;"Meta anual pequena (obra em fase inicial/final); Tipo de obra que costuma atrasar; Projeto executivo não concluído";
ECOVIAS CAPIXABA;2025,0;em andamento;20825,0;3.2.2;F. Retornos em Nível – Tipo X ou Tipo U;BR-101/ES;Retorno em Nível;;;4,3;11;3,77;3,9800000000000004;0,7250599021896129;True;"Meta anual pequena (obra em fase inicial/final); Tipo de obra que costuma atrasar; Projeto executivo não concluído";
EPR IGUAÇU;2026,0;planejado;17717,0;3.4.11.2;Veículos da PRF (12 unidades, do 1º ao 4º ano,  sendo 3 un. (25%)  em cada ano concessão);BR-277/PR;Veículos da Polícia Rodoviária Federal;;;25,0;0;0,0;0,0;0,7221198517088262;True;"Meta concentrada no fim do ano; Meta anual pequena (obra em fase inicial/final); Obra com muito avanço anterior";3 unidades para o ano 02 3 unidades para o ano 02 3 unidades para o ano 02
WAY 262;2026,0;planejado;18388,0;3.4.11.2;Veiculo PRF - 4 unidades;BR-262/MG;Veículos da Polícia Rodoviária Federal;;;25,0;0;0,0;0,0;0,7221198517088262;True;"Meta concentrada no fim do ano; Meta anual pequena (obra em fase inicial/final); Obra com muito avanço anterior";
AUTOPISTA LITORAL SUL;2026,0;planejado;7018,0;1.2.5.1;Terraplenos e Estruturas de Contenção - BR-101/SC - Terraplenos - Passivos Ambientais Novos Trechos;BR-101/SC;Recuperação de Terrapleno e Estrutura de Contenção;;2990000,64;23,36;0;0,0;0,0;0,7196710957162464;True;"Obra com muito avanço anterior; Meta concentrada no fim do ano; Meta anual pequena (obra em fase inicial/final)";
ECOVIAS DO CERRADO;2025,0;planejado;13194,0;3.1.3;Reforço e Alargamento de OAE, Ponte Ribeirão dos Patos BR-365/MG;BR-365/MG;Recuperação ou Manutenção de Obra-de-Arte Especial;0,065;;58,75;0;0,0;0,0;0,7183021478942503;True;"Obra com muito avanço anterior; Prazo previsto curto; Meta anual pequena (obra em fase inicial/final)";Obra paralisada devido a elevação do Rio dos Patos Obra paralisada devido a elevação do Rio dos Patos
VIA SUL;2026,0;planejado;165,0;3.2.1.1;Duplicações - km 213+100 ao km 243+600 - Tio Hugo e Soledade Segmento - B;BR-386/RS;Duplicação de Trecho Rodoviário;30,5;;42,68;0;0,0;0,0;0,7167200631640348;True;"Obra com muito avanço anterior; Meta anual pequena (obra em fase inicial/final); Tipo de obra que costuma atrasar";
ECOVIAS RIO MINAS;2025,0;planejado;11345,0;3.2.2;K. Alças de Conexão - OAE EXPRESSA – (L. VERMELHA - BR-116 EXPRESSA);BR-116/RJ;Alça de Ligação em Desnível;165,0;;59,89;0;0,0;0,0;0,7134386070824105;True;"Obra extensa (km); Meta espalhada por muitos meses; Projeto executivo não concluído";
PANTANAL;2025,0;em andamento;18237,0;3.2.1.C;Faixa Adicional - km 7,760 - 9,530;BR-163/MS;Faixa Adicional;1,77;;100,0;11;75,10000000000001;93,23;0,7131294115807626;True;"Meta espalhada por muitos meses; Tipo de obra que costuma atrasar; Projeto executivo não concluído";
ECOVIAS DO CERRADO;2026,0;planejado;13732,0;3.2.1.4;Passarela em Pista Simples (Trecho Homogêneo 15) - Localização: Ituiutaba;BR-365/MG;Passarela (local a definir);750,7;;0,55;0;0,0;0,0;0,7119690774441884;True;"Obra extensa (km); Meta anual pequena (obra em fase inicial/final); Projeto executivo não concluído";
NOVA ROTA DO OESTE;2025,0;planejado;23687,0;3.4.12;Implantação de conectividade 4G ao longo do sistema rodoviário da BR-163/MT (km 000+000 ao km 855+500);BR-163;Sistema de Comunicação Wireless;;57001926,33;2,2;0;0,0;0,0;0,7119492484778133;True;"Meta concentrada no fim do ano; Meta anual pequena (obra em fase inicial/final); Projeto executivo não concluído";Obra Extra-PER
VIA SUL;2026,0;planejado;133,0;3.2.1.2;Interconexão Tipo Diamante - km 249+900 - Soledade ID-07;BR-386/RS;Interseção em Desnível;;;17,44;0;0,0;0,0;0,7093704250969082;True;"Obra com muito avanço anterior; Meta anual pequena (obra em fase inicial/final); Projeto executivo não concluído";
VIA SUL;2026,0;planejado;132,0;3.2.1.2;Interconexão Tipo Diamante - km 247+300 - Soledade ID-06;BR-386/RS;Interseção em Desnível;;;27,84;0;0,0;0,0;0,7093704250969082;True;"Obra com muito avanço anterior; Meta anual pequena (obra em fase inicial/final); Projeto executivo não concluído";
PANTANAL;2025,0;em andamento;18234,0;3.2.1.A;Duplicação - km 452,900 - 454,500;BR-163/MS;Duplicação de Trecho Rodoviário;1,6;;100,0;11;78,8;88,83;0,7081212444585289;True;"Meta espalhada por muitos meses; Projeto executivo não concluído; Tipo de obra que costuma atrasar";
VIA SUL;2026,0;planejado;2451,0;3.2.1.2;Iluminação em travessias urbanas - BR-386/RS - ID 10 ao ID 21.;BR-386/RS;Iluminação de Travessias Urbanas;43,9;;30,91;0;0,0;0,0;0,7070308292503121;True;"Obra com muito avanço anterior; Meta anual pequena (obra em fase inicial/final); Projeto executivo não concluído";
PANTANAL;2025,0;em andamento;18271,0;3.2.2.N;Passagem de Fauna;BR-163/MS;Passagem de Fauna;;;100,0;11;74,5;40,54;0,7064876681484095;True;"Projeto executivo não concluído; Meta concentrada no fim do ano; Prazo previsto curto";
VIA SUL;2026,0;planejado;2448,0;3.2.1.2;Iluminação em travessias urbanas - BR-101/RS ID 1 a 5.;BR-101/RS;Iluminação de Travessias Urbanas;13,9;;85,58;0;0,0;0,0;0,7058160343923908;True;"Obra com muito avanço anterior; Tipo de obra que costuma atrasar; Prazo previsto curto";
PANTANAL;2025,0;em andamento;21679,0;3.2.2.K;K. Acessos;BR-163/MS;Melhoria em Acesso (local a definir);;;100,0;11;68,8;7,36;0,7027358446004268;True;"Tipo de obra que costuma atrasar; Meta concentrada no fim do ano; Baixa execução no ano até agora";
ECOVIAS CAPIXABA;2025,0;em andamento;20871,0;3.2.2;H. OAE - Ponte Rio Itaperorama;BR-101/ES;Nova Obra-de-Arte Especial;0,0;;12,12;11;9,09;93,27000000000001;0,7019267707590545;True;"Obra com muito avanço anterior; Meta anual pequena (obra em fase inicial/final); Meta concentrada no fim do ano";
NOVA ROTA DO OESTE;2026,0;planejado;23687,0;3.4.12;Implantação de conectividade 4G ao longo do sistema rodoviário da BR-163/MT (km 000+000 ao km 855+500);BR-163;Sistema de Comunicação Wireless;;57001926,33;56,85;0;0,0;0,0;0,6996755411211271;True;"Observação cita questão judicial/regulatória; Projeto executivo não concluído; Meta concentrada no fim do ano";Obra Extra-PER - 17º Termo Aditivo Obra Extra-PER - 17º Termo Aditivo Obra Extra-PER - 17º Termo Aditivo
ECOVIAS RIO MINAS;2025,0;planejado;15857,0;3.2.2;L. Acessos - SEGMENTO 2 - RJ;BR-493/RJ;Melhoria em Acesso (local a definir);4,2;;74,34;0;0,0;0,0;0,6989524010256819;True;"Tipo de obra que costuma atrasar; Meta espalhada por muitos meses; Projeto executivo não concluído";
ECOVIAS RIO MINAS;2025,0;planejado;15860,0;3.2.2;L. Acessos - SEGMENTO 2 - RJ;BR-493/RJ;Melhoria em Acesso (local a definir);4,2;;74,34;0;0,0;0,0;0,6989524010256819;True;"Tipo de obra que costuma atrasar; Meta espalhada por muitos meses; Projeto executivo não concluído";
ECOVIAS RIO MINAS;2025,0;planejado;16050,0;3.2.2;Q. Pontos de ônibus - SEGMENTO 5' - RJ;BR-116/RJ;Ponto de Ônibus (local a definir);3,9;;64,9;0;0,0;0,0;0,6989524010256819;True;"Meta espalhada por muitos meses; Projeto executivo não concluído; Tipo de obra que costuma atrasar";
ECOVIAS RIO MINAS;2025,0;planejado;16051,0;3.2.2;Q. Pontos de ônibus - SEGMENTO 5' - RJ;BR-116/RJ;Ponto de Ônibus (local a definir);3,9;;64,9;0;0,0;0,0;0,6989524010256819;True;"Meta espalhada por muitos meses; Projeto executivo não concluído; Tipo de obra que costuma atrasar";
ECOVIAS RIO MINAS;2025,0;planejado;16068,0;3.2.2;Q. Pontos de ônibus - SEGMENTO 3' - RJ;BR-116/RJ;Ponto de Ônibus (local a definir);4,1;;64,7;0;0,0;0,0;0,6989524010256819;True;"Meta espalhada por muitos meses; Projeto executivo não concluído; Tipo de obra que costuma atrasar";
ECOVIAS RIO MINAS;2025,0;planejado;16069,0;3.2.2;Q. Pontos de ônibus - SEGMENTO 3' - RJ;BR-116/RJ;Ponto de Ônibus (local a definir);4,1;;64,7;0;0,0;0,0;0,6989524010256819;True;"Meta espalhada por muitos meses; Projeto executivo não concluído; Tipo de obra que costuma atrasar";
ECOVIAS RIO MINAS;2025,0;planejado;15862,0;3.2.2;L. Acessos - SEGMENTO 2 - RJ;BR-493/RJ;Melhoria em Acesso (local a definir);4,2;;74,34;0;0,0;0,0;0,6989524010256819;True;"Tipo de obra que costuma atrasar; Meta espalhada por muitos meses; Projeto executivo não concluído";
ECOVIAS RIO MINAS;2025,0;planejado;4943,0;3.2.2;B. Implantação de Vias Marginais;BR-493/RJ;Via Marginal;4,62;;73,03;0;0,0;0,0;0,6989524010256819;True;"Meta espalhada por muitos meses; Tipo de obra que costuma atrasar; Projeto executivo não concluído";
ECOVIAS RIO MINAS;2025,0;planejado;16063,0;3.2.2;Q. Pontos de ônibus - SEGMENTO 3' - RJ;BR-116/RJ;Ponto de Ônibus (local a definir);4,1;;64,7;0;0,0;0,0;0,6989524010256819;True;"Meta espalhada por muitos meses; Projeto executivo não concluído; Tipo de obra que costuma atrasar";
ECOVIAS RIO MINAS;2025,0;planejado;4655,0;3.2.1;B. Implantação de Faixa Adicional;BR-116/RJ;Faixa Adicional;4,1;;72,2;0;0,0;0,0;0,6989524010256819;True;"Meta espalhada por muitos meses; Tipo de obra que costuma atrasar; Projeto executivo não concluído";
ECOVIAS RIO MINAS;2025,0;planejado;16054,0;3.2.2;Q. Pontos de ônibus - SEGMENTO 5' - RJ;BR-116/RJ;Ponto de Ônibus (local a definir);3,9;;64,9;0;0,0;0,0;0,6989524010256819;True;"Meta espalhada por muitos meses; Projeto executivo não concluído; Tipo de obra que costuma atrasar";
ECOVIAS RIO MINAS;2025,0;planejado;16053,0;3.2.2;Q. Pontos de ônibus - SEGMENTO 5' - RJ;BR-116/RJ;Ponto de Ônibus (local a definir);3,9;;64,9;0;0,0;0,0;0,6989524010256819;True;"Meta espalhada por muitos meses; Projeto executivo não concluído; Tipo de obra que costuma atrasar";
ECOVIAS RIO MINAS;2025,0;planejado;15969,0;3.2.2;L. Acessos - SEGMENTO 3' - RJ;BR-116/RJ;Melhoria em Acesso (local a definir);4,1;;62,48;0;0,0;0,0;0,6989524010256819;True;"Tipo de obra que costuma atrasar; Meta espalhada por muitos meses; Projeto executivo não concluído";
ECOVIAS RIO MINAS;2025,0;planejado;15951,0;3.2.2;L. Acessos - SEGMENTO 5' - RJ;BR-116/RJ;Melhoria em Acesso (local a definir);3,9;;62,81;0;0,0;0,0;0,6989524010256819;True;"Tipo de obra que costuma atrasar; Meta espalhada por muitos meses; Projeto executivo não concluído";
ECOVIAS RIO MINAS;2025,0;planejado;15943,0;3.2.2;L. Acessos - SEGMENTO 5' - RJ;BR-116/RJ;Melhoria em Acesso (local a definir);3,9;;62,81;0;0,0;0,0;0,6989524010256819;True;"Tipo de obra que costuma atrasar; Meta espalhada por muitos meses; Projeto executivo não concluído";
ECOVIAS RIO MINAS;2025,0;planejado;15944,0;3.2.2;L. Acessos - SEGMENTO 5' - RJ;BR-116/RJ;Melhoria em Acesso (local a definir);3,9;;62,81;0;0,0;0,0;0,6989524010256819;True;"Tipo de obra que costuma atrasar; Meta espalhada por muitos meses; Projeto executivo não concluído";
ECOVIAS RIO MINAS;2025,0;planejado;15949,0;3.2.2;L. Acessos - SEGMENTO 5' - RJ;BR-116/RJ;Melhoria em Acesso (local a definir);3,9;;62,81;0;0,0;0,0;0,6989524010256819;True;"Tipo de obra que costuma atrasar; Meta espalhada por muitos meses; Projeto executivo não concluído";
ECOVIAS RIO MINAS;2025,0;planejado;15950,0;3.2.2;L. Acessos - SEGMENTO 5' - RJ;BR-116/RJ;Melhoria em Acesso (local a definir);3,9;;62,81;0;0,0;0,0;0,6989524010256819;True;"Tipo de obra que costuma atrasar; Meta espalhada por muitos meses; Projeto executivo não concluído";
ECOVIAS RIO MINAS;2025,0;planejado;15941,0;3.2.2;L. Acessos - SEGMENTO 6' - RJ;BR-116/RJ;Melhoria em Acesso (local a definir);4,1;;63,0;0;0,0;0,0;0,6989524010256819;True;"Tipo de obra que costuma atrasar; Meta espalhada por muitos meses; Projeto executivo não concluído";
ECOVIAS RIO MINAS;2025,0;planejado;15948,0;3.2.2;L. Acessos - SEGMENTO 5' - RJ;BR-116/RJ;Melhoria em Acesso (local a definir);3,9;;62,81;0;0,0;0,0;0,6989524010256819;True;"Tipo de obra que costuma atrasar; Meta espalhada por muitos meses; Projeto executivo não concluído";
ECOVIAS RIO MINAS;2025,0;planejado;15942,0;3.2.2;L. Acessos - SEGMENTO 5' - RJ;BR-116/RJ;Melhoria em Acesso (local a definir);3,9;;62,81;0;0,0;0,0;0,6989524010256819;True;"Tipo de obra que costuma atrasar; Meta espalhada por muitos meses; Projeto executivo não concluído";
ECOVIAS RIO MINAS;2025,0;planejado;4659,0;3.2.1;B. Implantação de Faixa Adicional;BR-116/RJ;Faixa Adicional;3,9;;67,0;0;0,0;0,0;0,6989524010256819;True;"Meta espalhada por muitos meses; Tipo de obra que costuma atrasar; Projeto executivo não concluído";
ECOVIAS RIO MINAS;2025,0;planejado;16062,0;3.2.2;Q. Pontos de ônibus - SEGMENTO 3' - RJ;BR-116/RJ;Ponto de Ônibus (local a definir);4,1;;64,7;0;0,0;0,0;0,6989524010256819;True;"Meta espalhada por muitos meses; Projeto executivo não concluído; Tipo de obra que costuma atrasar";
ECOVIAS RIO MINAS;2025,0;planejado;4660,0;3.2.1;B. Implantação de Faixa Adicional;BR-116/RJ;Faixa Adicional;3,9;;73,52;0;0,0;0,0;0,6989524010256819;True;"Meta espalhada por muitos meses; Tipo de obra que costuma atrasar; Projeto executivo não concluído";
ECOVIAS RIO MINAS;2025,0;planejado;16064,0;3.2.2;Q. Pontos de ônibus - SEGMENTO 3' - RJ;BR-116/RJ;Ponto de Ônibus (local a definir);4,1;;64,7;0;0,0;0,0;0,6989524010256819;True;"Meta espalhada por muitos meses; Projeto executivo não concluído; Tipo de obra que costuma atrasar";
ECOVIAS RIO MINAS;2025,0;planejado;16065,0;3.2.2;Q. Pontos de ônibus - SEGMENTO 3' - RJ;BR-116/RJ;Ponto de Ônibus (local a definir);4,1;;64,7;0;0,0;0,0;0,6989524010256819;True;"Meta espalhada por muitos meses; Projeto executivo não concluído; Tipo de obra que costuma atrasar";
ECOVIAS RIO MINAS;2025,0;planejado;16066,0;3.2.2;Q. Pontos de ônibus - SEGMENTO 3' - RJ;BR-116/RJ;Ponto de Ônibus (local a definir);4,1;;64,7;0;0,0;0,0;0,6989524010256819;True;"Meta espalhada por muitos meses; Projeto executivo não concluído; Tipo de obra que costuma atrasar";
ECOVIAS RIO MINAS;2025,0;planejado;16067,0;3.2.2;Q. Pontos de ônibus - SEGMENTO 3' - RJ;BR-116/RJ;Ponto de Ônibus (local a definir);4,1;;64,7;0;0,0;0,0;0,6989524010256819;True;"Meta espalhada por muitos meses; Projeto executivo não concluído; Tipo de obra que costuma atrasar";
ECOVIAS RIO MINAS;2025,0;planejado;16055,0;3.2.2;Q. Pontos de ônibus - SEGMENTO 5' - RJ;BR-116/RJ;Ponto de Ônibus (local a definir);3,9;;64,9;0;0,0;0,0;0,6989524010256819;True;"Meta espalhada por muitos meses; Projeto executivo não concluído; Tipo de obra que costuma atrasar";
ECOVIAS RIO MINAS;2025,0;planejado;15966,0;3.2.2;L. Acessos - SEGMENTO 3' - RJ;BR-116/RJ;Melhoria em Acesso (local a definir);4,1;;62,48;0;0,0;0,0;0,6989524010256819;True;"Tipo de obra que costuma atrasar; Meta espalhada por muitos meses; Projeto executivo não concluído";
ECOVIAS RIO MINAS;2025,0;planejado;15947,0;3.2.2;L. Acessos - SEGMENTO 5' - RJ;BR-116/RJ;Melhoria em Acesso (local a definir);3,9;;62,81;0;0,0;0,0;0,6989524010256819;True;"Tipo de obra que costuma atrasar; Meta espalhada por muitos meses; Projeto executivo não concluído";
ECOVIAS RIO MINAS;2025,0;planejado;15965,0;3.2.2;L. Acessos - SEGMENTO 3' - RJ;BR-116/RJ;Melhoria em Acesso (local a definir);4,1;;62,48;0;0,0;0,0;0,6989524010256819;True;"Tipo de obra que costuma atrasar; Meta espalhada por muitos meses; Projeto executivo não concluído";
ECOVIAS RIO MINAS;2025,0;planejado;15945,0;3.2.2;L. Acessos - SEGMENTO 5' - RJ;BR-116/RJ;Melhoria em Acesso (local a definir);3,9;;62,81;0;0,0;0,0;0,6989524010256819;True;"Tipo de obra que costuma atrasar; Meta espalhada por muitos meses; Projeto executivo não concluído";
ECOVIAS RIO MINAS;2025,0;planejado;15946,0;3.2.2;L. Acessos - SEGMENTO 5' - RJ;BR-116/RJ;Melhoria em Acesso (local a definir);3,9;;62,81;0;0,0;0,0;0,6989524010256819;True;"Tipo de obra que costuma atrasar; Meta espalhada por muitos meses; Projeto executivo não concluído";
ECOVIAS RIO MINAS;2025,0;planejado;15858,0;3.2.2;L. Acessos - SEGMENTO 2 - RJ;BR-493/RJ;Melhoria em Acesso (local a definir);4,2;;74,34;0;0,0;0,0;0,6989524010256819;True;"Tipo de obra que costuma atrasar; Meta espalhada por muitos meses; Projeto executivo não concluído";
ECOVIAS RIO MINAS;2025,0;planejado;15859,0;3.2.2;L. Acessos - SEGMENTO 2 - RJ;BR-493/RJ;Melhoria em Acesso (local a definir);4,2;;74,34;0;0,0;0,0;0,6989524010256819;True;"Tipo de obra que costuma atrasar; Meta espalhada por muitos meses; Projeto executivo não concluído";
ECOVIAS RIO MINAS;2025,0;planejado;15855,0;3.2.2;L. Acessos - SEGMENTO 2 - RJ;BR-493/RJ;Melhoria em Acesso (local a definir);4,2;;74,34;0;0,0;0,0;0,6989524010256819;True;"Tipo de obra que costuma atrasar; Meta espalhada por muitos meses; Projeto executivo não concluído";
ECOVIAS RIO MINAS;2025,0;planejado;15853,0;3.2.2;L. Acessos - SEGMENTO 2 - RJ;BR-493/RJ;Melhoria em Acesso (local a definir);4,2;;74,34;0;0,0;0,0;0,6989524010256819;True;"Tipo de obra que costuma atrasar; Meta espalhada por muitos meses; Projeto executivo não concluído";
ECOVIAS RIO MINAS;2025,0;planejado;15861,0;3.2.2;L. Acessos - SEGMENTO 2 - RJ;BR-493/RJ;Melhoria em Acesso (local a definir);4,2;;74,34;0;0,0;0,0;0,6989524010256819;True;"Tipo de obra que costuma atrasar; Meta espalhada por muitos meses; Projeto executivo não concluído";
ECOVIAS RIO MINAS;2025,0;planejado;15854,0;3.2.2;L. Acessos - SEGMENTO 2 - RJ;BR-493/RJ;Melhoria em Acesso (local a definir);4,2;;74,34;0;0,0;0,0;0,6989524010256819;True;"Tipo de obra que costuma atrasar; Meta espalhada por muitos meses; Projeto executivo não concluído";
ECOVIAS RIO MINAS;2025,0;planejado;15968,0;3.2.2;L. Acessos - SEGMENTO 3' - RJ;BR-116/RJ;Melhoria em Acesso (local a definir);4,1;;62,48;0;0,0;0,0;0,6989524010256819;True;"Tipo de obra que costuma atrasar; Meta espalhada por muitos meses; Projeto executivo não concluído";
ECOVIAS RIO MINAS;2025,0;planejado;15967,0;3.2.2;L. Acessos - SEGMENTO 3' - RJ;BR-116/RJ;Melhoria em Acesso (local a definir);4,1;;62,48;0;0,0;0,0;0,6989524010256819;True;"Tipo de obra que costuma atrasar; Meta espalhada por muitos meses; Projeto executivo não concluído";
ECOVIAS RIO MINAS;2025,0;planejado;15856,0;3.2.2;L. Acessos - SEGMENTO 2 - RJ;BR-493/RJ;Melhoria em Acesso (local a definir);4,2;;74,34;0;0,0;0,0;0,6989524010256819;True;"Tipo de obra que costuma atrasar; Meta espalhada por muitos meses; Projeto executivo não concluído";
ECOVIAS RIO MINAS;2025,0;planejado;16052,0;3.2.2;Q. Pontos de ônibus - SEGMENTO 5' - RJ;BR-116/RJ;Ponto de Ônibus (local a definir);3,9;;64,9;0;0,0;0,0;0,6989524010256819;True;"Meta espalhada por muitos meses; Projeto executivo não concluído; Tipo de obra que costuma atrasar";
ECOVIAS RIO MINAS;2025,0;planejado;15961,0;3.2.2;L. Acessos - SEGMENTO 3' - RJ;BR-116/RJ;Melhoria em Acesso (local a definir);4,1;;62,48;0;0,0;0,0;0,6989524010256819;True;"Tipo de obra que costuma atrasar; Meta espalhada por muitos meses; Projeto executivo não concluído";
ECOVIAS RIO MINAS;2025,0;planejado;15964,0;3.2.2;L. Acessos - SEGMENTO 3' - RJ;BR-116/RJ;Melhoria em Acesso (local a definir);4,1;;62,48;0;0,0;0,0;0,6989524010256819;True;"Tipo de obra que costuma atrasar; Meta espalhada por muitos meses; Projeto executivo não concluído";
ECOVIAS RIO MINAS;2025,0;planejado;15963,0;3.2.2;L. Acessos - SEGMENTO 3' - RJ;BR-116/RJ;Melhoria em Acesso (local a definir);4,1;;62,48;0;0,0;0,0;0,6989524010256819;True;"Tipo de obra que costuma atrasar; Meta espalhada por muitos meses; Projeto executivo não concluído";
ECOVIAS RIO MINAS;2025,0;planejado;15962,0;3.2.2;L. Acessos - SEGMENTO 3' - RJ;BR-116/RJ;Melhoria em Acesso (local a definir);4,1;;62,48;0;0,0;0,0;0,6989524010256819;True;"Tipo de obra que costuma atrasar; Meta espalhada por muitos meses; Projeto executivo não concluído";
ECOVIAS RIO MINAS;2025,0;planejado;15960,0;3.2.2;L. Acessos - SEGMENTO 3' - RJ;BR-116/RJ;Melhoria em Acesso (local a definir);4,1;;62,48;0;0,0;0,0;0,6989524010256819;True;"Tipo de obra que costuma atrasar; Meta espalhada por muitos meses; Projeto executivo não concluído";
ECOVIAS RIO MINAS;2025,0;planejado;15970,0;3.2.2;L. Acessos - SEGMENTO 3' - RJ;BR-116/RJ;Melhoria em Acesso (local a definir);4,1;;62,48;0;0,0;0,0;0,6989524010256819;True;"Tipo de obra que costuma atrasar; Meta espalhada por muitos meses; Projeto executivo não concluído";
ECOVIAS MINAS GOIÁS;2026,0;planejado;15291,0;3.2.1.2;Melhoria em Acesso - ID-4 - km 282,00 - Catalão;BR-050/GO;Melhoria em Acesso (local definido);;;21,8;0;0,0;0,0;0,6985521597971794;True;"Obra com muito avanço anterior; Meta anual pequena (obra em fase inicial/final); Projeto executivo não concluído";
ECOVIAS DO CERRADO;2026,0;planejado;13734,0;3.2.1.4;Passarela em Pista Simples (Trecho Homogêneo 7) - Localização: Naveslândia;BR-364/GO;Passarela (local a definir);159,13;;1,5;0;0,0;0,0;0,694241534459689;True;"Obra com muito avanço anterior; Meta anual pequena (obra em fase inicial/final); Obra extensa (km)";
PANTANAL;2025,0;em andamento;18238,0;3.2.1.C;Faixa Adicional - km 11,080 - 11,540;BR-163/MS;Faixa Adicional;0,46;;100,0;11;73,7;93,23999999999998;0,6923540887607579;True;"Meta espalhada por muitos meses; Tipo de obra que costuma atrasar; Meta concentrada no fim do ano";
ECOVIAS RIO MINAS;2025,0;planejado;25928,0;3.2.2;L. Acessos - SEGMENTO 9' - RJ;BR-116/RJ;Melhoria em Acesso (local a definir);7,5;;38,0;0;0,0;0,0;0,6840146999667431;True;"Tipo de obra que costuma atrasar; Meta anual pequena (obra em fase inicial/final); Prazo previsto curto";
ECOVIAS RIO MINAS;2025,0;planejado;25936,0;3.2.2;L. Acessos - SEGMENTO 9' - RJ;BR-116/RJ;Melhoria em Acesso (local a definir);7,5;;38,0;0;0,0;0,0;0,6840146999667431;True;"Tipo de obra que costuma atrasar; Meta anual pequena (obra em fase inicial/final); Prazo previsto curto";
ECOVIAS RIO MINAS;2025,0;planejado;25935,0;3.2.2;L. Acessos - SEGMENTO 9' - RJ;BR-116/RJ;Melhoria em Acesso (local a definir);7,5;;38,0;0;0,0;0,0;0,6840146999667431;True;"Tipo de obra que costuma atrasar; Meta anual pequena (obra em fase inicial/final); Prazo previsto curto";
ECOVIAS RIO MINAS;2025,0;planejado;25933,0;3.2.2;L. Acessos - SEGMENTO 9' - RJ;BR-116/RJ;Melhoria em Acesso (local a definir);7,5;;38,0;0;0,0;0,0;0,6840146999667431;True;"Tipo de obra que costuma atrasar; Meta anual pequena (obra em fase inicial/final); Prazo previsto curto";
ECOVIAS RIO MINAS;2025,0;planejado;25934,0;3.2.2;L. Acessos - SEGMENTO 9' - RJ;BR-116/RJ;Melhoria em Acesso (local a definir);7,5;;38,0;0;0,0;0,0;0,6840146999667431;True;"Tipo de obra que costuma atrasar; Meta anual pequena (obra em fase inicial/final); Prazo previsto curto";
ECOVIAS RIO MINAS;2025,0;planejado;25927,0;3.2.2;L. Acessos - SEGMENTO 9' - RJ;BR-116/RJ;Melhoria em Acesso (local a definir);7,5;;38,0;0;0,0;0,0;0,6840146999667431;True;"Tipo de obra que costuma atrasar; Meta anual pequena (obra em fase inicial/final); Prazo previsto curto";
ECOVIAS RIO MINAS;2025,0;planejado;25926,0;3.2.2;L. Acessos - SEGMENTO 9' - RJ;BR-116/RJ;Melhoria em Acesso (local a definir);7,5;;38,0;0;0,0;0,0;0,6840146999667431;True;"Tipo de obra que costuma atrasar; Meta anual pequena (obra em fase inicial/final); Prazo previsto curto";
ECOVIAS RIO MINAS;2025,0;planejado;25925,0;3.2.2;L. Acessos - SEGMENTO 9' - RJ;BR-116/RJ;Melhoria em Acesso (local a definir);7,5;;38,0;0;0,0;0,0;0,6840146999667431;True;"Tipo de obra que costuma atrasar; Meta anual pequena (obra em fase inicial/final); Prazo previsto curto";
ECOVIAS RIO MINAS;2025,0;planejado;25924,0;3.2.2;L. Acessos - SEGMENTO 9' - RJ;BR-116/RJ;Melhoria em Acesso (local a definir);7,5;;38,0;0;0,0;0,0;0,6840146999667431;True;"Tipo de obra que costuma atrasar; Meta anual pequena (obra em fase inicial/final); Prazo previsto curto";
ECOVIAS RIO MINAS;2025,0;planejado;25932,0;3.2.2;L. Acessos - SEGMENTO 9' - RJ;BR-116/RJ;Melhoria em Acesso (local a definir);7,5;;38,0;0;0,0;0,0;0,6840146999667431;True;"Tipo de obra que costuma atrasar; Meta anual pequena (obra em fase inicial/final); Prazo previsto curto";
ECOVIAS RIO MINAS;2025,0;planejado;25905,0;3.2.2;Q. Pontos de ônibus - SEGMENTO 9' - RJ;BR-116/RJ;Ponto de Ônibus (local a definir);7,5;;38,0;0;0,0;0,0;0,6840146999667431;True;"Meta anual pequena (obra em fase inicial/final); Tipo de obra que costuma atrasar; Prazo previsto curto";
ECOVIAS RIO MINAS;2025,0;planejado;25902,0;3.2.2;Q. Pontos de ônibus - SEGMENTO 9' - RJ;BR-116/RJ;Ponto de Ônibus (local a definir);7,5;;38,0;0;0,0;0,0;0,6840146999667431;True;"Meta anual pequena (obra em fase inicial/final); Tipo de obra que costuma atrasar; Prazo previsto curto";
ECOVIAS RIO MINAS;2025,0;planejado;25903,0;3.2.2;Q. Pontos de ônibus - SEGMENTO 9' - RJ;BR-116/RJ;Ponto de Ônibus (local a definir);7,5;;38,0;0;0,0;0,0;0,6840146999667431;True;"Meta anual pequena (obra em fase inicial/final); Tipo de obra que costuma atrasar; Prazo previsto curto";
ECOVIAS RIO MINAS;2025,0;planejado;25904,0;3.2.2;Q. Pontos de ônibus - SEGMENTO 9' - RJ;BR-116/RJ;Ponto de Ônibus (local a definir);7,5;;38,0;0;0,0;0,0;0,6840146999667431;True;"Meta anual pequena (obra em fase inicial/final); Tipo de obra que costuma atrasar; Prazo previsto curto";
ECOVIAS RIO MINAS;2025,0;planejado;25901,0;3.2.2;Q. Pontos de ônibus - SEGMENTO 9' - RJ;BR-116/RJ;Ponto de Ônibus (local a definir);7,5;;38,0;0;0,0;0,0;0,6840146999667431;True;"Meta anual pequena (obra em fase inicial/final); Tipo de obra que costuma atrasar; Prazo previsto curto";
ECOVIAS RIO MINAS;2025,0;planejado;25900,0;3.2.2;Q. Pontos de ônibus - SEGMENTO 9' - RJ;BR-116/RJ;Ponto de Ônibus (local a definir);7,5;;38,0;0;0,0;0,0;0,6840146999667431;True;"Meta anual pequena (obra em fase inicial/final); Tipo de obra que costuma atrasar; Prazo previsto curto";
ECOVIAS RIO MINAS;2025,0;planejado;25907,0;3.2.2;Q. Pontos de ônibus - SEGMENTO 9' - RJ;BR-116/RJ;Ponto de Ônibus (local a definir);7,5;;38,0;0;0,0;0,0;0,6840146999667431;True;"Meta anual pequena (obra em fase inicial/final); Tipo de obra que costuma atrasar; Prazo previsto curto";
ECOVIAS RIO MINAS;2025,0;planejado;25898,0;3.2.2;Q. Pontos de ônibus - SEGMENTO 9' - RJ;BR-116/RJ;Ponto de Ônibus (local a definir);7,5;;38,0;0;0,0;0,0;0,6840146999667431;True;"Meta anual pequena (obra em fase inicial/final); Tipo de obra que costuma atrasar; Prazo previsto curto";
ECOVIAS RIO MINAS;2025,0;planejado;25899,0;3.2.2;Q. Pontos de ônibus - SEGMENTO 9' - RJ;BR-116/RJ;Ponto de Ônibus (local a definir);7,5;;38,0;0;0,0;0,0;0,6840146999667431;True;"Meta anual pequena (obra em fase inicial/final); Tipo de obra que costuma atrasar; Prazo previsto curto";
ECOVIAS RIO MINAS;2025,0;planejado;25906,0;3.2.2;Q. Pontos de ônibus - SEGMENTO 9' - RJ;BR-116/RJ;Ponto de Ônibus (local a definir);7,5;;38,0;0;0,0;0,0;0,6840146999667431;True;"Meta anual pequena (obra em fase inicial/final); Tipo de obra que costuma atrasar; Prazo previsto curto";
ECOVIAS RIO MINAS;2025,0;planejado;25931,0;3.2.2;L. Acessos - SEGMENTO 9' - RJ;BR-116/RJ;Melhoria em Acesso (local a definir);7,5;;38,0;0;0,0;0,0;0,6840146999667431;True;"Tipo de obra que costuma atrasar; Meta anual pequena (obra em fase inicial/final); Prazo previsto curto";
ECOVIAS RIO MINAS;2025,0;planejado;25918,0;3.2.2;L. Acessos - SEGMENTO 9' - RJ;BR-116/RJ;Melhoria em Acesso (local a definir);7,5;;38,0;0;0,0;0,0;0,6840146999667431;True;"Tipo de obra que costuma atrasar; Meta anual pequena (obra em fase inicial/final); Prazo previsto curto";
ECOVIAS RIO MINAS;2025,0;planejado;25919,0;3.2.2;L. Acessos - SEGMENTO 9' - RJ;BR-116/RJ;Melhoria em Acesso (local a definir);7,5;;38,0;0;0,0;0,0;0,6840146999667431;True;"Tipo de obra que costuma atrasar; Meta anual pequena (obra em fase inicial/final); Prazo previsto curto";
ECOVIAS RIO MINAS;2025,0;planejado;25920,0;3.2.2;L. Acessos - SEGMENTO 9' - RJ;BR-116/RJ;Melhoria em Acesso (local a definir);7,5;;38,0;0;0,0;0,0;0,6840146999667431;True;"Tipo de obra que costuma atrasar; Meta anual pequena (obra em fase inicial/final); Prazo previsto curto";
ECOVIAS RIO MINAS;2025,0;planejado;25909,0;3.2.2;Q. Pontos de ônibus - SEGMENTO 9' - RJ;BR-116/RJ;Ponto de Ônibus (local a definir);7,5;;38,0;0;0,0;0,0;0,6840146999667431;True;"Meta anual pequena (obra em fase inicial/final); Tipo de obra que costuma atrasar; Prazo previsto curto";
ECOVIAS RIO MINAS;2025,0;planejado;25908,0;3.2.2;Q. Pontos de ônibus - SEGMENTO 9' - RJ;BR-116/RJ;Ponto de Ônibus (local a definir);7,5;;38,0;0;0,0;0,0;0,6840146999667431;True;"Meta anual pequena (obra em fase inicial/final); Tipo de obra que costuma atrasar; Prazo previsto curto";
ECOVIAS RIO MINAS;2025,0;planejado;25929,0;3.2.2;L. Acessos - SEGMENTO 9' - RJ;BR-116/RJ;Melhoria em Acesso (local a definir);7,5;;38,0;0;0,0;0,0;0,6840146999667431;True;"Tipo de obra que costuma atrasar; Meta anual pequena (obra em fase inicial/final); Prazo previsto curto";
ECOVIAS RIO MINAS;2025,0;planejado;25930,0;3.2.2;L. Acessos - SEGMENTO 9' - RJ;BR-116/RJ;Melhoria em Acesso (local a definir);7,5;;38,0;0;0,0;0,0;0,6840146999667431;True;"Tipo de obra que costuma atrasar; Meta anual pequena (obra em fase inicial/final); Prazo previsto curto";
ECOVIAS RIO MINAS;2025,0;planejado;25921,0;3.2.2;L. Acessos - SEGMENTO 9' - RJ;BR-116/RJ;Melhoria em Acesso (local a definir);7,5;;38,0;0;0,0;0,0;0,6840146999667431;True;"Tipo de obra que costuma atrasar; Meta anual pequena (obra em fase inicial/final); Prazo previsto curto";
ECOVIAS RIO MINAS;2025,0;planejado;25922,0;3.2.2;L. Acessos - SEGMENTO 9' - RJ;BR-116/RJ;Melhoria em Acesso (local a definir);7,5;;38,0;0;0,0;0,0;0,6840146999667431;True;"Tipo de obra que costuma atrasar; Meta anual pequena (obra em fase inicial/final); Prazo previsto curto";
ECOVIAS RIO MINAS;2025,0;planejado;25923,0;3.2.2;L. Acessos - SEGMENTO 9' - RJ;BR-116/RJ;Melhoria em Acesso (local a definir);7,5;;38,0;0;0,0;0,0;0,6840146999667431;True;"Tipo de obra que costuma atrasar; Meta anual pequena (obra em fase inicial/final); Prazo previsto curto";
ECOVIAS DO CERRADO;2025,0;planejado;13191,0;3.1.3;Alargamento e Adequação de OAE, Ponte sobre o Córrego Cerradão BR-364/GO;BR-364/GO;Recuperação ou Manutenção de Obra-de-Arte Especial;0,048;;74,8;0;0,0;0,0;0,6828087456461063;True;"Obra com muito avanço anterior; Meta espalhada por muitos meses; Prazo previsto curto";
VIA SUL;2026,0;planejado;155,0;3.2.1.2;Vias marginais - km 243,6 ao km 246,9 LD - Soledade ID - 4;BR-386/RS;Via Marginal;3,3;;32,55;0;0,0;0,0;0,682624877240088;True;"Obra com muito avanço anterior; Tipo de obra que costuma atrasar; Meta anual pequena (obra em fase inicial/final)";
AUTOPISTA FLUMINENSE;2026,0;em andamento;24448,0;3.2.1;A. Duplicação;BR-101/RJ;Duplicação de Trecho Rodoviário;1,68;;10,37;3;0,0;9,74;0,6807288819967925;True;"Meta anual pequena (obra em fase inicial/final); Projeto executivo não concluído; Tipo de obra que costuma atrasar";
ECOVIAS RIO MINAS;2025,0;planejado;15170,0;3.1.3;Implantação de passeio para pedestres em Ponte Magé – Km 119,55 da BR-116/RJ;BR-116/RJ;Recuperação ou Manutenção de Obra-de-Arte Especial;0,056;;100,0;0;0,0;0,0;0,6803265161192525;True;"Projeto executivo não concluído; Prazo previsto curto";
ECOVIAS RIO MINAS;2025,0;planejado;15171,0;3.1.3;Implantação de passeio para pedestres em Ponte sobre o Rio Magé – Km 119,58 da BR-116/RJ;BR-116/RJ;Recuperação ou Manutenção de Obra-de-Arte Especial;0,041;;100,0;0;0,0;0,0;0,6803265161192525;True;"Projeto executivo não concluído; Prazo previsto curto";
ECOVIAS RIO MINAS;2026,0;planejado;25899,0;3.2.2;Q. Pontos de ônibus - SEGMENTO 9' - RJ;BR-116/RJ;Ponto de Ônibus (local a definir);7,5;;62,0;0;0,0;0,0;0,6783260583481426;True;"Tipo de obra que costuma atrasar; Prazo previsto curto";
ECOVIAS RIO MINAS;2026,0;planejado;25907,0;3.2.2;Q. Pontos de ônibus - SEGMENTO 9' - RJ;BR-116/RJ;Ponto de Ônibus (local a definir);7,5;;62,0;0;0,0;0,0;0,6783260583481426;True;"Tipo de obra que costuma atrasar; Prazo previsto curto; Meta concentrada no fim do ano";
ECOVIAS RIO MINAS;2026,0;planejado;25906,0;3.2.2;Q. Pontos de ônibus - SEGMENTO 9' - RJ;BR-116/RJ;Ponto de Ônibus (local a definir);7,5;;62,0;0;0,0;0,0;0,6783260583481426;True;"Tipo de obra que costuma atrasar; Prazo previsto curto";
ECOVIAS RIO MINAS;2026,0;planejado;25905,0;3.2.2;Q. Pontos de ônibus - SEGMENTO 9' - RJ;BR-116/RJ;Ponto de Ônibus (local a definir);7,5;;62,0;0;0,0;0,0;0,6783260583481426;True;"Tipo de obra que costuma atrasar; Prazo previsto curto";
ECOVIAS RIO MINAS;2026,0;planejado;25898,0;3.2.2;Q. Pontos de ônibus - SEGMENTO 9' - RJ;BR-116/RJ;Ponto de Ônibus (local a definir);7,5;;62,0;0;0,0;0,0;0,6783260583481426;True;"Tipo de obra que costuma atrasar; Prazo previsto curto";
ECOVIAS RIO MINAS;2026,0;planejado;25903,0;3.2.2;Q. Pontos de ônibus - SEGMENTO 9' - RJ;BR-116/RJ;Ponto de Ônibus (local a definir);7,5;;62,0;0;0,0;0,0;0,6783260583481426;True;"Tipo de obra que costuma atrasar; Prazo previsto curto";
ECOVIAS RIO MINAS;2026,0;planejado;25902,0;3.2.2;Q. Pontos de ônibus - SEGMENTO 9' - RJ;BR-116/RJ;Ponto de Ônibus (local a definir);7,5;;62,0;0;0,0;0,0;0,6783260583481426;True;"Tipo de obra que costuma atrasar; Prazo previsto curto";
ECOVIAS RIO MINAS;2026,0;planejado;25901,0;3.2.2;Q. Pontos de ônibus - SEGMENTO 9' - RJ;BR-116/RJ;Ponto de Ônibus (local a definir);7,5;;62,0;0;0,0;0,0;0,6783260583481426;True;"Tipo de obra que costuma atrasar; Prazo previsto curto";
ECOVIAS RIO MINAS;2026,0;planejado;25900,0;3.2.2;Q. Pontos de ônibus - SEGMENTO 9' - RJ;BR-116/RJ;Ponto de Ônibus (local a definir);7,5;;62,0;0;0,0;0,0;0,6783260583481426;True;"Tipo de obra que costuma atrasar; Prazo previsto curto";
ECOVIAS RIO MINAS;2026,0;planejado;25909,0;3.2.2;Q. Pontos de ônibus - SEGMENTO 9' - RJ;BR-116/RJ;Ponto de Ônibus (local a definir);7,5;;62,0;0;0,0;0,0;0,6783260583481426;True;"Tipo de obra que costuma atrasar; Prazo previsto curto";
ECOVIAS RIO MINAS;2026,0;planejado;25908,0;3.2.2;Q. Pontos de ônibus - SEGMENTO 9' - RJ;BR-116/RJ;Ponto de Ônibus (local a definir);7,5;;62,0;0;0,0;0,0;0,6783260583481426;True;"Tipo de obra que costuma atrasar; Prazo previsto curto";
ECOVIAS RIO MINAS;2026,0;planejado;25923,0;3.2.2;L. Acessos - SEGMENTO 9' - RJ;BR-116/RJ;Melhoria em Acesso (local a definir);7,5;;62,0;0;0,0;0,0;0,6783260583481426;True;"Tipo de obra que costuma atrasar; Prazo previsto curto";
ECOVIAS RIO MINAS;2026,0;planejado;25922,0;3.2.2;L. Acessos - SEGMENTO 9' - RJ;BR-116/RJ;Melhoria em Acesso (local a definir);7,5;;62,0;0;0,0;0,0;0,6783260583481426;True;"Tipo de obra que costuma atrasar; Prazo previsto curto";
ECOVIAS RIO MINAS;2026,0;planejado;25921,0;3.2.2;L. Acessos - SEGMENTO 9' - RJ;BR-116/RJ;Melhoria em Acesso (local a definir);7,5;;62,0;0;0,0;0,0;0,6783260583481426;True;"Tipo de obra que costuma atrasar; Prazo previsto curto";
ECOVIAS RIO MINAS;2026,0;planejado;25920,0;3.2.2;L. Acessos - SEGMENTO 9' - RJ;BR-116/RJ;Melhoria em Acesso (local a definir);7,5;;62,0;0;0,0;0,0;0,6783260583481426;True;"Tipo de obra que costuma atrasar; Prazo previsto curto";
ECOVIAS RIO MINAS;2026,0;planejado;25919,0;3.2.2;L. Acessos - SEGMENTO 9' - RJ;BR-116/RJ;Melhoria em Acesso (local a definir);7,5;;62,0;0;0,0;0,0;0,6783260583481426;True;"Tipo de obra que costuma atrasar; Prazo previsto curto";
ECOVIAS RIO MINAS;2026,0;planejado;25918,0;3.2.2;L. Acessos - SEGMENTO 9' - RJ;BR-116/RJ;Melhoria em Acesso (local a definir);7,5;;62,0;0;0,0;0,0;0,6783260583481426;True;"Tipo de obra que costuma atrasar; Prazo previsto curto; Meta concentrada no fim do ano";
ECOVIAS RIO MINAS;2026,0;planejado;25931,0;3.2.2;L. Acessos - SEGMENTO 9' - RJ;BR-116/RJ;Melhoria em Acesso (local a definir);7,5;;62,0;0;0,0;0,0;0,6783260583481426;True;"Tipo de obra que costuma atrasar; Prazo previsto curto";
ECOVIAS RIO MINAS;2026,0;planejado;25930,0;3.2.2;L. Acessos - SEGMENTO 9' - RJ;BR-116/RJ;Melhoria em Acesso (local a definir);7,5;;62,0;0;0,0;0,0;0,6783260583481426;True;"Tipo de obra que costuma atrasar; Prazo previsto curto";
ECOVIAS RIO MINAS;2026,0;planejado;25929,0;3.2.2;L. Acessos - SEGMENTO 9' - RJ;BR-116/RJ;Melhoria em Acesso (local a definir);7,5;;62,0;0;0,0;0,0;0,6783260583481426;True;"Tipo de obra que costuma atrasar; Prazo previsto curto";
ECOVIAS RIO MINAS;2026,0;planejado;25904,0;3.2.2;Q. Pontos de ônibus - SEGMENTO 9' - RJ;BR-116/RJ;Ponto de Ônibus (local a definir);7,5;;62,0;0;0,0;0,0;0,6783260583481426;True;"Tipo de obra que costuma atrasar; Prazo previsto curto";
ECOVIAS RIO MINAS;2026,0;planejado;25933,0;3.2.2;L. Acessos - SEGMENTO 9' - RJ;BR-116/RJ;Melhoria em Acesso (local a definir);7,5;;62,0;0;0,0;0,0;0,6783260583481426;True;"Tipo de obra que costuma atrasar; Prazo previsto curto";
ECOVIAS RIO MINAS;2026,0;planejado;25932,0;3.2.2;L. Acessos - SEGMENTO 9' - RJ;BR-116/RJ;Melhoria em Acesso (local a definir);7,5;;62,0;0;0,0;0,0;0,6783260583481426;True;"Tipo de obra que costuma atrasar; Prazo previsto curto";
ECOVIAS RIO MINAS;2026,0;planejado;25934,0;3.2.2;L. Acessos - SEGMENTO 9' - RJ;BR-116/RJ;Melhoria em Acesso (local a definir);7,5;;62,0;0;0,0;0,0;0,6783260583481426;True;"Tipo de obra que costuma atrasar; Prazo previsto curto";
ECOVIAS RIO MINAS;2026,0;planejado;25935,0;3.2.2;L. Acessos - SEGMENTO 9' - RJ;BR-116/RJ;Melhoria em Acesso (local a definir);7,5;;62,0;0;0,0;0,0;0,6783260583481426;True;"Tipo de obra que costuma atrasar; Prazo previsto curto";
ECOVIAS RIO MINAS;2026,0;planejado;25924,0;3.2.2;L. Acessos - SEGMENTO 9' - RJ;BR-116/RJ;Melhoria em Acesso (local a definir);7,5;;62,0;0;0,0;0,0;0,6783260583481426;True;"Tipo de obra que costuma atrasar; Prazo previsto curto";
ECOVIAS RIO MINAS;2026,0;planejado;25936,0;3.2.2;L. Acessos - SEGMENTO 9' - RJ;BR-116/RJ;Melhoria em Acesso (local a definir);7,5;;62,0;0;0,0;0,0;0,6783260583481426;True;"Tipo de obra que costuma atrasar; Prazo previsto curto";
ECOVIAS RIO MINAS;2026,0;planejado;25925,0;3.2.2;L. Acessos - SEGMENTO 9' - RJ;BR-116/RJ;Melhoria em Acesso (local a definir);7,5;;62,0;0;0,0;0,0;0,6783260583481426;True;"Tipo de obra que costuma atrasar; Prazo previsto curto";
ECOVIAS RIO MINAS;2026,0;planejado;25926,0;3.2.2;L. Acessos - SEGMENTO 9' - RJ;BR-116/RJ;Melhoria em Acesso (local a definir);7,5;;62,0;0;0,0;0,0;0,6783260583481426;True;"Tipo de obra que costuma atrasar; Prazo previsto curto";
ECOVIAS RIO MINAS;2026,0;planejado;25927,0;3.2.2;L. Acessos - SEGMENTO 9' - RJ;BR-116/RJ;Melhoria em Acesso (local a definir);7,5;;62,0;0;0,0;0,0;0,6783260583481426;True;"Tipo de obra que costuma atrasar; Prazo previsto curto";
ECOVIAS RIO MINAS;2026,0;planejado;25928,0;3.2.2;L. Acessos - SEGMENTO 9' - RJ;BR-116/RJ;Melhoria em Acesso (local a definir);7,5;;62,0;0;0,0;0,0;0,6783260583481426;True;"Tipo de obra que costuma atrasar; Prazo previsto curto";
ECOVIAS RIO MINAS;2025,0;planejado;15852,0;3.2.2;L. Acessos - SEGMENTO 3 - RJ;BR-493/RJ;Melhoria em Acesso (local a definir);5,9;;74,43;0;0,0;0,0;0,6774393867876722;True;"Tipo de obra que costuma atrasar; Meta espalhada por muitos meses; Projeto executivo não concluído";
ECOVIAS RIO MINAS;2025,0;planejado;15849,0;3.2.2;L. Acessos - SEGMENTO 3 - RJ;BR-493/RJ;Melhoria em Acesso (local a definir);5,9;;74,43;0;0,0;0,0;0,6774393867876722;True;"Tipo de obra que costuma atrasar; Meta espalhada por muitos meses; Projeto executivo não concluído";
ECOVIAS RIO MINAS;2025,0;planejado;15848,0;3.2.2;L. Acessos - SEGMENTO 3 - RJ;BR-493/RJ;Melhoria em Acesso (local a definir);5,9;;74,43;0;0,0;0,0;0,6774393867876722;True;"Tipo de obra que costuma atrasar; Meta espalhada por muitos meses; Projeto executivo não concluído";
ECOVIAS RIO MINAS;2025,0;planejado;15851,0;3.2.2;L. Acessos - SEGMENTO 3 - RJ;BR-493/RJ;Melhoria em Acesso (local a definir);5,9;;74,43;0;0,0;0,0;0,6774393867876722;True;"Tipo de obra que costuma atrasar; Meta espalhada por muitos meses; Projeto executivo não concluído";
ECOVIAS RIO MINAS;2025,0;planejado;4665,0;3.2.1;B. Implantação de Faixa Adicional;BR-116/RJ;Faixa Adicional;6,35;;73,52;0;0,0;0,0;0,6774393867876722;True;"Meta espalhada por muitos meses; Tipo de obra que costuma atrasar; Projeto executivo não concluído";
ECOVIAS RIO MINAS;2025,0;planejado;4666,0;3.2.1;B. Implantação de Faixa Adicional;BR-116/RJ;Faixa Adicional;6,35;;69,95;0;0,0;0,0;0,6774393867876722;True;"Meta espalhada por muitos meses; Tipo de obra que costuma atrasar; Projeto executivo não concluído";
ECOVIAS RIO MINAS;2025,0;planejado;4640,0;3.2.1;A. Implantação de duplicação;BR-493/RJ;Duplicação de Trecho Rodoviário;5,814;;73,21;0;0,0;0,0;0,6774393867876722;True;"Meta espalhada por muitos meses; Projeto executivo não concluído; Tipo de obra que costuma atrasar";
ECOVIAS RIO MINAS;2025,0;planejado;15850,0;3.2.2;L. Acessos - SEGMENTO 3 - RJ;BR-493/RJ;Melhoria em Acesso (local a definir);5,9;;74,43;0;0,0;0,0;0,6774393867876722;True;"Tipo de obra que costuma atrasar; Meta espalhada por muitos meses; Projeto executivo não concluído";
NOVA ROTA DO OESTE;2026,0;planejado;22162,0;3.2.1.2;Área de Escape - Serra São Vicente;BR-163;Área de Escape;1,0;9643513,2;64,0;0;0,0;0,0;0,6767812640708882;True;"Observação cita questão judicial/regulatória; Meta espalhada por muitos meses; Meta concentrada no fim do ano";Obra Extra-PER - 17º Termo Aditivo Obra Extra-PER - 17º Termo Aditivo Obra Extra-PER - 17º Termo Aditivo
LITORAL PIONEIRO;2026,0;em andamento;5880,0;3.2.1.B;A. Faixas Adicionais - BR-277;BR-277/PR;Faixa Adicional;9,4;;100,0;5;19,360000000000003;38,08;0,6729986592540417;True;"Licenciamento ambiental pendente; Meta espalhada por muitos meses; Tipo de obra que costuma atrasar";
VIA ARAUCÁRIA;2026,0;planejado;15779,0;3.4.11.1;Fornecimento de veículos para o policiamento rodoviário federal objeto desta concessão - Quantitativo Mínimo: 8 veículos;BR-277/PR;Veículos da Polícia Rodoviária Federal;;;25,0;0;0,0;0,0;0,6715704091740116;True;"Meta concentrada no fim do ano; Meta anual pequena (obra em fase inicial/final); Obra com muito avanço anterior";
PANTANAL;2025,0;em andamento;18252,0;3.2.2.K;Acessos;BR-163/MS;Melhoria em Acesso (local a definir);;;100,0;11;68,8;91,9;0,6674206323515445;True;"Tipo de obra que costuma atrasar; Meta concentrada no fim do ano; Projeto executivo não concluído";
ECOVIAS DO CERRADO;2026,0;planejado;7104,0;3.2.1.4;Vias Marginais Trecho 15;BR-365/MG;Via Marginal;0,6;;1,2;0;0,0;0,0;0,6657629314175673;True;"Obra com muito avanço anterior; Meta anual pequena (obra em fase inicial/final); Tipo de obra que costuma atrasar";
VIA SUL;2026,0;planejado;158,0;3.2.1.2;Retorno em Nivel - km 267+500 - Fontoura Xavier ID-17;BR-386/RS;Retorno em Nível;;;37,97;0;0,0;0,0;0,662367825385196;True;"Obra com muito avanço anterior; Tipo de obra que costuma atrasar; Projeto executivo não concluído";
PANTANAL;2025,0;em andamento;21209,0;3.2.1;A. Duplicação;BR-163/MS;Duplicação de Trecho Rodoviário;10,8;;45,82;11;38,879999999999995;31,62;0,662244795115914;True;"Obra com muito avanço anterior; Meta espalhada por muitos meses; Tipo de obra que costuma atrasar";
ECOVIAS RIO MINAS;2025,0;planejado;15888,0;3.2.2;L. Acessos - SEGMENTO 1 - MG;BR-116/MG;Melhoria em Acesso (local a definir);4,203;;100,0;0;0,0;0,0;0,6605593927643574;True;"Tipo de obra que costuma atrasar; Meta espalhada por muitos meses; Projeto executivo não concluído";
ECOVIAS RIO MINAS;2025,0;planejado;15887,0;3.2.2;L. Acessos - SEGMENTO 1 - MG;BR-116/MG;Melhoria em Acesso (local a definir);4,203;;100,0;0;0,0;0,0;0,6605593927643574;True;"Tipo de obra que costuma atrasar; Meta espalhada por muitos meses; Projeto executivo não concluído";
ECOVIAS RIO MINAS;2025,0;planejado;15886,0;3.2.2;L. Acessos - SEGMENTO 1 - MG;BR-116/MG;Melhoria em Acesso (local a definir);4,203;;100,0;0;0,0;0,0;0,6605593927643574;True;"Tipo de obra que costuma atrasar; Meta espalhada por muitos meses; Projeto executivo não concluído";
ECOVIAS RIO MINAS;2025,0;planejado;16012,0;3.2.2;Q. Pontos de ônibus - SEGMENTO 1 - MG;BR-116/MG;Ponto de Ônibus (local a definir);4,203;;100,0;0;0,0;0,0;0,6605593927643574;True;"Meta espalhada por muitos meses; Projeto executivo não concluído; Tipo de obra que costuma atrasar";
ECOVIAS RIO MINAS;2025,0;planejado;15890,0;3.2.2;L. Acessos - SEGMENTO 1 - MG;BR-116/MG;Melhoria em Acesso (local a definir);4,203;;100,0;0;0,0;0,0;0,6605593927643574;True;"Tipo de obra que costuma atrasar; Meta espalhada por muitos meses; Projeto executivo não concluído";
ECOVIAS RIO MINAS;2025,0;planejado;15889,0;3.2.2;L. Acessos - SEGMENTO 1 - MG;BR-116/MG;Melhoria em Acesso (local a definir);4,203;;100,0;0;0,0;0,0;0,6605593927643574;True;"Tipo de obra que costuma atrasar; Meta espalhada por muitos meses; Projeto executivo não concluído";
ECOVIAS RIO MINAS;2025,0;planejado;15891,0;3.2.2;L. Acessos - SEGMENTO 1 - MG;BR-116/MG;Melhoria em Acesso (local a definir);4,203;;100,0;0;0,0;0,0;0,6605593927643574;True;"Tipo de obra que costuma atrasar; Meta espalhada por muitos meses; Projeto executivo não concluído";
ECOVIAS RIO MINAS;2025,0;planejado;15892,0;3.2.2;L. Acessos - SEGMENTO 1 - MG;BR-116/MG;Melhoria em Acesso (local a definir);4,203;;100,0;0;0,0;0,0;0,6605593927643574;True;"Tipo de obra que costuma atrasar; Meta espalhada por muitos meses; Projeto executivo não concluído";
ECOVIAS RIO MINAS;2025,0;planejado;15885,0;3.2.2;L. Acessos - SEGMENTO 1 - MG;BR-116/MG;Melhoria em Acesso (local a definir);4,203;;100,0;0;0,0;0,0;0,6605593927643574;True;"Tipo de obra que costuma atrasar; Meta espalhada por muitos meses; Projeto executivo não concluído";
ECOVIAS RIO MINAS;2025,0;planejado;15992,0;3.2.2;Q. Pontos de ônibus - SEGMENTO 2 - RJ;BR-493/RJ;Ponto de Ônibus (local a definir);4,2;;100,0;0;0,0;0,0;0,6605593927643574;True;"Meta espalhada por muitos meses; Projeto executivo não concluído; Tipo de obra que costuma atrasar";
ECOVIAS RIO MINAS;2025,0;planejado;15993,0;3.2.2;Q. Pontos de ônibus - SEGMENTO 2 - RJ;BR-493/RJ;Ponto de Ônibus (local a definir);4,2;;100,0;0;0,0;0,0;0,6605593927643574;True;"Meta espalhada por muitos meses; Projeto executivo não concluído; Tipo de obra que costuma atrasar";
ECOVIAS RIO MINAS;2025,0;planejado;15994,0;3.2.2;Q. Pontos de ônibus - SEGMENTO 2 - RJ;BR-493/RJ;Ponto de Ônibus (local a definir);4,2;;100,0;0;0,0;0,0;0,6605593927643574;True;"Meta espalhada por muitos meses; Projeto executivo não concluído; Tipo de obra que costuma atrasar";
ECOVIAS RIO MINAS;2025,0;planejado;16017,0;3.2.2;Q. Pontos de ônibus - SEGMENTO 1 - MG;BR-116/MG;Ponto de Ônibus (local a definir);4,203;;100,0;0;0,0;0,0;0,6605593927643574;True;"Meta espalhada por muitos meses; Projeto executivo não concluído; Tipo de obra que costuma atrasar";
ECOVIAS RIO MINAS;2025,0;planejado;15991,0;3.2.2;Q. Pontos de ônibus - SEGMENTO 2 - RJ;BR-493/RJ;Ponto de Ônibus (local a definir);4,2;;100,0;0;0,0;0,0;0,6605593927643574;True;"Meta espalhada por muitos meses; Projeto executivo não concluído; Tipo de obra que costuma atrasar";
ECOVIAS RIO MINAS;2025,0;planejado;16016,0;3.2.2;Q. Pontos de ônibus - SEGMENTO 1 - MG;BR-116/MG;Ponto de Ônibus (local a definir);4,203;;100,0;0;0,0;0,0;0,6605593927643574;True;"Meta espalhada por muitos meses; Projeto executivo não concluído; Tipo de obra que costuma atrasar";
ECOVIAS RIO MINAS;2025,0;planejado;16014,0;3.2.2;Q. Pontos de ônibus - SEGMENTO 1 - MG;BR-116/MG;Ponto de Ônibus (local a definir);4,203;;100,0;0;0,0;0,0;0,6605593927643574;True;"Meta espalhada por muitos meses; Projeto executivo não concluído; Tipo de obra que costuma atrasar";
ECOVIAS RIO MINAS;2025,0;planejado;15995,0;3.2.2;Q. Pontos de ônibus - SEGMENTO 2 - RJ;BR-493/RJ;Ponto de Ônibus (local a definir);4,2;;100,0;0;0,0;0,0;0,6605593927643574;True;"Meta espalhada por muitos meses; Projeto executivo não concluído; Tipo de obra que costuma atrasar";
ECOVIAS RIO MINAS;2025,0;planejado;16013,0;3.2.2;Q. Pontos de ônibus - SEGMENTO 1 - MG;BR-116/MG;Ponto de Ônibus (local a definir);4,203;;100,0;0;0,0;0,0;0,6605593927643574;True;"Meta espalhada por muitos meses; Projeto executivo não concluído; Tipo de obra que costuma atrasar";
ECOVIAS RIO MINAS;2025,0;planejado;15990,0;3.2.2;Q. Pontos de ônibus - SEGMENTO 2 - RJ;BR-493/RJ;Ponto de Ônibus (local a definir);4,2;;100,0;0;0,0;0,0;0,6605593927643574;True;"Meta espalhada por muitos meses; Projeto executivo não concluído; Tipo de obra que costuma atrasar";
ECOVIAS RIO MINAS;2025,0;planejado;16015,0;3.2.2;Q. Pontos de ônibus - SEGMENTO 1 - MG;BR-116/MG;Ponto de Ônibus (local a definir);4,203;;100,0;0;0,0;0,0;0,6605593927643574;True;"Meta espalhada por muitos meses; Projeto executivo não concluído; Tipo de obra que costuma atrasar";
ECOVIAS RIO MINAS;2025,0;planejado;15997,0;3.2.2;Q. Pontos de ônibus - SEGMENTO 2 - RJ;BR-493/RJ;Ponto de Ônibus (local a definir);4,2;;100,0;0;0,0;0,0;0,6605593927643574;True;"Meta espalhada por muitos meses; Projeto executivo não concluído; Tipo de obra que costuma atrasar";
ECOVIAS RIO MINAS;2025,0;planejado;15996,0;3.2.2;Q. Pontos de ônibus - SEGMENTO 2 - RJ;BR-493/RJ;Ponto de Ônibus (local a definir);4,2;;100,0;0;0,0;0,0;0,6605593927643574;True;"Meta espalhada por muitos meses; Projeto executivo não concluído; Tipo de obra que costuma atrasar";
PANTANAL;2025,0;em andamento;18291,0;3.4.3.1;BSO + SAU;BR-163/MS;Reforma/Adequação de Base de Serviços Operacionais com Atendimento aos Usuários;;;100,0;11;73,2;35,5;0,6591211169560125;True;"Meta concentrada no fim do ano; Projeto executivo não concluído; Prazo previsto curto";
PANTANAL;2025,0;em andamento;18287,0;3.4.3.1;BSO + SAU;BR-163/MS;Reforma/Adequação de Base de Serviços Operacionais com Atendimento aos Usuários;;;100,0;11;73,2;40,0;0,6591211169560125;True;"Meta concentrada no fim do ano; Projeto executivo não concluído; Prazo previsto curto";
PANTANAL;2025,0;em andamento;18286,0;3.4.3.1;BSO + SAU;BR-163/MS;Reforma/Adequação de Base de Serviços Operacionais com Atendimento aos Usuários;;;100,0;11;73,2;40,0;0,6591211169560125;True;"Meta concentrada no fim do ano; Projeto executivo não concluído; Prazo previsto curto";
PANTANAL;2025,0;em andamento;18284,0;3.4.3.1;BSO + SAU;BR-163/MS;Reforma/Adequação de Base de Serviços Operacionais com Atendimento aos Usuários;;;100,0;11;73,2;40,0;0,6591211169560125;True;"Meta concentrada no fim do ano; Projeto executivo não concluído; Prazo previsto curto";
PANTANAL;2025,0;em andamento;18283,0;3.4.3.1;BSO + SAU;BR-163/MS;Reforma/Adequação de Base de Serviços Operacionais com Atendimento aos Usuários;;;100,0;11;73,2;40,0;0,6591211169560125;True;"Meta concentrada no fim do ano; Projeto executivo não concluído; Prazo previsto curto";
PANTANAL;2025,0;em andamento;18285,0;3.4.3.1;BSO + SAU;BR-163/MS;Reforma/Adequação de Base de Serviços Operacionais com Atendimento aos Usuários;;;100,0;11;73,2;42,5;0,6591211169560125;True;"Meta concentrada no fim do ano; Projeto executivo não concluído; Prazo previsto curto";
PANTANAL;2025,0;em andamento;18261,0;3.2.2.K;Acessos;BR-163/MS;Melhoria em Acesso (local a definir);1,0;;100,0;11;68,8;23,82;0,6585211819279122;True;"Tipo de obra que costuma atrasar; Meta concentrada no fim do ano; Projeto executivo não concluído";
ECOVIAS DO CERRADO;2025,0;planejado;13192,0;3.1.3;Alargamento e Adequação de OAE, Ponte sobre o Córrego Pedreira BR-365/MG;BR-365/MG;Recuperação ou Manutenção de Obra-de-Arte Especial;0,04;;100,0;0;0,0;0,0;0,658156220501062;True;"Projeto executivo não concluído; Prazo previsto curto";
ECOVIAS DO CERRADO;2026,0;planejado;7283,0;3.2.1.4;Rotatórias Alongadas - Acesso Naveslândia: RA-2A (2 acessos);BR-364/GO;Rotatória em Nível;;;1,5;0;0,0;0,0;0,6569519584270997;True;"Obra com muito avanço anterior; Meta anual pequena (obra em fase inicial/final); Tipo de obra que costuma atrasar";
ECOVIAS DO CERRADO;2025,0;planejado;7268,0;3.2.1.4;Melhoria de Interseção: Implantação de Taper (12 unidades) - 1º Trevo de Acesso a Ituiutaba;BR-365/MG;Adequação de Dispositivo Existente;;;1,28;0;0,0;0,0;0,6569519584270997;True;"Obra com muito avanço anterior; Meta anual pequena (obra em fase inicial/final); Tipo de obra que costuma atrasar";Obra liberada ao tráfego em 12/02/2025 - carta ECC-GAC-0281-2025 Obra liberada ao tráfego em 12/02/2025 - carta ECC-GAC-0281-2025 Obra liberada ao tráfego em 12/02/2025 - carta ECC-GAC-0281-2025 Obra liberada ao tráfego em 12/02/2025 - carta ECC-GAC-0281-2025
ECOVIAS RIO MINAS;2025,0;planejado;15863,0;3.2.2;L. Acessos - SEGMENTO 1 - RJ;BR-493/RJ;Melhoria em Acesso (local a definir);15,6;;74,21;0;0,0;0,0;0,6531127636362423;True;"Tipo de obra que costuma atrasar; Meta espalhada por muitos meses; Projeto executivo não concluído";
ECOVIAS RIO MINAS;2025,0;planejado;15864,0;3.2.2;L. Acessos - SEGMENTO 1 - RJ;BR-493/RJ;Melhoria em Acesso (local a definir);15,6;;74,21;0;0,0;0,0;0,6531127636362423;True;"Tipo de obra que costuma atrasar; Meta espalhada por muitos meses; Projeto executivo não concluído";
ECOVIAS RIO MINAS;2025,0;planejado;15866,0;3.2.2;L. Acessos - SEGMENTO 1 - RJ;BR-493/RJ;Melhoria em Acesso (local a definir);15,6;;74,21;0;0,0;0,0;0,6531127636362423;True;"Tipo de obra que costuma atrasar; Meta espalhada por muitos meses; Projeto executivo não concluído";
ECOVIAS RIO MINAS;2025,0;planejado;15865,0;3.2.2;L. Acessos - SEGMENTO 1 - RJ;BR-493/RJ;Melhoria em Acesso (local a definir);15,6;;74,21;0;0,0;0,0;0,6531127636362423;True;"Tipo de obra que costuma atrasar; Meta espalhada por muitos meses; Projeto executivo não concluído";
ECOVIAS RIO MINAS;2025,0;planejado;15873,0;3.2.2;L. Acessos - SEGMENTO 1 - RJ;BR-493/RJ;Melhoria em Acesso (local a definir);15,6;;74,21;0;0,0;0,0;0,6531127636362423;True;"Tipo de obra que costuma atrasar; Meta espalhada por muitos meses; Projeto executivo não concluído";
ECOVIAS RIO MINAS;2025,0;planejado;15869,0;3.2.2;L. Acessos - SEGMENTO 1 - RJ;BR-493/RJ;Melhoria em Acesso (local a definir);15,6;;74,21;0;0,0;0,0;0,6531127636362423;True;"Tipo de obra que costuma atrasar; Meta espalhada por muitos meses; Projeto executivo não concluído";
ECOVIAS RIO MINAS;2025,0;planejado;15870,0;3.2.2;L. Acessos - SEGMENTO 1 - RJ;BR-493/RJ;Melhoria em Acesso (local a definir);15,6;;74,21;0;0,0;0,0;0,6531127636362423;True;"Tipo de obra que costuma atrasar; Meta espalhada por muitos meses; Projeto executivo não concluído";
ECOVIAS RIO MINAS;2025,0;planejado;15868,0;3.2.2;L. Acessos - SEGMENTO 1 - RJ;BR-493/RJ;Melhoria em Acesso (local a definir);15,6;;74,21;0;0,0;0,0;0,6531127636362423;True;"Tipo de obra que costuma atrasar; Meta espalhada por muitos meses; Projeto executivo não concluído";
ECOVIAS RIO MINAS;2025,0;planejado;15867,0;3.2.2;L. Acessos - SEGMENTO 1 - RJ;BR-493/RJ;Melhoria em Acesso (local a definir);15,6;;74,21;0;0,0;0,0;0,6531127636362423;True;"Tipo de obra que costuma atrasar; Meta espalhada por muitos meses; Projeto executivo não concluído";
ECOVIAS RIO MINAS;2025,0;planejado;15872,0;3.2.2;L. Acessos - SEGMENTO 1 - RJ;BR-493/RJ;Melhoria em Acesso (local a definir);15,6;;74,21;0;0,0;0,0;0,6531127636362423;True;"Tipo de obra que costuma atrasar; Meta espalhada por muitos meses; Projeto executivo não concluído";
ECOVIAS RIO MINAS;2025,0;planejado;15877,0;3.2.2;L. Acessos - SEGMENTO 1 - RJ;BR-493/RJ;Melhoria em Acesso (local a definir);15,6;;74,21;0;0,0;0,0;0,6531127636362423;True;"Tipo de obra que costuma atrasar; Meta espalhada por muitos meses; Projeto executivo não concluído";
ECOVIAS RIO MINAS;2025,0;planejado;15875,0;3.2.2;L. Acessos - SEGMENTO 1 - RJ;BR-493/RJ;Melhoria em Acesso (local a definir);15,6;;74,21;0;0,0;0,0;0,6531127636362423;True;"Tipo de obra que costuma atrasar; Meta espalhada por muitos meses; Projeto executivo não concluído";
ECOVIAS RIO MINAS;2025,0;planejado;15871,0;3.2.2;L. Acessos - SEGMENTO 1 - RJ;BR-493/RJ;Melhoria em Acesso (local a definir);15,6;;74,21;0;0,0;0,0;0,6531127636362423;True;"Tipo de obra que costuma atrasar; Meta espalhada por muitos meses; Projeto executivo não concluído";
ECOVIAS RIO MINAS;2025,0;planejado;15880,0;3.2.2;L. Acessos - SEGMENTO 1 - RJ;BR-493/RJ;Melhoria em Acesso (local a definir);15,6;;74,21;0;0,0;0,0;0,6531127636362423;True;"Tipo de obra que costuma atrasar; Meta espalhada por muitos meses; Projeto executivo não concluído";
ECOVIAS RIO MINAS;2025,0;planejado;15874,0;3.2.2;L. Acessos - SEGMENTO 1 - RJ;BR-493/RJ;Melhoria em Acesso (local a definir);15,6;;74,21;0;0,0;0,0;0,6531127636362423;True;"Tipo de obra que costuma atrasar; Meta espalhada por muitos meses; Projeto executivo não concluído";
ECOVIAS RIO MINAS;2025,0;planejado;15876,0;3.2.2;L. Acessos - SEGMENTO 1 - RJ;BR-493/RJ;Melhoria em Acesso (local a definir);15,6;;74,21;0;0,0;0,0;0,6531127636362423;True;"Tipo de obra que costuma atrasar; Meta espalhada por muitos meses; Projeto executivo não concluído";
ECOVIAS RIO MINAS;2025,0;planejado;15879,0;3.2.2;L. Acessos - SEGMENTO 1 - RJ;BR-493/RJ;Melhoria em Acesso (local a definir);15,6;;74,21;0;0,0;0,0;0,6531127636362423;True;"Tipo de obra que costuma atrasar; Meta espalhada por muitos meses; Projeto executivo não concluído";
ECOVIAS RIO MINAS;2025,0;planejado;15878,0;3.2.2;L. Acessos - SEGMENTO 1 - RJ;BR-493/RJ;Melhoria em Acesso (local a definir);15,6;;74,21;0;0,0;0,0;0,6531127636362423;True;"Tipo de obra que costuma atrasar; Meta espalhada por muitos meses; Projeto executivo não concluído";
LITORAL PIONEIRO;2026,0;em andamento;6457,0;3.2.1.A;A. Duplicação - BR-369/PR;BR-369/PR;Duplicação de Trecho Rodoviário;17,9;;100,0;5;11,44;16,040000000000003;0,6501098082650059;True;"Meta espalhada por muitos meses; Meta concentrada no fim do ano; Projeto executivo não concluído";
PANTANAL;2025,0;em andamento;18290,0;3.4.3.1;BSO + SAU;BR-163/MS;Reforma/Adequação de Base de Serviços Operacionais com Atendimento aos Usuários;;;100,0;11;73,2;47,5;0,65006196444449;True;"Meta concentrada no fim do ano; Projeto executivo não concluído; Prazo previsto curto";
PANTANAL;2025,0;em andamento;18282,0;3.4.3.1;BSO + SAU;BR-163/MS;Reforma/Adequação de Base de Serviços Operacionais com Atendimento aos Usuários;;;100,0;11;73,2;57,0;0,65006196444449;True;"Meta concentrada no fim do ano; Projeto executivo não concluído; Prazo previsto curto";
PANTANAL;2025,0;em andamento;18288,0;3.4.3.6;Implantação PPD 01;BR-163/MS;Ponto de Parada e Descanso para Caminhoneiros;;;100,0;11;70,9;52,519999999999996;0,65006196444449;True;"Meta concentrada no fim do ano; Projeto executivo não concluído; Prazo previsto curto";
PANTANAL;2025,0;em andamento;18262,0;3.2.2.K;Acessos;BR-163/MS;Melhoria em Acesso (local a definir);1,0;;100,0;11;68,8;93,23;0,6461732647315845;True;"Tipo de obra que costuma atrasar; Meta concentrada no fim do ano; Projeto executivo não concluído";
PANTANAL;2025,0;em andamento;18251,0;3.2.2.K;Acessos;BR-163/MS;Melhoria em Acesso (local a definir);1,0;;100,0;11;68,8;91,88;0,6461732647315845;True;"Tipo de obra que costuma atrasar; Meta concentrada no fim do ano; Projeto executivo não concluído";
ECOVIAS MINAS GOIÁS;2026,0;planejado;15307,0;3.2.1.2;Interconexão Diamante - ID-15 - km 280,5 - Catalão ENTR BR-352(B)/GO-210(B)/330 (CATALÃO);BR-050/GO;Interseção em Desnível;;;1,11;0;0,0;0,0;0,6460779986792118;True;"Obra com muito avanço anterior; Meta anual pequena (obra em fase inicial/final); Projeto executivo não concluído";Localização corrigida para 280,340
AUTOPISTA PLANALTO SUL;2025,0;em andamento;6117,0;6.3.1.5;Implantação e Instalação dos Equipamentos e Sistemas (Sistema de Detecção de Altura - 2 unidades);BR-116/PR;Sistema de Detecção de Altura;;66155,33;18,5;10;0,0;18,5;0,6459089604019184;True;"Obra com muito avanço anterior; Meta concentrada no fim do ano; Meta anual pequena (obra em fase inicial/final)";
ECOVIAS DO CERRADO;2024,0;planejado;13734,0;3.2.1.4;Passarela em Pista Simples (Trecho Homogêneo 7) - Localização: Naveslândia;BR-364/GO;Passarela (local a definir);159,13;;40,0;0;0,0;0,0;0,6457236040109721;True;"Meta concentrada no fim do ano; Obra extensa (km); Projeto executivo não concluído";
ECOVIAS DO CERRADO;2024,0;planejado;13732,0;3.2.1.4;Passarela em Pista Simples (Trecho Homogêneo 15) - Localização: Ituiutaba;BR-365/MG;Passarela (local a definir);750,7;;40,0;0;0,0;0,0;0,6457236040109721;True;"Obra extensa (km); Meta concentrada no fim do ano; Projeto executivo não concluído";
MOTIVA PARANÁ;2026,0;planejado;20772,0;3.4.11.1;Edificação Construção - UOP - Tibagi;BR-376/PR;Unidade Operacional da Polícia Rodoviária Federal;;;100,0;0;0,0;0,0;0,6431606535555876;True;"Licenciamento ambiental pendente; Meta concentrada no fim do ano; Tipo de obra que costuma atrasar";
MOTIVA PARANÁ;2026,0;planejado;20774,0;3.4.11.1;Edificação Construção - UOP - Apucarana;BR-376/PR;Unidade Operacional da Polícia Rodoviária Federal;;;100,0;0;0,0;0,0;0,6431606535555876;True;"Licenciamento ambiental pendente; Meta concentrada no fim do ano; Tipo de obra que costuma atrasar";
VIA SUL;2026,0;planejado;156,0;3.2.1.2;Vias marginais - km 243,6 ao km 246,9 LE - Soledade ID - 3;BR-386/RS;Via Marginal;3,3;;19,89;0;0,0;0,0;0,641924597405958;True;"Obra com muito avanço anterior; Meta anual pequena (obra em fase inicial/final); Tipo de obra que costuma atrasar";
PANTANAL;2025,0;em andamento;21204,0;3.2.1;A. Duplicação;BR-163/MS;Duplicação de Trecho Rodoviário;5,5;;45,82;11;38,879999999999995;28,14;0,6415769823776294;True;"Meta espalhada por muitos meses; Tipo de obra que costuma atrasar; Meta anual pequena (obra em fase inicial/final)";
VIA SUL;2026,0;planejado;162,0;3.2.1.2;Vias marginais - km 268,0 ao km 271,8 LE - Fontoura Xavier ID - 5;BR-386/RS;Via Marginal;3,8;;55,89;0;0,0;0,0;0,6385228807945672;True;"Obra com muito avanço anterior; Tipo de obra que costuma atrasar; Projeto executivo não concluído";
VIA SUL;2026,0;planejado;161,0;3.2.1.2;Vias marginais - km 268,0 ao km 271,8 LD - Fontoura Xavier ID - 6;BR-386/RS;Via Marginal;3,8;;67,55;0;0,0;0,0;0,6385228807945672;True;"Obra com muito avanço anterior; Tipo de obra que costuma atrasar; Projeto executivo não concluído";
ECOVIAS RIO MINAS;2025,0;planejado;15986,0;3.2.2;Q. Pontos de ônibus - SEGMENTO 3 - RJ;BR-493/RJ;Ponto de Ônibus (local a definir);5,9;;100,0;0;0,0;0,0;0,6377248261504627;True;"Meta espalhada por muitos meses; Projeto executivo não concluído; Tipo de obra que costuma atrasar";
ECOVIAS RIO MINAS;2025,0;planejado;15989,0;3.2.2;Q. Pontos de ônibus - SEGMENTO 3 - RJ;BR-493/RJ;Ponto de Ônibus (local a definir);5,9;;100,0;0;0,0;0,0;0,6377248261504627;True;"Meta espalhada por muitos meses; Projeto executivo não concluído; Tipo de obra que costuma atrasar";
ECOVIAS RIO MINAS;2025,0;planejado;15988,0;3.2.2;Q. Pontos de ônibus - SEGMENTO 3 - RJ;BR-493/RJ;Ponto de Ônibus (local a definir);5,9;;100,0;0;0,0;0,0;0,6377248261504627;True;"Meta espalhada por muitos meses; Projeto executivo não concluído; Tipo de obra que costuma atrasar";
ECOVIAS RIO MINAS;2025,0;planejado;15987,0;3.2.2;Q. Pontos de ônibus - SEGMENTO 3 - RJ;BR-493/RJ;Ponto de Ônibus (local a definir);5,9;;100,0;0;0,0;0,0;0,6377248261504627;True;"Meta espalhada por muitos meses; Projeto executivo não concluído; Tipo de obra que costuma atrasar";
VIA ARAUCÁRIA;2026,0;planejado;6631,0;3.1.2.A;A. Travessias urbanas - Curitiba;PR-418;Iluminação de Travessias Urbanas;2,06;;47,0;0;0,0;0,0;0,635942143821825;True;"Meta concentrada no fim do ano; Projeto executivo não concluído; Meta anual pequena (obra em fase inicial/final)";
VIA SUL;2026,0;planejado;141,0;3.2.1.2;Passarela - km 246+500 - Soledade ID-18;BR-386/RS;Passarela (local definido);;;6,17;0;0,0;0,0;0,6301207358672142;True;"Obra com muito avanço anterior; Meta anual pequena (obra em fase inicial/final); Projeto executivo não concluído";
ECOVIAS MINAS GOIÁS;2026,0;planejado;15343,0;3.2.1.2;Passarela - ID-7 - 175 - Uberaba MG;BR-050/MG;Passarela (local definido);;;80,0;0;0,0;0,0;0,6300888318182756;True;"Projeto executivo não concluído; Ausência de: taxa histórica de atraso da concessionária; Prazo previsto curto";
MOTIVA PARANÁ;2026,0;planejado;20777,0;3.4.11.1;Edificação Construção - BPRV - Londrina;PR-445/PR;Unidade Operacional da Polícia Rodoviária Estadual;;;100,0;0;0,0;0,0;0,6275220570603509;True;"Licenciamento ambiental pendente; Meta concentrada no fim do ano; Projeto executivo não concluído";
ECOVIAS MINAS GOIÁS;2026,0;planejado;15344,0;3.2.1.2;Passarela - ID-1 - km 171 - Uberaba;BR-050/MG;Passarela (local definido);;;85,0;0;0,0;0,0;0,6271721099970086;True;"Projeto executivo não concluído; Ausência de: taxa histórica de atraso da concessionária; Meta espalhada por muitos meses";
ECOVIAS RIO MINAS;2025,0;planejado;4656,0;3.2.1;B. Implantação de Faixa Adicional;BR-116/RJ;Faixa Adicional;4,1;;72,2;0;0,0;0,0;0,6247405595519803;True;"Meta espalhada por muitos meses; Tipo de obra que costuma atrasar; Projeto executivo não concluído";
ECOVIAS DO CERRADO;2026,0;planejado;7082,0;3.2.1.1;Duplicação - Trecho 15;BR-365/MG;Duplicação de Trecho Rodoviário;1,6;;60,0;0;0,0;0,0;0,6231656190772993;True;"Licenciamento ambiental pendente; Meta concentrada no fim do ano; Tipo de obra que costuma atrasar";Aguardando emissão do licenciamento IBAMA , processo 50500.018630/2024-53 Aguardando emissão do licenciamento IBAMA , processo 50500.018630/2024-53
VIA SUL;2026,0;planejado;865,0;3.2.1.2;Interconexão Parcial (Parclo) - km 69+600 - Osório ID-01;BR-101/RS;Interseção em Desnível;;;100,0;0;0,0;0,0;0,6201772479076221;True;"Meta concentrada no fim do ano; Projeto executivo não concluído; Desapropriação pendente";
MOTIVA MINAS SP;2026,0;planejado;28199,0;3.2.2;R. Caixas para Líquidos Perigosos;BR-381/SP;Caixa de Produtos Perigosos;;;100,0;0;0,0;0,0;0,6191843880104936;True;"Meta concentrada no fim do ano; Projeto executivo não concluído; Tipo de obra que costuma atrasar";Anteprojeto protocolado. Processo SEI nº 50505.079130/2026-18. Aguardando a análise da Agência Anteprojeto protocolado. Processo SEI nº 50505.079130/2026-18. Aguardando a análise da Agência
MOTIVA MINAS SP;2026,0;planejado;28068,0;3.2.2;M. Passarelas Demolição;BR-381/SP;Demolição;;;100,0;0;0,0;0,0;0,6191843880104936;True;"Meta concentrada no fim do ano; Tipo de obra que costuma atrasar; Projeto executivo não concluído";
VIA SUL;2026,0;planejado;140,0;3.2.1.2;Passarela - km 245+500 - Soledade ID-17;BR-386/RS;Passarela (local definido);;;13,35;0;0,0;0,0;0,6164863158187422;True;"Obra com muito avanço anterior; Meta anual pequena (obra em fase inicial/final); Projeto executivo não concluído";
VIA SUL;2026,0;planejado;142,0;3.2.1.2;Passarela - km 269+040 - Fontoura Xavier ID-19;BR-386/RS;Passarela (local definido);;;12,59;0;0,0;0,0;0,6164863158187422;True;"Obra com muito avanço anterior; Meta anual pequena (obra em fase inicial/final); Projeto executivo não concluído";
VIA SUL;2026,0;planejado;177,0;3.2.1.2;Retorno em Nivel - km 233+400 - Soledade ID-13;BR-386/RS;Retorno em Nível;;;31,79;0;0,0;0,0;0,615193048411291;True;"Obra com muito avanço anterior; Tipo de obra que costuma atrasar; Meta anual pequena (obra em fase inicial/final)";
VIA SUL;2026,0;planejado;176,0;3.2.1.2;Retorno em Nivel - km 228+400 - Soledade ID-12;BR-386/RS;Retorno em Nível;;;31,95;0;0,0;0,0;0,615193048411291;True;"Obra com muito avanço anterior; Tipo de obra que costuma atrasar; Meta anual pequena (obra em fase inicial/final)";
ECOVIAS RIO MINAS;2025,0;planejado;16004,0;3.2.2;Q. Pontos de ônibus - SEGMENTO 1 - RJ;BR-493/RJ;Ponto de Ônibus (local a definir);15,6;;100,0;0;0,0;0,0;0,6043834329318591;True;"Meta espalhada por muitos meses; Projeto executivo não concluído; Tipo de obra que costuma atrasar";
ECOVIAS RIO MINAS;2025,0;planejado;16005,0;3.2.2;Q. Pontos de ônibus - SEGMENTO 1 - RJ;BR-493/RJ;Ponto de Ônibus (local a definir);15,6;;100,0;0;0,0;0,0;0,6043834329318591;True;"Meta espalhada por muitos meses; Projeto executivo não concluído; Tipo de obra que costuma atrasar";
ECOVIAS RIO MINAS;2025,0;planejado;15999,0;3.2.2;Q. Pontos de ônibus - SEGMENTO 1 - RJ;BR-493/RJ;Ponto de Ônibus (local a definir);15,6;;100,0;0;0,0;0,0;0,6043834329318591;True;"Meta espalhada por muitos meses; Projeto executivo não concluído; Tipo de obra que costuma atrasar";
ECOVIAS RIO MINAS;2025,0;planejado;16002,0;3.2.2;Q. Pontos de ônibus - SEGMENTO 1 - RJ;BR-493/RJ;Ponto de Ônibus (local a definir);15,6;;100,0;0;0,0;0,0;0,6043834329318591;True;"Meta espalhada por muitos meses; Projeto executivo não concluído; Tipo de obra que costuma atrasar";
ECOVIAS RIO MINAS;2025,0;planejado;16010,0;3.2.2;Q. Pontos de ônibus - SEGMENTO 1 - RJ;BR-493/RJ;Ponto de Ônibus (local a definir);15,6;;100,0;0;0,0;0,0;0,6043834329318591;True;"Meta espalhada por muitos meses; Projeto executivo não concluído; Tipo de obra que costuma atrasar";
ECOVIAS RIO MINAS;2025,0;planejado;16009,0;3.2.2;Q. Pontos de ônibus - SEGMENTO 1 - RJ;BR-493/RJ;Ponto de Ônibus (local a definir);15,6;;100,0;0;0,0;0,0;0,6043834329318591;True;"Meta espalhada por muitos meses; Projeto executivo não concluído; Tipo de obra que costuma atrasar";
ECOVIAS RIO MINAS;2025,0;planejado;16003,0;3.2.2;Q. Pontos de ônibus - SEGMENTO 1 - RJ;BR-493/RJ;Ponto de Ônibus (local a definir);15,6;;100,0;0;0,0;0,0;0,6043834329318591;True;"Meta espalhada por muitos meses; Projeto executivo não concluído; Tipo de obra que costuma atrasar";
ECOVIAS RIO MINAS;2025,0;planejado;16011,0;3.2.2;Q. Pontos de ônibus - SEGMENTO 1 - RJ;BR-493/RJ;Ponto de Ônibus (local a definir);15,6;;100,0;0;0,0;0,0;0,6043834329318591;True;"Meta espalhada por muitos meses; Projeto executivo não concluído; Tipo de obra que costuma atrasar";
ECOVIAS RIO MINAS;2025,0;planejado;15998,0;3.2.2;Q. Pontos de ônibus - SEGMENTO 1 - RJ;BR-493/RJ;Ponto de Ônibus (local a definir);15,6;;100,0;0;0,0;0,0;0,6043834329318591;True;"Meta espalhada por muitos meses; Projeto executivo não concluído; Tipo de obra que costuma atrasar";
ECOVIAS RIO MINAS;2025,0;planejado;16006,0;3.2.2;Q. Pontos de ônibus - SEGMENTO 1 - RJ;BR-493/RJ;Ponto de Ônibus (local a definir);15,6;;100,0;0;0,0;0,0;0,6043834329318591;True;"Meta espalhada por muitos meses; Projeto executivo não concluído; Tipo de obra que costuma atrasar";
ECOVIAS RIO MINAS;2025,0;planejado;16007,0;3.2.2;Q. Pontos de ônibus - SEGMENTO 1 - RJ;BR-493/RJ;Ponto de Ônibus (local a definir);15,6;;100,0;0;0,0;0,0;0,6043834329318591;True;"Meta espalhada por muitos meses; Projeto executivo não concluído; Tipo de obra que costuma atrasar";
ECOVIAS RIO MINAS;2025,0;planejado;16008,0;3.2.2;Q. Pontos de ônibus - SEGMENTO 1 - RJ;BR-493/RJ;Ponto de Ônibus (local a definir);15,6;;100,0;0;0,0;0,0;0,6043834329318591;True;"Meta espalhada por muitos meses; Projeto executivo não concluído; Tipo de obra que costuma atrasar";
ECOVIAS RIO MINAS;2025,0;planejado;16000,0;3.2.2;Q. Pontos de ônibus - SEGMENTO 1 - RJ;BR-493/RJ;Ponto de Ônibus (local a definir);15,6;;100,0;0;0,0;0,0;0,6043834329318591;True;"Meta espalhada por muitos meses; Projeto executivo não concluído; Tipo de obra que costuma atrasar";
ECOVIAS RIO MINAS;2025,0;planejado;16001,0;3.2.2;Q. Pontos de ônibus - SEGMENTO 1 - RJ;BR-493/RJ;Ponto de Ônibus (local a definir);15,6;;100,0;0;0,0;0,0;0,6043834329318591;True;"Meta espalhada por muitos meses; Projeto executivo não concluído; Tipo de obra que costuma atrasar";
ECOVIAS DO CERRADO;2025,0;planejado;13732,0;3.2.1.4;Passarela em Pista Simples (Trecho Homogêneo 15) - Localização: Ituiutaba;BR-365/MG;Passarela (local a definir);750,7;;8,0;0;0,0;0,0;0,6004687341554127;True;"Obra extensa (km); Meta anual pequena (obra em fase inicial/final); Projeto executivo não concluído";
ECOVIAS RIO MINAS;2025,0;planejado;15956,0;3.2.2;L. Acessos - SEGMENTO 4' - RJ;BR-116/RJ;Melhoria em Acesso (local a definir);3,2;;62,64;0;0,0;0,0;0,5975309831028698;True;"Tipo de obra que costuma atrasar; Meta espalhada por muitos meses; Projeto executivo não concluído";
ECOVIAS RIO MINAS;2025,0;planejado;15953,0;3.2.2;L. Acessos - SEGMENTO 4' - RJ;BR-116/RJ;Melhoria em Acesso (local a definir);3,2;;62,64;0;0,0;0,0;0,5975309831028698;True;"Tipo de obra que costuma atrasar; Meta espalhada por muitos meses; Projeto executivo não concluído";
ECOVIAS RIO MINAS;2025,0;planejado;15954,0;3.2.2;L. Acessos - SEGMENTO 4' - RJ;BR-116/RJ;Melhoria em Acesso (local a definir);3,2;;62,64;0;0,0;0,0;0,5975309831028698;True;"Tipo de obra que costuma atrasar; Meta espalhada por muitos meses; Projeto executivo não concluído";
ECOVIAS RIO MINAS;2025,0;planejado;4658,0;3.2.1;B. Implantação de Faixa Adicional;BR-116/RJ;Faixa Adicional;3,2;;72,52;0;0,0;0,0;0,5975309831028698;True;"Meta espalhada por muitos meses; Tipo de obra que costuma atrasar; Projeto executivo não concluído";
ECOVIAS RIO MINAS;2025,0;planejado;15955,0;3.2.2;L. Acessos - SEGMENTO 4' - RJ;BR-116/RJ;Melhoria em Acesso (local a definir);3,2;;62,64;0;0,0;0,0;0,5975309831028698;True;"Tipo de obra que costuma atrasar; Meta espalhada por muitos meses; Projeto executivo não concluído";
ECOVIAS RIO MINAS;2025,0;planejado;16061,0;3.2.2;Q. Pontos de ônibus - SEGMENTO 4' - RJ;BR-116/RJ;Ponto de Ônibus (local a definir);3,2;;64,79;0;0,0;0,0;0,5975309831028698;True;"Meta espalhada por muitos meses; Projeto executivo não concluído; Tipo de obra que costuma atrasar";
ECOVIAS RIO MINAS;2025,0;planejado;16059,0;3.2.2;Q. Pontos de ônibus - SEGMENTO 4' - RJ;BR-116/RJ;Ponto de Ônibus (local a definir);3,2;;64,79;0;0,0;0,0;0,5975309831028698;True;"Meta espalhada por muitos meses; Projeto executivo não concluído; Tipo de obra que costuma atrasar";
ECOVIAS RIO MINAS;2025,0;planejado;16060,0;3.2.2;Q. Pontos de ônibus - SEGMENTO 4' - RJ;BR-116/RJ;Ponto de Ônibus (local a definir);3,2;;64,79;0;0,0;0,0;0,5975309831028698;True;"Meta espalhada por muitos meses; Projeto executivo não concluído; Tipo de obra que costuma atrasar";
ECOVIAS RIO MINAS;2025,0;planejado;16058,0;3.2.2;Q. Pontos de ônibus - SEGMENTO 4' - RJ;BR-116/RJ;Ponto de Ônibus (local a definir);3,2;;64,79;0;0,0;0,0;0,5975309831028698;True;"Meta espalhada por muitos meses; Projeto executivo não concluído; Tipo de obra que costuma atrasar";
ECOVIAS RIO MINAS;2025,0;planejado;4657,0;3.2.1;B. Implantação de Faixa Adicional;BR-116/RJ;Faixa Adicional;3,2;;65,9;0;0,0;0,0;0,5975309831028698;True;"Meta espalhada por muitos meses; Tipo de obra que costuma atrasar; Projeto executivo não concluído";
ECOVIAS RIO MINAS;2025,0;planejado;16056,0;3.2.2;Q. Pontos de ônibus - SEGMENTO 4' - RJ;BR-116/RJ;Ponto de Ônibus (local a definir);3,2;;64,79;0;0,0;0,0;0,5975309831028698;True;"Meta espalhada por muitos meses; Projeto executivo não concluído; Tipo de obra que costuma atrasar";
ECOVIAS RIO MINAS;2025,0;planejado;16057,0;3.2.2;Q. Pontos de ônibus - SEGMENTO 4' - RJ;BR-116/RJ;Ponto de Ônibus (local a definir);3,2;;64,79;0;0,0;0,0;0,5975309831028698;True;"Meta espalhada por muitos meses; Projeto executivo não concluído; Tipo de obra que costuma atrasar";
ECOVIAS RIO MINAS;2025,0;planejado;15982,0;3.2.2;L. Acessos - SEGMENTO 1' - RJ;BR-116/RJ;Melhoria em Acesso (local a definir);3,2;;61,6;0;0,0;0,0;0,5975309831028698;True;"Tipo de obra que costuma atrasar; Meta espalhada por muitos meses; Projeto executivo não concluído";
ECOVIAS RIO MINAS;2025,0;planejado;15984,0;3.2.2;L. Acessos - SEGMENTO 1' - RJ;BR-116/RJ;Melhoria em Acesso (local a definir);3,2;;61,6;0;0,0;0,0;0,5975309831028698;True;"Tipo de obra que costuma atrasar; Meta espalhada por muitos meses; Projeto executivo não concluído";
ECOVIAS RIO MINAS;2025,0;planejado;15983,0;3.2.2;L. Acessos - SEGMENTO 1' - RJ;BR-116/RJ;Melhoria em Acesso (local a definir);3,2;;61,6;0;0,0;0,0;0,5975309831028698;True;"Tipo de obra que costuma atrasar; Meta espalhada por muitos meses; Projeto executivo não concluído";
ECOVIAS RIO MINAS;2025,0;planejado;11347,0;3.2.2;K. Alças de Conexão - BR-493 X BR-101;BR-493/RJ;Alça de Ligação em Desnível;;;75,72;0;0,0;0,0;0,5975309831028698;True;"Meta espalhada por muitos meses; Projeto executivo não concluído; Tipo de obra que costuma atrasar";
ECOVIAS RIO MINAS;2025,0;planejado;11344,0;3.2.2;K. Alças de Conexão - OAE EXPRESSA – (BR-116 EXPRESSA - L. VERMELHA);BR-116/RJ;Alça de Ligação em Desnível;;;62,79;0;0,0;0,0;0,5975309831028698;True;"Meta espalhada por muitos meses; Projeto executivo não concluído; Tipo de obra que costuma atrasar";
ECOVIAS RIO MINAS;2025,0;planejado;12203,0;3.2.2;D. Interseções - Passagem Inferior;BR-493/RJ;Passagem Inferior;;;70,26;0;0,0;0,0;0,5975309831028698;True;"Meta espalhada por muitos meses; Projeto executivo não concluído; Tipo de obra que costuma atrasar";
ECOVIAS RIO MINAS;2025,0;planejado;12202,0;3.2.2;D. Interseções - Passagem Inferior;BR-493/RJ;Passagem Inferior;;;70,26;0;0,0;0,0;0,5975309831028698;True;"Meta espalhada por muitos meses; Projeto executivo não concluído; Tipo de obra que costuma atrasar";
ECOVIAS RIO MINAS;2025,0;planejado;4956,0;3.2.2;H. Retornos - Tipo X;BR-493/RJ;Retorno em Nível;;;72,19;0;0,0;0,0;0,5975309831028698;True;"Tipo de obra que costuma atrasar; Meta espalhada por muitos meses; Projeto executivo não concluído";
ECOVIAS RIO MINAS;2025,0;planejado;11343,0;3.2.2;K. Alças de Conexão - Melhoria de raio de curva no acesso à BR-116 Dutra/RJ;BR-116/RJ;Alça de Ligação em Desnível;;;82,88;0;0,0;0,0;0,5975309831028698;True;"Meta espalhada por muitos meses; Projeto executivo não concluído; Tipo de obra que costuma atrasar";
ECOVIAS RIO MINAS;2025,0;planejado;12205,0;3.2.2;D. Interseções - Passagem Inferior;BR-493/RJ;Passagem Inferior;;;70,3;0;0,0;0,0;0,5975309831028698;True;"Meta espalhada por muitos meses; Projeto executivo não concluído; Tipo de obra que costuma atrasar";
ECOVIAS RIO MINAS;2025,0;planejado;12204,0;3.2.2;D. Interseções - Passagem Inferior;BR-493/RJ;Passagem Inferior;;;70,77;0;0,0;0,0;0,5975309831028698;True;"Meta espalhada por muitos meses; Projeto executivo não concluído; Tipo de obra que costuma atrasar";
ECOVIAS RIO MINAS;2025,0;planejado;12206,0;3.2.2;D. Interseções - Passagem Inferior;BR-493/RJ;Passagem Inferior;;;70,3;0;0,0;0,0;0,5975309831028698;True;"Meta espalhada por muitos meses; Projeto executivo não concluído; Tipo de obra que costuma atrasar";
ECOVIAS RIO MINAS;2025,0;planejado;12207,0;3.2.2;D. Interseções - Passagem Inferior;BR-493/RJ;Passagem Inferior;;;70,66;0;0,0;0,0;0,5975309831028698;True;"Meta espalhada por muitos meses; Projeto executivo não concluído; Tipo de obra que costuma atrasar";
ECOVIAS RIO MINAS;2025,0;planejado;15952,0;3.2.2;L. Acessos - SEGMENTO 4' - RJ;BR-116/RJ;Melhoria em Acesso (local a definir);3,2;;62,64;0;0,0;0,0;0,5975309831028698;True;"Tipo de obra que costuma atrasar; Meta espalhada por muitos meses; Projeto executivo não concluído";
ECOVIAS RIO MINAS;2025,0;planejado;15958,0;3.2.2;L. Acessos - SEGMENTO 4' - RJ;BR-116/RJ;Melhoria em Acesso (local a definir);3,2;;62,64;0;0,0;0,0;0,5975309831028698;True;"Tipo de obra que costuma atrasar; Meta espalhada por muitos meses; Projeto executivo não concluído";
ECOVIAS RIO MINAS;2025,0;planejado;15959,0;3.2.2;L. Acessos - SEGMENTO 4' - RJ;BR-116/RJ;Melhoria em Acesso (local a definir);3,2;;62,64;0;0,0;0,0;0,5975309831028698;True;"Tipo de obra que costuma atrasar; Meta espalhada por muitos meses; Projeto executivo não concluído";
ECOVIAS RIO MINAS;2025,0;planejado;15957,0;3.2.2;L. Acessos - SEGMENTO 4' - RJ;BR-116/RJ;Melhoria em Acesso (local a definir);3,2;;62,64;0;0,0;0,0;0,5975309831028698;True;"Tipo de obra que costuma atrasar; Meta espalhada por muitos meses; Projeto executivo não concluído";
VIA ARAUCÁRIA;2026,0;planejado;6651,0;3.1.2.B;B. Vias Marginais;BR-277/PR;Via Marginal;1,15;;100,0;0;0,0;0,0;0,5972631602203028;True;"Tipo de obra que costuma atrasar; Projeto executivo não concluído; Meta concentrada no fim do ano";
VIA ARAUCÁRIA;2026,0;planejado;6570,0;3.1.1.B;B. Faixas Adicionais;BR-277/PR;Faixa Adicional;0,8;;100,0;0;0,0;0,0;0,5972631602203028;True;"Tipo de obra que costuma atrasar; Projeto executivo não concluído; Meta concentrada no fim do ano";
ECOVIAS RIO MINAS;2025,0;planejado;4944,0;3.2.2;B. Implantação de Vias Marginais;BR-493/RJ;Via Marginal;2,27;;73,24;0;0,0;0,0;0,5953430395831301;True;"Meta espalhada por muitos meses; Tipo de obra que costuma atrasar; Projeto executivo não concluído";
ECOVIAS RIO MINAS;2025,0;planejado;4903,0;3.2.2;B. Implantação de Vias Marginais;BR-116/RJ;Via Marginal;1,85;;61,72;0;0,0;0,0;0,5953430395831301;True;"Meta espalhada por muitos meses; Tipo de obra que costuma atrasar; Projeto executivo não concluído";
ECOVIAS RIO MINAS;2025,0;planejado;4950,0;3.2.2;B. Implantação de Vias Marginais;BR-493/RJ;Via Marginal;1,802;;72,87;0;0,0;0,0;0,5953430395831301;True;"Meta espalhada por muitos meses; Tipo de obra que costuma atrasar; Projeto executivo não concluído";
ECOVIAS RIO MINAS;2025,0;planejado;15975,0;3.2.2;L. Acessos - SEGMENTO 2' - RJ;BR-116/RJ;Melhoria em Acesso (local a definir);2,4;;61,72;0;0,0;0,0;0,5953430395831301;True;"Tipo de obra que costuma atrasar; Meta espalhada por muitos meses; Projeto executivo não concluído";
ECOVIAS RIO MINAS;2025,0;planejado;15974,0;3.2.2;L. Acessos - SEGMENTO 2' - RJ;BR-116/RJ;Melhoria em Acesso (local a definir);2,4;;61,72;0;0,0;0,0;0,5953430395831301;True;"Tipo de obra que costuma atrasar; Meta espalhada por muitos meses; Projeto executivo não concluído";
ECOVIAS RIO MINAS;2025,0;planejado;4947,0;3.2.2;B. Implantação de Vias Marginais;BR-493/RJ;Via Marginal;0,853;;72,55;0;0,0;0,0;0,5953430395831301;True;"Meta espalhada por muitos meses; Tipo de obra que costuma atrasar; Projeto executivo não concluído";
ECOVIAS RIO MINAS;2025,0;planejado;4948,0;3.2.2;B. Implantação de Vias Marginais;BR-493/RJ;Via Marginal;1,541;;72,87;0;0,0;0,0;0,5953430395831301;True;"Meta espalhada por muitos meses; Tipo de obra que costuma atrasar; Projeto executivo não concluído";
ECOVIAS RIO MINAS;2025,0;planejado;4949,0;3.2.2;B. Implantação de Vias Marginais;BR-493/RJ;Via Marginal;0,959;;72,92;0;0,0;0,0;0,5953430395831301;True;"Meta espalhada por muitos meses; Tipo de obra que costuma atrasar; Projeto executivo não concluído";
ECOVIAS RIO MINAS;2025,0;planejado;15976,0;3.2.2;L. Acessos - SEGMENTO 2' - RJ;BR-116/RJ;Melhoria em Acesso (local a definir);2,4;;61,72;0;0,0;0,0;0,5953430395831301;True;"Tipo de obra que costuma atrasar; Meta espalhada por muitos meses; Projeto executivo não concluído";
ECOVIAS RIO MINAS;2025,0;planejado;15973,0;3.2.2;L. Acessos - SEGMENTO 2' - RJ;BR-116/RJ;Melhoria em Acesso (local a definir);2,4;;61,72;0;0,0;0,0;0,5953430395831301;True;"Tipo de obra que costuma atrasar; Meta espalhada por muitos meses; Projeto executivo não concluído";
ECOVIAS RIO MINAS;2025,0;planejado;15971,0;3.2.2;L. Acessos - SEGMENTO 2' - RJ;BR-116/RJ;Melhoria em Acesso (local a definir);2,4;;61,72;0;0,0;0,0;0,5953430395831301;True;"Tipo de obra que costuma atrasar; Meta espalhada por muitos meses; Projeto executivo não concluído";
ECOVIAS RIO MINAS;2025,0;planejado;4667,0;3.2.1;B. Implantação de Faixa Adicional;BR-116/RJ;Faixa Adicional;1,85;;73,7;0;0,0;0,0;0,5953430395831301;True;"Meta espalhada por muitos meses; Tipo de obra que costuma atrasar; Projeto executivo não concluído";
ECOVIAS RIO MINAS;2025,0;planejado;4668,0;3.2.1;B. Implantação de Faixa Adicional;BR-116/RJ;Faixa Adicional;1,85;;72,59;0;0,0;0,0;0,5953430395831301;True;"Meta espalhada por muitos meses; Tipo de obra que costuma atrasar; Projeto executivo não concluído";
ECOVIAS RIO MINAS;2025,0;planejado;4639,0;3.2.1;A. Implantação de duplicação;BR-493/RJ;Duplicação de Trecho Rodoviário;1,0;;73,52;0;0,0;0,0;0,5953430395831301;True;"Meta espalhada por muitos meses; Projeto executivo não concluído; Tipo de obra que costuma atrasar";
ECOVIAS RIO MINAS;2025,0;planejado;16070,0;3.2.2;Q. Pontos de ônibus - SEGMENTO 2' - RJ;BR-116/RJ;Ponto de Ônibus (local a definir);2,4;;65,28;0;0,0;0,0;0,5953430395831301;True;"Meta espalhada por muitos meses; Projeto executivo não concluído; Tipo de obra que costuma atrasar";
ECOVIAS RIO MINAS;2025,0;planejado;16071,0;3.2.2;Q. Pontos de ônibus - SEGMENTO 2' - RJ;BR-116/RJ;Ponto de Ônibus (local a definir);2,4;;65,28;0;0,0;0,0;0,5953430395831301;True;"Meta espalhada por muitos meses; Projeto executivo não concluído; Tipo de obra que costuma atrasar";
ECOVIAS RIO MINAS;2025,0;planejado;16072,0;3.2.2;Q. Pontos de ônibus - SEGMENTO 2' - RJ;BR-116/RJ;Ponto de Ônibus (local a definir);2,4;;65,28;0;0,0;0,0;0,5953430395831301;True;"Meta espalhada por muitos meses; Projeto executivo não concluído; Tipo de obra que costuma atrasar";
ECOVIAS RIO MINAS;2025,0;planejado;16073,0;3.2.2;Q. Pontos de ônibus - SEGMENTO 2' - RJ;BR-116/RJ;Ponto de Ônibus (local a definir);2,4;;65,28;0;0,0;0,0;0,5953430395831301;True;"Meta espalhada por muitos meses; Projeto executivo não concluído; Tipo de obra que costuma atrasar";
ECOVIAS RIO MINAS;2025,0;planejado;4636,0;3.2.1;A. Implantação de duplicação;BR-493/RJ;Duplicação de Trecho Rodoviário;0,8;;74,62;0;0,0;0,0;0,5953430395831301;True;"Meta espalhada por muitos meses; Projeto executivo não concluído; Tipo de obra que costuma atrasar";
ECOVIAS RIO MINAS;2025,0;planejado;4653,0;3.2.1;B. Implantação de Faixa Adicional;BR-116/RJ;Faixa Adicional;2,4;;67,0;0;0,0;0,0;0,5953430395831301;True;"Meta espalhada por muitos meses; Tipo de obra que costuma atrasar; Projeto executivo não concluído";
ECOVIAS RIO MINAS;2025,0;planejado;4619,0;3.2.1;A. Implantação de duplicação;BR-116/MG;Duplicação de Trecho Rodoviário;0,739;;71,34;0;0,0;0,0;0,5953430395831301;True;"Meta espalhada por muitos meses; Projeto executivo não concluído; Tipo de obra que costuma atrasar";
ECOVIAS RIO MINAS;2025,0;planejado;4638,0;3.2.1;A. Implantação de duplicação;BR-493/RJ;Duplicação de Trecho Rodoviário;2,0;;73,52;0;0,0;0,0;0,5953430395831301;True;"Meta espalhada por muitos meses; Projeto executivo não concluído; Tipo de obra que costuma atrasar";
ECOVIAS RIO MINAS;2025,0;planejado;4654,0;3.2.1;B. Implantação de Faixa Adicional;BR-116/RJ;Faixa Adicional;2,4;;71,79;0;0,0;0,0;0,5953430395831301;True;"Meta espalhada por muitos meses; Tipo de obra que costuma atrasar; Projeto executivo não concluído";
ECOVIAS RIO MINAS;2025,0;planejado;4901,0;3.2.2;B. Implantação de Vias Marginais;BR-116/RJ;Via Marginal;2,0;;67,37;0;0,0;0,0;0,5953430395831301;True;"Meta espalhada por muitos meses; Tipo de obra que costuma atrasar; Projeto executivo não concluído";
ECOVIAS RIO MINAS;2025,0;planejado;4910,0;3.2.2;B. Implantação de Vias Marginais;BR-116/RJ;Via Marginal;2,67;;60,16;0;0,0;0,0;0,5953430395831301;True;"Meta espalhada por muitos meses; Tipo de obra que costuma atrasar; Projeto executivo não concluído";
ECOVIAS RIO MINAS;2025,0;planejado;4909,0;3.2.2;B. Implantação de Vias Marginais;BR-116/RJ;Via Marginal;2,488;;59,16;0;0,0;0,0;0,5953430395831301;True;"Meta espalhada por muitos meses; Tipo de obra que costuma atrasar; Projeto executivo não concluído";
ECOVIAS RIO MINAS;2025,0;planejado;4951,0;3.2.2;B. Implantação de Vias Marginais;BR-493/RJ;Via Marginal;1,907;;72,66;0;0,0;0,0;0,5953430395831301;True;"Meta espalhada por muitos meses; Tipo de obra que costuma atrasar; Projeto executivo não concluído";
ECOVIAS RIO MINAS;2025,0;planejado;15972,0;3.2.2;L. Acessos - SEGMENTO 2' - RJ;BR-116/RJ;Melhoria em Acesso (local a definir);2,4;;61,72;0;0,0;0,0;0,5953430395831301;True;"Tipo de obra que costuma atrasar; Meta espalhada por muitos meses; Projeto executivo não concluído";
ECOVIAS RIO MINAS;2025,0;planejado;4946,0;3.2.2;B. Implantação de Vias Marginais;BR-493/RJ;Via Marginal;0,852;;72,21;0;0,0;0,0;0,5953430395831301;True;"Meta espalhada por muitos meses; Tipo de obra que costuma atrasar; Projeto executivo não concluído";
ECOVIAS RIO MINAS;2025,0;planejado;4945,0;3.2.2;B. Implantação de Vias Marginais;BR-493/RJ;Via Marginal;1,924;;72,87;0;0,0;0,0;0,5953430395831301;True;"Meta espalhada por muitos meses; Tipo de obra que costuma atrasar; Projeto executivo não concluído";
VIA SUL;2026,0;planejado;178,0;3.2.1.2;Retorno em Nivel - km 235+500 - Soledade ID-14;BR-386/RS;Retorno em Nível;;;19,78;0;0,0;0,0;0,5950852836910319;True;"Obra com muito avanço anterior; Meta anual pequena (obra em fase inicial/final); Tipo de obra que costuma atrasar";
VIA SUL;2026,0;planejado;138,0;3.2.1.2;Passagem Inferior - km 245+330 - Passagem inferior Soledade ID-10;BR-386/RS;Passagem Inferior;;;73,51;0;0,0;0,0;0,5893416970519662;True;"Obra com muito avanço anterior; Projeto executivo não concluído; Tipo de obra que costuma atrasar";
WAY 262;2025,0;em andamento;17540,0;3.2.2;K. Passarelas;BR-262/MG;Passarela (local definido);;;100,0;11;100,0;100,0;0,5858261082119123;True;"Projeto executivo não concluído; Prazo previsto curto";Não foi apresentado o Projeto Executivo, uma vez que aguardamos a certificação do Projeto. foi apresentado apenas anteprojeto Não foi apresentado o Projeto Executivo, uma vez que aguardamos a certificação do Projeto. foi apresentado apenas anteprojeto Não foi apresentado o Projeto Executivo, uma vez que aguardamos a certificação do Projeto. foi apresentado apenas anteprojeto Não foi apresentado o Projeto Executivo, uma vez que aguardamos a certificação do Projeto. foi apresentado apenas anteprojeto
NOVA 364;2026,0;planejado;22483,0;3.2.2.G;G. Rotatórias Alongadas;ACESSO 1;Rotatória em Nível;;;70,0;0;0,0;0,0;0,5849605091176732;True;"Licenciamento ambiental pendente; Tipo de obra que costuma atrasar; Meta concentrada no fim do ano";
NOVA 364;2026,0;planejado;22484,0;3.2.2.G;G. Rotatórias Alongadas;ACESSO 2;Rotatória em Nível;;;70,0;0;0,0;0,0;0,5849605091176732;True;"Licenciamento ambiental pendente; Meta concentrada no fim do ano; Tipo de obra que costuma atrasar";
VIA ARAUCÁRIA;2026,0;planejado;6650,0;3.1.2.B;B. Vias Marginais;BR-277/PR;Via Marginal;1,15;;100,0;0;0,0;0,0;0,5785460686764182;True;"Tipo de obra que costuma atrasar; Projeto executivo não concluído; Meta espalhada por muitos meses";
ECOVIAS DO CERRADO;2025,0;planejado;7082,0;3.2.1.1;Duplicação - Trecho 15;BR-365/MG;Duplicação de Trecho Rodoviário;1,6;;46,0;0;0,0;0,0;0,5713380788607885;True;"Licenciamento ambiental pendente; Meta concentrada no fim do ano; Tipo de obra que costuma atrasar";Aguardando emissao do licencimaneto IBAMA , processso 50500.018630/2024-53 Aguardando emissao do licencimaneto IBAMA , processso 50500.018630/2024-53 Aguardando emissao do licencimaneto IBAMA , processso 50500.018630/2024-53 Aguardando emissao do licencimaneto IBAMA , processso 50500.018630/2024-53
EPR IGUAÇU;2026,0;planejado;19082,0;3.4.3.6;Ponto de parada de descanso para caminhoneiros;BR-277/PR;Ponto de Parada e Descanso para Caminhoneiros;;;100,0;0;0,0;0,0;0,5712198202867379;True;"Projeto executivo não concluído; Prazo previsto curto; Meta concentrada no fim do ano";
EPR IGUAÇU;2026,0;planejado;19081,0;3.4.3.6;Ponto de parada de descanso para caminhoneiros;BR-277/PR;Ponto de Parada e Descanso para Caminhoneiros;;;100,0;0;0,0;0,0;0,5712198202867379;True;"Projeto executivo não concluído; Prazo previsto curto; Meta concentrada no fim do ano";
EPR IGUAÇU;2026,0;planejado;19083,0;3.4.3.6;Ponto de parada de descanso para caminhoneiros;PR-182/PR;Ponto de Parada e Descanso para Caminhoneiros;;;100,0;0;0,0;0,0;0,5712198202867379;True;"Projeto executivo não concluído; Prazo previsto curto; Meta concentrada no fim do ano";
ECOVIAS RIO MINAS;2025,0;planejado;4908,0;3.2.2;B. Implantação de Vias Marginais;BR-116/RJ;Via Marginal;0,627;;61,2;0;0,0;0,0;0,5711670822597027;True;"Meta espalhada por muitos meses; Tipo de obra que costuma atrasar; Projeto executivo não concluído";
ECOVIAS RIO MINAS;2025,0;planejado;15788,0;3.2.1;Alargamento da  Ponte sobre o Córrego Águas Lindas, km 208,42 - Faixa Adicional - Trecho km 204,32 ao 211,82 SNV2022 (PER: km 197,3 ao 204,8);BR-116/RJ;Alargamento de Obra-de-Arte Especial;0,02;;32,0;0;0,0;0,0;0,5701881379407301;True;"Tipo de obra que costuma atrasar; Meta anual pequena (obra em fase inicial/final); Meta concentrada no fim do ano";
ECOVIAS RIO MINAS;2025,0;planejado;15789,0;3.2.1;Alargamento da  Ponte sobre o Rio Piranema, km 209,13 - Faixa Adicional - Trecho km 204,32 ao 211,82 SNV2022 (PER: km 197,3 ao 204,8);BR-116/RJ;Alargamento de Obra-de-Arte Especial;0,03;;32,0;0;0,0;0,0;0,5701881379407301;True;"Tipo de obra que costuma atrasar; Meta anual pequena (obra em fase inicial/final); Meta concentrada no fim do ano";
ECOVIAS RIO MINAS;2025,0;planejado;15786,0;3.2.1;Alargamento da  Ponte sobre o Rio Piranema, km 209,13 - Faixa Adicional - Trecho km 204,32 ao 211,82 SNV2022 (PER: km 197,3 ao 204,8);BR-116/RJ;Alargamento de Obra-de-Arte Especial;0,02;;32,0;0;0,0;0,0;0,5701881379407301;True;"Tipo de obra que costuma atrasar; Meta anual pequena (obra em fase inicial/final); Meta concentrada no fim do ano";
ECOVIAS RIO MINAS;2025,0;planejado;4651,0;3.2.1;B. Implantação de Faixa Adicional;BR-116/RJ;Faixa Adicional;2,702;;72,52;0;0,0;0,0;0,5698491295318807;True;"Meta espalhada por muitos meses; Tipo de obra que costuma atrasar; Projeto executivo não concluído";
ROTA VERDE GOIÁS;2026,0;planejado;22963,0;3.4.3.6;Ponto de parada de descanso para caminhoneiros;BR-060/GO;Ponto de Parada e Descanso para Caminhoneiros;229,1;;100,0;0;0,0;0,0;0,5694236089075735;True;"Licenciamento ambiental pendente; Obra extensa (km); Ausência de: taxa histórica de atraso da concessionária";
ECOVIAS RIO MINAS;2025,0;planejado;12021,0;3.2.2;N. Caixas de Produtos Perigosos;BR-116/RJ;Caixa de Produtos Perigosos;;;50,52;0;0,0;0,0;0,5670134377091326;True;"Meta espalhada por muitos meses; Projeto executivo não concluído; Tipo de obra que costuma atrasar";
ECOVIAS RIO MINAS;2025,0;planejado;12022,0;3.2.2;N. Caixas de Produtos Perigosos;BR-116/RJ;Caixa de Produtos Perigosos;;;50,52;0;0,0;0,0;0,5670134377091326;True;"Meta espalhada por muitos meses; Projeto executivo não concluído; Tipo de obra que costuma atrasar";
ECOVIAS CAPIXABA;2025,0;em andamento;20833,0;3.2.2;F. Retornos em Nível – Tipo X ou Tipo U;BR-101/ES;Retorno em Nível;;;7,49;11;5,14;1,83;0,5667523207372337;True;"Meta anual pequena (obra em fase inicial/final); Meta concentrada no fim do ano; Tipo de obra que costuma atrasar";
NOVA ROTA DO OESTE;2025,0;planejado;22162,0;3.2.1.2;Área de Escape - Serra São Vicente;BR-163;Área de Escape;1,0;9643513,2;30,74;0;0,0;0,0;0,5666310675249469;True;"Observação cita questão judicial/regulatória; Meta concentrada no fim do ano; Meta anual pequena (obra em fase inicial/final)";Obra Extra-PER Obra Extra-PER - 17º Termo Aditivo Obra Extra-PER - 17º Termo Aditivo Obra Extra-PER - 17º Termo Aditivo Obra Extra-PER - 17º Termo Aditivo Obra Extra-PER - 17º Termo Aditivo
VIA SUL;2026,0;planejado;3583,0;3.1.3;Recuperação de OAE - km 253,8 BR-386/RS - Ponte sobre o Arroio Tatim;BR-386/RS;Recuperação ou Manutenção de Obra-de-Arte Especial;0,022;;72,5;0;0,0;0,0;0,5653151116614892;True;"Obra com muito avanço anterior; Projeto executivo não concluído; Prazo previsto curto";
NOVA 381;2026,0;em andamento;16142,0;3.2.1;C.Estabilização de Taludes da BR-381/MG;BR-381/MG;Recuperação de Terrapleno e Estrutura de Contenção;;;100,0;7;100,0;100,0;0,5569072376075718;True;"Obra com muito avanço anterior; Projeto executivo não concluído; Ausência de: taxa histórica de atraso da concessionária";
NOVA 364;2026,0;planejado;22462,0;3.2.2.D;D. Trombeta;BR-364/RO;Interseção em Desnível;;;80,0;0;0,0;0,0;0,5543449559714758;True;"Licenciamento ambiental pendente; Projeto executivo não concluído; Meta espalhada por muitos meses";
ECOVIAS DO CERRADO;2025,0;planejado;7096,0;3.2.1.4;Vias Marginais Trecho 2;BR-364/GO;Via Marginal;3,5;;46,0;0;0,0;0,0;0,5480747997728392;True;"Licenciamento ambiental pendente; Meta concentrada no fim do ano; Tipo de obra que costuma atrasar";Aguardando emissao do licencimaneto IBAMA , processso 50500.071218/2020-38 Aguardando emissao do licencimaneto IBAMA , processso 50500.071218/2020-38 Aguardando emissao do licencimaneto IBAMA , processso 50500.071218/2020-38 Aguardando emissao do licencimaneto IBAMA , processso 50500.071218/2020-38
MOTIVA PARANÁ;2026,0;planejado;20769,0;3.4.3.6;Ponto de parada de descanso para caminhoneiros;PR-PR-323;Ponto de Parada e Descanso para Caminhoneiros;;;100,0;0;0,0;0,0;0,5470919844835292;True;"Meta concentrada no fim do ano; Projeto executivo não concluído; Prazo previsto curto";
MOTIVA PARANÁ;2026,0;planejado;20770,0;3.4.3.6;Ponto de parada de descanso para caminhoneiros;BR-376;Ponto de Parada e Descanso para Caminhoneiros;;;100,0;0;0,0;0,0;0,5470919844835292;True;"Meta concentrada no fim do ano; Projeto executivo não concluído; Prazo previsto curto";
NOVA 364;2026,0;planejado;22394,0;3.2.1.C;C. ACESSOS PORTO NOVO;ACESSO 1;Melhoria em Acesso (local a definir);7,2;;70,0;0;0,0;0,0;0,5435257216784257;True;"Licenciamento ambiental pendente; Tipo de obra que costuma atrasar; Projeto executivo não concluído";
AUTOPISTA FLUMINENSE;2026,0;em andamento;24449,0;3.2.1;A. Duplicação;BR-101/RJ;Duplicação de Trecho Rodoviário;8,18;;11,92;3;0,0;7,709999999999999;0,5423871052940888;True;"Meta anual pequena (obra em fase inicial/final); Projeto executivo não concluído; Tipo de obra que costuma atrasar";
LITORAL PIONEIRO;2026,0;em andamento;6120,0;3.2.2.E;E. Trombeta;BR-369/PR;Retorno em Desnível;;;100,0;5;0,0;44,050000000000004;0,5419424657891684;True;"Licenciamento ambiental pendente; Meta concentrada no fim do ano; Projeto executivo não concluído";
LITORAL PIONEIRO;2026,0;em andamento;6202,0;3.2.2.F;F. Diamante;BR-153/PR;Retorno em Desnível;;;100,0;5;0,0;11,09;0,5419424657891684;True;"Licenciamento ambiental pendente; Projeto executivo não concluído; Meta concentrada no fim do ano";
LITORAL PIONEIRO;2026,0;em andamento;6199,0;3.2.2.F;F. Diamante;BR-153/PR;Retorno em Desnível;;;100,0;5;0,0;16,42;0,5419424657891684;True;"Licenciamento ambiental pendente; Meta concentrada no fim do ano; Projeto executivo não concluído";
VIA SUL;2026,0;planejado;166,0;3.2.1.2;Interconexão Tipo Diamante - km 218+700 - Tio Hugo ID-04;BR-386/RS;Interseção em Desnível;;;33,03;0;0,0;0,0;0,5418607262383771;True;"Obra com muito avanço anterior; Meta anual pequena (obra em fase inicial/final); Meta espalhada por muitos meses";
VIA SUL;2026,0;planejado;3581,0;3.1.3;Recuperação de OAE - km 222,03 BR-386/RS - Ponte sobre o Rio Porongos;BR-386/RS;Recuperação ou Manutenção de Obra-de-Arte Especial;0,056;;71,78;0;0,0;0,0;0,5390805984457765;True;"Obra com muito avanço anterior; Meta espalhada por muitos meses; Prazo previsto curto";
VIA SUL;2026,0;planejado;3582,0;3.1.3;Recuperação de OAE - km 234 BR-386/RS - Ponte sobre o Rio Espraiado;BR-386/RS;Recuperação ou Manutenção de Obra-de-Arte Especial;0,055;;56,54;0;0,0;0,0;0,5390805984457765;True;"Obra com muito avanço anterior; Meta espalhada por muitos meses; Prazo previsto curto";
VIA SUL;2026,0;planejado;1035,0;3.1.3;Recuperação de OAE - km 217,8 BR-386/RS - Ponte sobre o Rio Jacuí;BR-386/RS;Recuperação ou Manutenção de Obra-de-Arte Especial;0,062;;63,63;0;0,0;0,0;0,5390805984457765;True;"Obra com muito avanço anterior; Meta espalhada por muitos meses; Prazo previsto curto";
VIA SUL;2026,0;planejado;175,0;3.2.1.2;Retorno em Nivel - km 223+900 - Soledade ID-11;BR-386/RS;Retorno em Nível;;;63,36;0;0,0;0,0;0,5390639818737445;True;"Obra com muito avanço anterior; Tipo de obra que costuma atrasar; Meta espalhada por muitos meses";
VIA SUL;2026,0;planejado;2450,0;3.2.1.2;Iluminação em travessias urbanas - BR-290/RS ID 7 - Local: Gravataí—Porto Alegre (Ponte do Guaíba);BR-290/RS;Iluminação de Travessias Urbanas;23,6;;99,79;0;0,0;0,0;0,5379851529662801;True;"Tipo de obra que costuma atrasar; Prazo previsto curto";
VIA SUL;2026,0;planejado;2452,0;3.2.1.2;Iluminação em travessias urbanas - BR-448/RS ID 22 - Local: Rod. do Parque;BR-448/RS;Iluminação de Travessias Urbanas;22,3;;98,92;0;0,0;0,0;0,5379851529662801;True;"Tipo de obra que costuma atrasar; Prazo previsto curto";
VIA SUL;2026,0;planejado;173,0;3.2.1.2;Passarela - km 213+600 - Tio Hugo ID-16;BR-386/RS;Passarela (local definido);;;17,76;0;0,0;0,0;0,5358327322648714;True;"Obra com muito avanço anterior; Meta anual pequena (obra em fase inicial/final); Meta espalhada por muitos meses";
VIA CRISTAIS;2026,0;em andamento;19907,0;3.4.6.1;Reforma/Adequação de Posto de Pesagem Veicular;BR-040/MG;Reforma/Adequação de Posto de Pesagem Veicular;;;100,0;6;23,0;16,7;0,5351506324106945;True;"Projeto executivo não concluído; Ausência de: taxa histórica de atraso da concessionária; Meta espalhada por muitos meses";
VIA SUL;2026,0;planejado;4276,0;3.2.1.1;Duplicação de OAE - km 253,8 BR-386/RS - Ponte sobre o Arroio Tatim;BR-386/RS;Nova Obra-de-Arte Especial;0,025;;3,34;0;0,0;0,0;0,532349775380821;True;"Obra com muito avanço anterior; Meta anual pequena (obra em fase inicial/final); Projeto executivo não concluído";
ECOVIAS RIO MINAS;2025,0;planejado;15790,0;3.2.1;Alargamento do Viaduto sobre R.F.F.S.A , km 208,78  - Faixa Adicional - Trecho km 204,32 ao 211,82 SNV2022 (PER: km 197,3 ao 204,8);BR-116/RJ;Alargamento de Obra-de-Arte Especial;0,04;;32,0;0;0,0;0,0;0,529824185029983;True;"Tipo de obra que costuma atrasar; Meta anual pequena (obra em fase inicial/final); Meta concentrada no fim do ano";
ECOVIAS RIO MINAS;2025,0;planejado;15785,0;3.2.1;Alargamento do Viaduto s/R.F.F.S.A, km 208,78 - Faixa Adicional - Trecho km 204,32 ao 211,82 SNV2022 (PER: km 197,3 ao 204,8);BR-116/RJ;Alargamento de Obra-de-Arte Especial;0,04;;32,0;0;0,0;0,0;0,529824185029983;True;"Tipo de obra que costuma atrasar; Meta anual pequena (obra em fase inicial/final); Meta concentrada no fim do ano";
ECOVIAS RIO MINAS;2025,0;planejado;15784,0;3.2.1;Alargamento da Ponte sobre córrego Águas Lindas, km 208,42 - Faixa Adicional - Trecho km 204,32 ao 211,82 SNV2022 (PER: km 197,3 ao 204,8);BR-116/RJ;Alargamento de Obra-de-Arte Especial;0,04;;32,0;0;0,0;0,0;0,529824185029983;True;"Tipo de obra que costuma atrasar; Meta anual pequena (obra em fase inicial/final); Meta concentrada no fim do ano";
VIA ARAUCÁRIA;2026,0;planejado;6544,0;3.1.1.A;A. Duplicação - PR-418;PR-418;Duplicação de Trecho Rodoviário;3,77;;5,0;0;0,0;0,0;0,5290505630042345;True;"Meta anual pequena (obra em fase inicial/final); Meta concentrada no fim do ano; Tipo de obra que costuma atrasar";
ECOVIAS RIO MINAS;2025,0;planejado;15258,0;3.1.3;Implantação de passeio de pedestre no Viaduto s/Ferrovia, km 412,014 - trecho da Duplicação da via;BR-116/MG;Recuperação ou Manutenção de Obra-de-Arte Especial;0,057;;100,0;0;0,0;0,0;0,5272822123821052;True;"Projeto executivo não concluído; Meta concentrada no fim do ano; Prazo previsto curto";
ECOVIAS RIO MINAS;2025,0;planejado;15247,0;3.1.3;Reforço e alarg. do Viaduto s/Av. Jk, km 412,673 - trecho da Duplicação da via;BR-116/MG;Recuperação ou Manutenção de Obra-de-Arte Especial;0,055;;100,0;0;0,0;0,0;0,5272822123821052;True;"Projeto executivo não concluído; Meta concentrada no fim do ano; Prazo previsto curto";
EPR IGUAÇU;2026,0;planejado;19064,0;3.4.11.1;Contrução de UOPs da PRF Ponte da Integração BR-469/PR 0,90 km;BR-469;Unidade Operacional da Polícia Rodoviária Federal;;;100,0;0;0,0;0,0;0,5229815673093776;True;"Tipo de obra que costuma atrasar; Projeto executivo não concluído; Prazo previsto curto";
EPR IGUAÇU;2026,0;planejado;19087,0;3.4.11.1;Contrução de UOPs da PRF Guaraniaçu;BR-277/PR;Unidade Operacional da Polícia Rodoviária Federal;;;100,0;0;0,0;0,0;0,5229815673093776;True;"Tipo de obra que costuma atrasar; Projeto executivo não concluído; Prazo previsto curto";
EPR IGUAÇU;2026,0;planejado;19084,0;3.4.11.1;Contrução de UOPs da PRF Realeza;PR-182/PR;Unidade Operacional da Polícia Rodoviária Federal;;;100,0;0;0,0;0,0;0,5229815673093776;True;"Tipo de obra que costuma atrasar; Projeto executivo não concluído; Prazo previsto curto";
EPR IGUAÇU;2026,0;planejado;19085,0;3.4.11.1;Contrução de UOPs da PRF Ponte da Amizade;BR-277/PR;Unidade Operacional da Polícia Rodoviária Federal;;;100,0;0;0,0;0,0;0,5229815673093776;True;"Tipo de obra que costuma atrasar; Projeto executivo não concluído; Prazo previsto curto";
EPR IGUAÇU;2026,0;planejado;19086,0;3.4.11.1;Contrução de UOPs da PRF São Miguel do Iguaçu (Nova Roma);BR-277/PR;Unidade Operacional da Polícia Rodoviária Federal;;;100,0;0;0,0;0,0;0,5229815673093776;True;"Tipo de obra que costuma atrasar; Projeto executivo não concluído; Prazo previsto curto";
ECOVIAS DO CERRADO;2026,0;planejado;7087,0;3.2.1.2;Implantação de Terceira Faixa 5;BR-364/GO;Faixa Adicional;27,76;;100,0;0;0,0;0,0;0,5212435827949882;True;"Licenciamento ambiental pendente; Tipo de obra que costuma atrasar; Projeto executivo não concluído";Obra dividida em 7 trechos de atuação Obra dividida em 7 trechos de atuação Obra dividida em 7 trechos de atuação
ECOVIAS RIO MINAS;2025,0;planejado;12888,0;3.2.2;A. Travessias Urbanas - Magé/Guapimirim;BR-493/RJ;Iluminação de Travessias Urbanas;6,949;;100,0;0;0,0;0,0;0,5197591983135127;True;"Meta concentrada no fim do ano; Prazo previsto curto";
ECOVIAS RIO MINAS;2025,0;planejado;12887,0;3.2.2;A. Travessias Urbanas - Itaboraí;BR-493/RJ;Iluminação de Travessias Urbanas;6,8;;100,0;0;0,0;0,0;0,5197591983135127;True;"Meta concentrada no fim do ano; Prazo previsto curto";
VIA SUL;2026,0;planejado;15338,0;3.2.1.1;Duplicação de OAE - km 233+970 Norte da BR-386/RS - Ponte sobre o Rio Espraiado;BR-386/RS;Nova Obra-de-Arte Especial;0,102;;32,76;0;0,0;0,0;0,516768219449189;True;"Obra com muito avanço anterior; Meta anual pequena (obra em fase inicial/final); Meta espalhada por muitos meses";
ECOVIAS MINAS GOIÁS;2026,0;planejado;15292,0;3.2.1.2;Melhoria em Acesso - ID-5 - km 282,7 - Catalão;BR-050/GO;Melhoria em Acesso (local definido);;;7,1;0;0,0;0,0;0,5145870948991071;True;"Obra com muito avanço anterior; Meta anual pequena (obra em fase inicial/final); Projeto executivo não concluído";
ECOVIAS RIO MINAS;2025,0;planejado;12024,0;3.2.2;N. Caixas de Produtos Perigosos;BR-116/MG;Caixa de Produtos Perigosos;;;100,0;0;0,0;0,0;0,5104871272351916;True;"Meta espalhada por muitos meses; Projeto executivo não concluído; Tipo de obra que costuma atrasar";
ECOVIAS RIO MINAS;2025,0;planejado;12035,0;3.2.2;N. Caixas de Produtos Perigosos;BR-493/RJ;Caixa de Produtos Perigosos;;;100,0;0;0,0;0,0;0,5104871272351916;True;"Meta espalhada por muitos meses; Projeto executivo não concluído; Tipo de obra que costuma atrasar";
ECOVIAS RIO MINAS;2025,0;planejado;5018,0;3.2.2;H. Retornos - Tipo X;BR-116/MG;Retorno em Nível;;;100,0;0;0,0;0,0;0,5104871272351916;True;"Tipo de obra que costuma atrasar; Meta espalhada por muitos meses; Projeto executivo não concluído";
ECOVIAS RIO MINAS;2025,0;planejado;12034,0;3.2.2;N. Caixas de Produtos Perigosos;BR-493/RJ;Caixa de Produtos Perigosos;;;100,0;0;0,0;0,0;0,5104871272351916;True;"Meta espalhada por muitos meses; Projeto executivo não concluído; Tipo de obra que costuma atrasar";
ECOVIAS RIO MINAS;2025,0;planejado;5017,0;3.2.2;H. Retornos - Tipo X;BR-116/MG;Retorno em Nível;;;100,0;0;0,0;0,0;0,5104871272351916;True;"Tipo de obra que costuma atrasar; Meta espalhada por muitos meses; Projeto executivo não concluído";
AUTOPISTA LITORAL SUL;2026,0;planejado;12278,0;6.3.3.1.8;SISTEMA DE CONTROLE DE VELOCIDADE  - 6º TERMO ADITIVO - BR-116/376/PR e BR-101/SC - 405,94 km;BR-101/SC;Sistema de Controle de Velocidade;;25258169,3;11,76;0;0,0;0,0;0,5087397443462692;True;"Meta anual pequena (obra em fase inicial/final); Meta espalhada por muitos meses; Obra com muito avanço anterior";
PANTANAL;2025,0;em andamento;18245,0;3.2.2.H;Implantação Retorno em U - km 702,180;BR-163/MS;Meio Retorno em Nível;;;100,0;11;77,8;84,69000000000001;0,5084578479422431;True;"Meta espalhada por muitos meses; Projeto executivo não concluído; Meta concentrada no fim do ano";
ECOVIAS DO CERRADO;2024,0;planejado;7276,0;3.2.1.4;Rotatórias Alongadas - Cachoeira Alta - Estrada Posto Camaleão: RA-2A (2 acessos);BR-364/GO;Rotatória em Nível;;;2,93;0;0,0;0,0;0,5051101385889786;True;"Obra com muito avanço anterior; Meta anual pequena (obra em fase inicial/final); Tipo de obra que costuma atrasar";
ECOVIAS DO CERRADO;2024,0;planejado;7275,0;3.2.1.4;Rotatórias Alongadas - Entroncamento da BR-364 com GO-174(A)/Acesso Cachoeira Alta: RA-2A(2 acessos);BR-364/GO;Rotatória em Nível;;;2,79;0;0,0;0,0;0,5051101385889786;True;"Obra com muito avanço anterior; Meta anual pequena (obra em fase inicial/final); Tipo de obra que costuma atrasar";
VIA SUL;2026,0;planejado;3584,0;3.1.3;Recuperação de OAE - km 259,13 BR-386/RS - Ponte sobre o Arroio Penteado;BR-386/RS;Recuperação ou Manutenção de Obra-de-Arte Especial;0,021;;53,32;0;0,0;0,0;0,5021074743272025;True;"Projeto executivo não concluído; Obra com muito avanço anterior; Meta anual pequena (obra em fase inicial/final)";
VIA SUL;2026,0;planejado;157,0;3.2.1.2;Retorno em Nivel - km 259+000 - Fontoura Xavier ID-16;BR-386/RS;Retorno em Nível;;;2,0;0;0,0;0,0;0,5016010092333161;True;"Obra com muito avanço anterior; Meta anual pequena (obra em fase inicial/final); Tipo de obra que costuma atrasar";
VIA ARAUCÁRIA;2026,0;planejado;6545,0;3.1.1.A;A. Duplicação - PR-418;PR-418;Duplicação de Trecho Rodoviário;16,76;;70,0;0;0,0;0,0;0,4998950896382281;False;"Meta espalhada por muitos meses; Projeto executivo não concluído; Tipo de obra que costuma atrasar";
NOVA 364;2026,0;planejado;22395,0;3.2.1.C;C. ACESSOS PORTO NOVO;ACESSO 2;Melhoria em Acesso (local a definir);9,5;;60,0;0;0,0;0,0;0,49980230005491966;False;"Licenciamento ambiental pendente; Tipo de obra que costuma atrasar; Projeto executivo não concluído";
ECOVIAS RIO MINAS;2025,0;planejado;4645,0;3.2.1;B. Implantação de Faixa Adicional;BR-116/RJ;Faixa Adicional;0,344;;19,65;0;0,0;0,0;0,4994054103088316;False;"Meta anual pequena (obra em fase inicial/final); Meta espalhada por muitos meses; Tipo de obra que costuma atrasar";
LITORAL PIONEIRO;2026,0;em andamento;5901,0;3.2.1.B;A. Faixas Adicionais - BR-277;BR-277/PR;Faixa Adicional;2,6;;100,0;5;22,93;73,15;0,4987067634770255;False;"Licenciamento ambiental pendente; Meta espalhada por muitos meses; Tipo de obra que costuma atrasar";
LITORAL PIONEIRO;2026,0;em andamento;5900,0;3.2.1.B;A. Faixas Adicionais - BR-277;BR-277/PR;Faixa Adicional;2,6;;100,0;5;22,93;51,46000000000001;0,4987067634770255;False;"Licenciamento ambiental pendente; Meta espalhada por muitos meses; Tipo de obra que costuma atrasar";
VIA SUL;2026,0;planejado;15339,0;3.2.1.1;Duplicação de OAE - km 217+750 Norte BR-386 - Ponte sobre o Rio Jacuí;BR-386/RS;Nova Obra-de-Arte Especial;0,17;;6,99;0;0,0;0,0;0,4986428958783153;False;"Obra com muito avanço anterior; Meta anual pequena (obra em fase inicial/final); Prazo previsto curto";
VIA ARAUCÁRIA;2026,0;planejado;15679,0;3.1.2.S;BR-277/PR - Pontos de Ônibus km 249,6 - 281,2 / A definir;BR-277/PR;Ponto de Ônibus (local a definir);;;100,0;0;0,0;0,0;0,4954764386731545;False;"Meta concentrada no fim do ano; Projeto executivo não concluído; Tipo de obra que costuma atrasar";
VIA ARAUCÁRIA;2026,0;planejado;15678,0;3.1.2.S;BR-277/PR - Pontos de Ônibus km 249,6 - 281,2 / A definir;BR-277/PR;Ponto de Ônibus (local a definir);;;100,0;0;0,0;0,0;0,4954764386731545;False;"Meta concentrada no fim do ano; Projeto executivo não concluído; Tipo de obra que costuma atrasar";
VIA ARAUCÁRIA;2026,0;planejado;15680,0;3.1.2.S;BR-277/PR - Pontos de Ônibus km 249,6 - 281,2 / A definir;BR-277/PR;Ponto de Ônibus (local a definir);;;100,0;0;0,0;0,0;0,4954764386731545;False;"Meta concentrada no fim do ano; Projeto executivo não concluído; Tipo de obra que costuma atrasar";
ECOVIAS DO CERRADO;2024,0;planejado;7284,0;3.2.1.4;Rotatórias Alongadas - Acesso Naveslândia: RA-2A (2 acessos);BR-364/GO;Rotatória em Nível;;;83,35;0;0,0;0,0;0,49509479557809616;False;"Projeto executivo não concluído; Meta concentrada no fim do ano; Tipo de obra que costuma atrasar";
VIA SUL;2026,0;planejado;4275,0;3.2.1.1;Duplicação de OAE - km 259,13 BR-386/RS - Ponte sobre o Arroio Penteado;BR-386/RS;Nova Obra-de-Arte Especial;0,021;;8,72;0;0,0;0,0;0,4949255101223156;False;"Obra com muito avanço anterior; Meta anual pequena (obra em fase inicial/final); Projeto executivo não concluído";
ECOVIAS RIO MINAS;2025,0;planejado;4913,0;3.2.2;B. Implantação de Vias Marginais;BR-116/MG;Via Marginal;0,74;;100,0;0;0,0;0,0;0,49491886836792465;False;"Meta espalhada por muitos meses; Tipo de obra que costuma atrasar; Projeto executivo não concluído";
ECOVIAS RIO MINAS;2025,0;planejado;4917,0;3.2.2;B. Implantação de Vias Marginais;BR-116/MG;Via Marginal;0,865;;100,0;0;0,0;0,0;0,49491886836792465;False;"Meta espalhada por muitos meses; Tipo de obra que costuma atrasar; Projeto executivo não concluído";
ECOVIAS RIO MINAS;2025,0;planejado;4914,0;3.2.2;B. Implantação de Vias Marginais;BR-116/MG;Via Marginal;1,375;;100,0;0;0,0;0,0;0,49491886836792465;False;"Meta espalhada por muitos meses; Tipo de obra que costuma atrasar; Projeto executivo não concluído";
ECOVIAS RIO MINAS;2025,0;planejado;4918,0;3.2.2;B. Implantação de Vias Marginais;BR-116/MG;Via Marginal;1,22;;100,0;0;0,0;0,0;0,49491886836792465;False;"Meta espalhada por muitos meses; Tipo de obra que costuma atrasar; Projeto executivo não concluído";
LITORAL PIONEIRO;2026,0;em andamento;6201,0;3.2.2.F;F. Diamante;BR-153/PR;Retorno em Desnível;;;100,0;5;0,0;64,61;0,4938805970828261;False;"Licenciamento ambiental pendente; Projeto executivo não concluído; Desapropriação pendente";
MOTIVA MINAS SP;2026,0;planejado;28069,0;3.2.2;M. Passarelas;BR-381/SP;Passarela (local definido);;;100,0;0;0,0;0,0;0,49268030459719536;False;"Meta concentrada no fim do ano; Projeto executivo não concluído; Prazo previsto curto";
ECOVIAS RIO MINAS;2025,0;planejado;4646,0;3.2.1;B. Implantação de Faixa Adicional;BR-116/RJ;Faixa Adicional;0,997;;19,05;0;0,0;0,0;0,49030874593741014;False;"Meta anual pequena (obra em fase inicial/final); Meta espalhada por muitos meses; Tipo de obra que costuma atrasar";
ECOVIAS DO CERRADO;2025,0;planejado;13189,0;3.1.3;Alargamento e Adequação de OAE, Ponte sobre o Rio Doce BR-364/GO;BR-364/GO;Recuperação ou Manutenção de Obra-de-Arte Especial;0,07;;82,65;0;0,0;0,0;0,4876239794084366;False;"Prazo previsto curto; Obra com muito avanço anterior";
WAY 153;2026,0;planejado;27771,0;3.2.2;H. Passarelas;BR-153/GO;Passarela (local definido);;;100,0;0;0,0;0,0;0,4875294353812373;False;"Licenciamento ambiental pendente; Meta concentrada no fim do ano; Desapropriação pendente";
NOVA 364;2026,0;planejado;22563,0;3.2.2.J;J.Acessos;ACESSO 1;Melhoria em Acesso (local a definir);7,2;;100,0;0;0,0;0,0;0,4866386093413508;False;"Licenciamento ambiental pendente; Tipo de obra que costuma atrasar; Projeto executivo não concluído";
VIA ARAUCÁRIA;2026,0;planejado;6642,0;3.1.2.B;B. Vias Marginais;BR-277/PR;Via Marginal;3,9;;90,0;0;0,0;0,0;0,4846231900077031;False;"Meta espalhada por muitos meses; Tipo de obra que costuma atrasar; Projeto executivo não concluído";
ECOVIAS DO CERRADO;2026,0;planejado;14535,0;3.2.1.1;Nova OAE - Ponte sobre o Rio Tejuco BR-365/MG;BR-365/MG;Nova Obra-de-Arte Especial;0,177;;60,0;0;0,0;0,0;0,4832356495512626;False;"Licenciamento ambiental pendente; Meta concentrada no fim do ano; Desapropriação pendente";Aguardando emissão do licenciamento IBAMA , processo 50500.018630/2024-53 - Obra ser realizada concomitante a obra de duplicação Aguardando emissão do licenciamento IBAMA , processo 50500.018630/2024-53 - Obra ser realizada concomitante a obra de duplicação
ECOVIAS DO CERRADO;2026,0;planejado;7096,0;3.2.1.4;Vias Marginais Trecho 2;BR-364/GO;Via Marginal;3,5;;100,0;0;0,0;0,0;0,4781214064643931;False;"Tipo de obra que costuma atrasar; Meta concentrada no fim do ano; Prazo previsto curto";
LITORAL PIONEIRO;2026,0;em andamento;5915,0;3.2.2.N;N. Ciclovias;BR-277/PR;Ciclovia;3,9;;100,0;5;8,4;18,449999999999996;0,4754813579330415;False;"Licenciamento ambiental pendente; Meta concentrada no fim do ano; Meta espalhada por muitos meses";
ECOVIAS DO CERRADO;2024,0;planejado;7277,0;3.2.1.4;Rotatórias Alongadas - Cachoeira Alta - Acesso Norte: RA-1A (1 acesso);BR-364/GO;Rotatória em Nível;;;5,83;0;0,0;0,0;0,4743358871698225;False;"Obra com muito avanço anterior; Meta anual pequena (obra em fase inicial/final); Tipo de obra que costuma atrasar";
VIA ARAUCÁRIA;2026,0;planejado;6585,0;3.1.1.B;B. Faixas Adicionais;PR-418;Faixa Adicional;0,14;;100,0;0;0,0;0,0;0,47430246903587586;False;"Meta concentrada no fim do ano; Tipo de obra que costuma atrasar; Projeto executivo não concluído";
ECOVIAS MINAS GOIÁS;2026,0;planejado;15303,0;3.2.1.2;Interconexão tipo Trevo Completo - ID-1 - km 276,5 - Catalão;BR-050/GO;Interseção em Desnível;;;2,47;0;0,0;0,0;0,4711437660894572;False;"Obra com muito avanço anterior; Meta anual pequena (obra em fase inicial/final); Projeto executivo não concluído";
ECOVIAS RIO MINAS;2025,0;planejado;4915,0;3.2.2;B. Implantação de Vias Marginais;BR-116/MG;Via Marginal;0,51;;100,0;0;0,0;0,0;0,47008355204582186;False;"Meta espalhada por muitos meses; Tipo de obra que costuma atrasar; Projeto executivo não concluído";
ECOVIAS RIO MINAS;2025,0;planejado;4916,0;3.2.2;B. Implantação de Vias Marginais;BR-116/MG;Via Marginal;0,475;;100,0;0;0,0;0,0;0,47008355204582186;False;"Meta espalhada por muitos meses; Tipo de obra que costuma atrasar; Projeto executivo não concluído";
VIA CRISTAIS;2026,0;em andamento;19906,0;3.4.6.1;PPVf - Posto de Pesagem Veicular - Fixo;BR-040/MG;Reforma/Adequação de Posto de Pesagem Veicular;;;100,0;6;8,0;16,7;0,4691775616112594;False;"Projeto executivo não concluído; Ausência de: taxa histórica de atraso da concessionária; Prazo previsto curto";
NOVA 364;2025,0;em andamento;22416,0;3.4.3.1;Base de Serviços Operacionais com Atendimento aos Usuários -13;BR-364;Base de Serviços Operacionais com Atendimento aos Usuários;;;100,0;5;0,0;100,0;0,46717896785736973;False;"Meta concentrada no fim do ano; Projeto executivo não concluído; Prazo previsto curto";O projeto executivo será apresentado até dia 20/06/2026, conforme OFÍCIO SEI Nº 48595/2025/CPROJ/GEENG/SUROD/DIR-ANTT (SEI nº 38073586) O projeto executivo será apresentado até dia 20/06/2026, conforme OFÍCIO SEI Nº 48595/2025/CPROJ/GEENG/SUROD/DIR-ANTT (SEI nº 38073586) O projeto executivo será apresentado até dia 20/06/2026, conforme OFÍCIO SEI Nº 48595/2025/CPROJ/GEENG/SUROD/DIR-ANTT (SEI nº 38073586) O projeto executivo será apresentado até dia 20/06/2026, conforme OFÍCIO SEI Nº 48595/2025/CPROJ/GEENG/SUROD/DIR-ANTT (SEI nº 38073586)
NOVA 364;2025,0;em andamento;22415,0;3.4.3.1;Base de Serviços Operacionais com Atendimento aos Usuários -12;BR-364;Base de Serviços Operacionais com Atendimento aos Usuários;;;100,0;5;0,0;100,0;0,46717896785736973;False;"Meta concentrada no fim do ano; Projeto executivo não concluído; Prazo previsto curto";O projeto executivo será apresentado até dia 20/06/2026, conforme OFÍCIO SEI Nº 48589/2025/CPROJ/GEENG/SUROD/DIR-ANTT (SEI nº 38073110) O projeto executivo será apresentado até dia 20/06/2026, conforme OFÍCIO SEI Nº 48589/2025/CPROJ/GEENG/SUROD/DIR-ANTT (SEI nº 38073110) O projeto executivo será apresentado até dia 20/06/2026, conforme OFÍCIO SEI Nº 48589/2025/CPROJ/GEENG/SUROD/DIR-ANTT (SEI nº 38073110) O projeto executivo será apresentado até dia 20/06/2026, conforme OFÍCIO SEI Nº 48589/2025/CPROJ/GEENG/SUROD/DIR-ANTT (SEI nº 38073110)
NOVA 364;2025,0;em andamento;22410,0;3.4.3.1;Base de Serviços Operacionais com Atendimento aos Usuários -7;BR-364;Base de Serviços Operacionais com Atendimento aos Usuários;;;100,0;5;0,0;100,0;0,46717896785736973;False;"Meta concentrada no fim do ano; Projeto executivo não concluído; Prazo previsto curto";O projeto executivo será apresentado até dia 20/06/2026, conforme OFÍCIO SEI Nº 48502/2025/CPROJ/GEENG/SUROD/DIR-ANTT (SEI nº  38066492) O projeto executivo será apresentado até dia 20/06/2026, conforme OFÍCIO SEI Nº 48502/2025/CPROJ/GEENG/SUROD/DIR-ANTT (SEI nº  38066492) O projeto executivo será apresentado até dia 20/06/2026, conforme OFÍCIO SEI Nº 48502/2025/CPROJ/GEENG/SUROD/DIR-ANTT (SEI nº  38066492) O projeto executivo será apresentado até dia 20/06/2026, conforme OFÍCIO SEI Nº 48502/2025/CPROJ/GEENG/SUROD/DIR-ANTT (SEI nº  38066492)
NOVA 364;2025,0;em andamento;22412,0;3.4.3.1;Base de Serviços Operacionais com Atendimento aos Usuários -9;BR-364;Base de Serviços Operacionais com Atendimento aos Usuários;;;100,0;5;0,0;100,0;0,46717896785736973;False;"Meta concentrada no fim do ano; Projeto executivo não concluído; Prazo previsto curto";O projeto executivo será apresentado até dia 20/06/2026, conforme OFÍCIO SEI Nº 48514/2025/CPROJ/GEENG/SUROD/DIR-ANTT (SEI nº 38066611) O projeto executivo será apresentado até dia 20/06/2026, conforme OFÍCIO SEI Nº 48514/2025/CPROJ/GEENG/SUROD/DIR-ANTT (SEI nº 38066611) O projeto executivo será apresentado até dia 20/06/2026, conforme OFÍCIO SEI Nº 48514/2025/CPROJ/GEENG/SUROD/DIR-ANTT (SEI nº 38066611) O projeto executivo será apresentado até dia 20/06/2026, conforme OFÍCIO SEI Nº 48514/2025/CPROJ/GEENG/SUROD/DIR-ANTT (SEI nº 38066611)
NOVA 364;2025,0;em andamento;22413,0;3.4.3.1;Base de Serviços Operacionais com Atendimento aos Usuários -10;BR-364;Base de Serviços Operacionais com Atendimento aos Usuários;;;100,0;5;0,0;100,0;0,46717896785736973;False;"Meta concentrada no fim do ano; Projeto executivo não concluído; Prazo previsto curto";O projeto executivo será apresentado até dia 20/06/2026, conforme OFÍCIO SEI Nº 48519/2025/CPROJ/GEENG/SUROD/DIR-ANTT (SEI nº  38066672) O projeto executivo será apresentado até dia 20/06/2026, conforme OFÍCIO SEI Nº 48519/2025/CPROJ/GEENG/SUROD/DIR-ANTT (SEI nº  38066672) O projeto executivo será apresentado até dia 20/06/2026, conforme OFÍCIO SEI Nº 48519/2025/CPROJ/GEENG/SUROD/DIR-ANTT (SEI nº  38066672) O projeto executivo será apresentado até dia 20/06/2026, conforme OFÍCIO SEI Nº 48519/2025/CPROJ/GEENG/SUROD/DIR-ANTT (SEI nº  38066672)
NOVA 364;2025,0;em andamento;22406,0;3.4.3.1;Base de Serviços Operacionais com Atendimento aos Usuários -3;BR-364;Base de Serviços Operacionais com Atendimento aos Usuários;;;100,0;5;0,0;100,0;0,46717896785736973;False;"Meta concentrada no fim do ano; Projeto executivo não concluído; Prazo previsto curto";O projeto executivo será apresentado até dia 20/06/2026, conforme OFÍCIO SEI Nº 46708/2025/CPROJ/GEENG/SUROD/DIR-ANTT  (SEI nº 37809236) O projeto executivo será apresentado até dia 20/06/2026, conforme OFÍCIO SEI Nº 46708/2025/CPROJ/GEENG/SUROD/DIR-ANTT  (SEI nº 37809236) O projeto executivo será apresentado até dia 20/06/2026, conforme OFÍCIO SEI Nº 46708/2025/CPROJ/GEENG/SUROD/DIR-ANTT  (SEI nº 37809236) O projeto executivo será apresentado até dia 20/06/2026, conforme OFÍCIO SEI Nº 46708/2025/CPROJ/GEENG/SUROD/DIR-ANTT  (SEI nº 37809236)
NOVA 364;2025,0;em andamento;22411,0;3.4.3.1;Base de Serviços Operacionais com Atendimento aos Usuários -8;BR-364;Base de Serviços Operacionais com Atendimento aos Usuários;;;100,0;5;0,0;100,0;0,46717896785736973;False;"Meta concentrada no fim do ano; Projeto executivo não concluído; Prazo previsto curto";O projeto executivo será apresentado até dia 20/06/2026, conforme OFÍCIO SEI Nº 48506/2025/CPROJ/GEENG/SUROD/DIR-ANTT (SEI nº38066521) O projeto executivo será apresentado até dia 20/06/2026, conforme OFÍCIO SEI Nº 48506/2025/CPROJ/GEENG/SUROD/DIR-ANTT (SEI nº38066521) O projeto executivo será apresentado até dia 20/06/2026, conforme OFÍCIO SEI Nº 48506/2025/CPROJ/GEENG/SUROD/DIR-ANTT (SEI nº38066521) O projeto executivo será apresentado até dia 20/06/2026, conforme OFÍCIO SEI Nº 48506/2025/CPROJ/GEENG/SUROD/DIR-ANTT (SEI nº38066521)
NOVA 364;2025,0;em andamento;22417,0;3.4.3.1;Base de Serviços Operacionais com Atendimento aos Usuários -14;BR-364;Base de Serviços Operacionais com Atendimento aos Usuários;;;100,0;5;0,0;100,0;0,46717896785736973;False;"Meta concentrada no fim do ano; Projeto executivo não concluído; Prazo previsto curto";O projeto executivo será apresentado até dia 20/06/2026, conforme OFÍCIO SEI Nº 48602/2025/CPROJ/GEENG/SUROD/DIR-ANTT (SEI nº 38075662) O projeto executivo será apresentado até dia 20/06/2026, conforme OFÍCIO SEI Nº 48602/2025/CPROJ/GEENG/SUROD/DIR-ANTT (SEI nº 38075662) O projeto executivo será apresentado até dia 20/06/2026, conforme OFÍCIO SEI Nº 48602/2025/CPROJ/GEENG/SUROD/DIR-ANTT (SEI nº 38075662) O projeto executivo será apresentado até dia 20/06/2026, conforme OFÍCIO SEI Nº 48602/2025/CPROJ/GEENG/SUROD/DIR-ANTT (SEI nº 38075662)
NOVA 364;2025,0;em andamento;22414,0;3.4.3.1;Base de Serviços Operacionais com Atendimento aos Usuários -11;BR-364;Base de Serviços Operacionais com Atendimento aos Usuários;;;100,0;5;0,0;100,0;0,46717896785736973;False;"Meta concentrada no fim do ano; Projeto executivo não concluído; Prazo previsto curto";O projeto executivo será apresentado até dia 20/06/2026, conforme OFÍCIO SEI Nº 48520/2025/CPROJ/GEENG/SUROD/DIR-ANTT (SEI nº 38066820) O projeto executivo será apresentado até dia 20/06/2026, conforme OFÍCIO SEI Nº 48520/2025/CPROJ/GEENG/SUROD/DIR-ANTT (SEI nº 38066820) O projeto executivo será apresentado até dia 20/06/2026, conforme OFÍCIO SEI Nº 48520/2025/CPROJ/GEENG/SUROD/DIR-ANTT (SEI nº 38066820) O projeto executivo será apresentado até dia 20/06/2026, conforme OFÍCIO SEI Nº 48520/2025/CPROJ/GEENG/SUROD/DIR-ANTT (SEI nº 38066820)
NOVA 364;2025,0;em andamento;22409,0;3.4.3.1;Base de Serviços Operacionais com Atendimento aos Usuários -6;BR-364;Base de Serviços Operacionais com Atendimento aos Usuários;;;100,0;5;0,0;100,0;0,46717896785736973;False;"Meta concentrada no fim do ano; Projeto executivo não concluído; Prazo previsto curto";O projeto executivo será apresentado até dia 20/06/2026, conforme OFÍCIO SEI Nº 48393/2025/CPROJ/GEENG/SUROD/DIR-ANTT (SEI nº 38058397) O projeto executivo será apresentado até dia 20/06/2026, conforme OFÍCIO SEI Nº 48393/2025/CPROJ/GEENG/SUROD/DIR-ANTT (SEI nº 38058397) O projeto executivo será apresentado até dia 20/06/2026, conforme OFÍCIO SEI Nº 48393/2025/CPROJ/GEENG/SUROD/DIR-ANTT (SEI nº 38058397) O projeto executivo será apresentado até dia 20/06/2026, conforme OFÍCIO SEI Nº 48393/2025/CPROJ/GEENG/SUROD/DIR-ANTT (SEI nº 38058397)
NOVA 364;2025,0;em andamento;22407,0;3.4.3.1;Base de Serviços Operacionais com Atendimento aos Usuários -4;BR-364;Base de Serviços Operacionais com Atendimento aos Usuários;;;100,0;5;0,0;100,0;0,46717896785736973;False;"Meta concentrada no fim do ano; Projeto executivo não concluído; Prazo previsto curto";O projeto executivo será apresentado até dia 20/06/2026, conforme OFÍCIO SEI Nº 47475/2025/CPROJ/GEENG/SUROD/DIR-ANTT (SEI nº 37929206) O projeto executivo será apresentado até dia 20/06/2026, conforme OFÍCIO SEI Nº 47475/2025/CPROJ/GEENG/SUROD/DIR-ANTT (SEI nº 37929206) O projeto executivo será apresentado até dia 20/06/2026, conforme OFÍCIO SEI Nº 47475/2025/CPROJ/GEENG/SUROD/DIR-ANTT (SEI nº 37929206) O projeto executivo será apresentado até dia 20/06/2026, conforme OFÍCIO SEI Nº 47475/2025/CPROJ/GEENG/SUROD/DIR-ANTT (SEI nº 37929206)
NOVA 364;2025,0;em andamento;22408,0;3.4.3.1;Base de Serviços Operacionais com Atendimento aos Usuários -5;BR-364;Base de Serviços Operacionais com Atendimento aos Usuários;;;100,0;5;0,0;100,0;0,46717896785736973;False;"Meta concentrada no fim do ano; Projeto executivo não concluído; Prazo previsto curto";O projeto executivo será apresentado até dia 20/06/2026, conforme OFÍCIO SEI Nº 47480/2025/CPROJ/GEENG/SUROD/DIR-ANTT (SEI nº 37929779) O projeto executivo será apresentado até dia 20/06/2026, conforme OFÍCIO SEI Nº 47480/2025/CPROJ/GEENG/SUROD/DIR-ANTT (SEI nº 37929779) O projeto executivo será apresentado até dia 20/06/2026, conforme OFÍCIO SEI Nº 47480/2025/CPROJ/GEENG/SUROD/DIR-ANTT (SEI nº 37929779) O projeto executivo será apresentado até dia 20/06/2026, conforme OFÍCIO SEI Nº 47480/2025/CPROJ/GEENG/SUROD/DIR-ANTT (SEI nº 37929779)
NOVA 364;2025,0;em andamento;22404,0;3.4.3.1;Base de Serviços Operacionais com Atendimento aos Usuários -1;BR-364;Base de Serviços Operacionais com Atendimento aos Usuários;;;100,0;5;0,0;100,0;0,46717896785736973;False;"Meta concentrada no fim do ano; Projeto executivo não concluído; Prazo previsto curto";O projeto executivo será apresentado até dia 20/06/2026 conforme OFÍCIO SEI Nº 46575/2025/CPROJ/GEENG/SUROD/DIR-ANTT (SEI nº 37798055) O projeto executivo será apresentado até dia 20/06/2026 conforme OFÍCIO SEI Nº 46575/2025/CPROJ/GEENG/SUROD/DIR-ANTT (SEI nº 37798055) O projeto executivo será apresentado até dia 20/06/2026 conforme OFÍCIO SEI Nº 46575/2025/CPROJ/GEENG/SUROD/DIR-ANTT (SEI nº 37798055) O projeto executivo será apresentado até dia 20/06/2026 conforme OFÍCIO SEI Nº 46575/2025/CPROJ/GEENG/SUROD/DIR-ANTT (SEI nº 37798055)
NOVA 364;2025,0;em andamento;22405,0;3.4.3.1;Base de Serviços Operacionais com Atendimento aos Usuários -2;BR-364;Base de Serviços Operacionais com Atendimento aos Usuários;;;100,0;5;0,0;100,0;0,46717896785736973;False;"Meta concentrada no fim do ano; Projeto executivo não concluído; Prazo previsto curto";O projeto executivo será apresentado até dia 20/06/2026, conforme OFÍCIO SEI Nº 46603/2025/CPROJ/GEENG/SUROD/DIR-ANTT (SEI nº 37798831) O projeto executivo será apresentado até dia 20/06/2026, conforme OFÍCIO SEI Nº 46603/2025/CPROJ/GEENG/SUROD/DIR-ANTT (SEI nº 37798831) O projeto executivo será apresentado até dia 20/06/2026, conforme OFÍCIO SEI Nº 46603/2025/CPROJ/GEENG/SUROD/DIR-ANTT (SEI nº 37798831) O projeto executivo será apresentado até dia 20/06/2026, conforme OFÍCIO SEI Nº 46603/2025/CPROJ/GEENG/SUROD/DIR-ANTT (SEI nº 37798831)
VIA SUL;2026,0;planejado;169,0;3.2.1.2;Interconexão Tipo Trombeta - km 225+320 - Mormaco ID-03;BR-386/RS;Interseção em Desnível;;;64,67;0;0,0;0,0;0,4661847063987696;False;"Obra com muito avanço anterior; Meta espalhada por muitos meses; Prazo previsto curto";
LITORAL PIONEIRO;2026,0;em andamento;6118,0;3.2.2.E;E. Trombeta;BR-153/PR;Retorno em Desnível;;;100,0;5;22,28;16,67;0,46579787849896975;False;"Licenciamento ambiental pendente; Projeto executivo não concluído; Meta espalhada por muitos meses";
ECOVIAS DO CERRADO;2026,0;planejado;7187,0;3.2.1.4;Melhoria de Acessos - TH10 - Pista Duplicada;BR-365/MG;Melhoria em Acesso (local a definir);59,2;;100,0;0;0,0;0,0;0,46575771953825335;False;"Tipo de obra que costuma atrasar; Meta concentrada no fim do ano; Obra extensa (km)";
ECOVIAS DO CERRADO;2026,0;planejado;7188,0;3.2.1.4;Melhoria de Acessos - TH10 - Pista Duplicada;BR-365/MG;Melhoria em Acesso (local a definir);59,2;;100,0;0;0,0;0,0;0,46575771953825335;False;"Tipo de obra que costuma atrasar; Meta concentrada no fim do ano; Obra extensa (km)";
EPR IGUAÇU;2025,0;em andamento;17717,0;3.4.11.2;Veículos da PRF (12 unidades, do 1º ao 4º ano,  sendo 3 un. (25%)  em cada ano concessão);BR-277/PR;Veículos da Polícia Rodoviária Federal;;;200,0;9;0,0;100,0;0,4585780730951165;False;"Meta concentrada no fim do ano; Obra com muito avanço anterior; Prazo previsto curto";3 unidades no ano 01 3 unidades no ano 01 3 unidades no ano 01 3 unidades no ano 01
ECOVIAS RIO MINAS;2025,0;planejado;4670,0;3.2.1;B. Implantação de Faixa Adicional;BR-116/RJ;Faixa Adicional;7,5;;32,84;0;0,0;0,0;0,45198759448633496;False;"Tipo de obra que costuma atrasar; Meta anual pequena (obra em fase inicial/final); Meta espalhada por muitos meses";
ECOVIAS RIO MINAS;2025,0;planejado;4669,0;3.2.1;B. Implantação de Faixa Adicional;BR-116/RJ;Faixa Adicional;7,5;;32,84;0;0,0;0,0;0,45198759448633496;False;"Tipo de obra que costuma atrasar; Meta anual pequena (obra em fase inicial/final); Meta espalhada por muitos meses";
ECOVIAS RIO MINAS;2025,0;planejado;4902,0;3.2.2;B. Implantação de Vias Marginais;BR-116/RJ;Via Marginal;2,64;;67,14;0;0,0;0,0;0,45111813894748715;False;"Meta espalhada por muitos meses; Tipo de obra que costuma atrasar; Projeto executivo não concluído";
ECOVIAS MINAS GOIÁS;2026,0;planejado;15304,0;3.2.1.2;Interconexão Trombeta - ID-1 - km 4,0 - Araguari;BR-050/MG;Interseção em Desnível;;;1,12;0;0,0;0,0;0,4500433594545331;False;"Obra com muito avanço anterior; Meta anual pequena (obra em fase inicial/final); Projeto executivo não concluído";Realocamento da obra do km 4 para 280,615 Realocamento da obra do km 4 para 280,615
ECOVIAS MINAS GOIÁS;2026,0;planejado;15306,0;3.2.1.2;Interconexão Diamante - ID-3 - km 140,3 - Uberaba;BR-050/MG;Interseção em Desnível;;;2,7;0;0,0;0,0;0,4500433594545331;False;"Obra com muito avanço anterior; Meta anual pequena (obra em fase inicial/final); Projeto executivo não concluído";Realocamento da obra do km 140,300 para 283,15 Realocamento da obra do km 140,300 para 283,15
ECOVIAS CAPIXABA;2025,0;em andamento;20829,0;3.2.2;F. Retornos em Nível – Tipo X ou Tipo U;BR-101/ES;Retorno em Nível;;;8,39;11;6,03;57,050000000000004;0,44863098458000117;False;"Meta anual pequena (obra em fase inicial/final); Tipo de obra que costuma atrasar; Meta concentrada no fim do ano";
ECOVIAS CAPIXABA;2025,0;em andamento;20830,0;3.2.2;F. Retornos em Nível – Tipo X ou Tipo U;BR-101/ES;Retorno em Nível;;;8,39;11;6,03;28,08;0,44863098458000117;False;"Meta anual pequena (obra em fase inicial/final); Tipo de obra que costuma atrasar; Meta concentrada no fim do ano";
ECOVIAS DO CERRADO;2025,0;planejado;14535,0;3.2.1.1;Nova OAE - Ponte sobre o Rio Tejuco BR-365/MG;BR-365/MG;Nova Obra-de-Arte Especial;0,177;;24,0;0;0,0;0,0;0,44674704498953655;False;"Licenciamento ambiental pendente; Meta anual pequena (obra em fase inicial/final); Desapropriação pendente";Aguardando emissao do licencimaneto IBAMA , processso 50500.018630/2024-53 - Obra ser realizada concomitante a obra de duplicação Aguardando emissao do licencimaneto IBAMA , processso 50500.018630/2024-53 - Obra ser realizada concomitante a obra de duplicação Aguardando emissao do licencimaneto IBAMA , processso 50500.018630/2024-53 - Obra ser realizada concomitante a obra de duplicação Aguardando emissao do licencimaneto IBAMA , processso 50500.018630/2024-53 - Obra ser realizada concomitante a obra de duplicação
VIA SUL;2026,0;planejado;168,0;3.2.1.2;Interconexão Tipo Trevo Completo - km 213+100 - Tio Hugo ID-01;BR-386/RS;Interseção em Desnível;;;51,3;0;0,0;0,0;0,4451194651411783;False;"Obra com muito avanço anterior; Meta anual pequena (obra em fase inicial/final); Meta espalhada por muitos meses";
NOVA 381;2026,0;em andamento;16120,0;3.2.1;C.Estabilização de Taludes da BR-381/MG;BR-381/MG;Recuperação de Terrapleno e Estrutura de Contenção;;;100,0;7;31,75;10,0;0,44304870027953436;False;"Projeto executivo não concluído; Ausência de: taxa histórica de atraso da concessionária; Baixa execução no ano até agora";
NOVA 381;2026,0;em andamento;16119,0;3.2.1;C.Estabilização de Taludes da BR-381/MG;BR-381/MG;Recuperação de Terrapleno e Estrutura de Contenção;;;100,0;7;31,75;10,0;0,44304870027953436;False;"Projeto executivo não concluído; Ausência de: taxa histórica de atraso da concessionária; Baixa execução no ano até agora";
VIA SUL;2026,0;planejado;24033,0;3.2.1.1;Duplicações - km 243+600 ao km 269+200 - Soledade e Fontoura Xavier Segmento - C;BR-386/RS;Duplicação de Trecho Rodoviário;25,6;;14,86;0;0,0;0,0;0,44057897074616953;False;"Obra com muito avanço anterior; Meta anual pequena (obra em fase inicial/final); Tipo de obra que costuma atrasar";
ECOVIAS CAPIXABA;2025,0;em andamento;20748,0;3.2.2;B. Correção de Traçado Horizontal;BR-101/ES;Correção de Traçado;0,0;;10,14;11;7,779999999999999;4,39;0,4394103803779329;False;"Meta anual pequena (obra em fase inicial/final); Projeto executivo não concluído; Meta concentrada no fim do ano";
VIA CRISTAIS;2026,0;em andamento;18165,0;3.4.3.6;PPD1  3.4.3.6 Ponto de Parada e Descanso – PPD;BR-040/GO;Ponto de Parada e Descanso para Caminhoneiros;;;100,0;6;32,0;14,58;0,43667690385075136;False;"Licenciamento ambiental pendente; Projeto executivo não concluído; Meta espalhada por muitos meses";
VIA CRISTAIS;2026,0;em andamento;18166,0;3.4.3.6;PPD2  3.4.3.6 Ponto de Parada e Descanso – PPD;BR-040/MG;Ponto de Parada e Descanso para Caminhoneiros;;;100,0;6;32,0;11,879999999999999;0,43667690385075136;False;"Licenciamento ambiental pendente; Projeto executivo não concluído; Meta espalhada por muitos meses";
VIA SUL;2026,0;planejado;15340,0;3.2.1.1;Duplicação de OAE - km 222+000 Norte da BR-386/RS - Ponte sobre o Rio Porongos;BR-386/RS;Nova Obra-de-Arte Especial;0,115;;7,81;0;0,0;0,0;0,43499784393302765;False;"Obra com muito avanço anterior; Meta anual pequena (obra em fase inicial/final); Meta espalhada por muitos meses";
ECOVIAS RIO MINAS;2025,0;planejado;15438,0;3.2.1;Ponte sobre o canal Caioaba, km 137,149 - Faixa Adicional - Trecho km 127,1 ao 137,11 SNV2022 (PER: km 124,4 ao 134,4).;BR-116/RJ;Alargamento de Obra-de-Arte Especial;0,022;;29,0;0;0,0;0,0;0,4276136872862676;False;"Meta concentrada no fim do ano; Tipo de obra que costuma atrasar; Meta anual pequena (obra em fase inicial/final)";
ECOVIAS RIO MINAS;2025,0;planejado;15437,0;3.2.1;Ponte sobre o Rio Inhomirim, km 136,534 - Faixa Adicional - Trecho km 127,1 ao 137,11 SNV2022 (PER: km 124,4 ao 134,4).;BR-116/RJ;Alargamento de Obra-de-Arte Especial;0,03;;34,5;0;0,0;0,0;0,4276136872862676;False;"Meta concentrada no fim do ano; Tipo de obra que costuma atrasar; Meta anual pequena (obra em fase inicial/final)";
ECOVIAS DO CERRADO;2025,0;planejado;7267,0;3.2.1.4;Melhoria de Interseção: Implantação de Taper (08 unidades) - Entroncamento BR-154 (A);BR-365/MG;Adequação de Dispositivo Existente;;;46,0;0;0,0;0,0;0,42204392201686436;False;"Meta concentrada no fim do ano; Meta anual pequena (obra em fase inicial/final); Tipo de obra que costuma atrasar";Acompanha obra de duplicação (km 751+600) Acompanha obra de duplicação (km 751+600) Acompanha obra de duplicação (km 751+600) Acompanha obra de duplicação (km 751+600)
ECOVIAS MINAS GOIÁS;2026,0;planejado;15308,0;3.2.1.2;Interconexão Diamante - ID-14 - km 273,2 - Catalão;BR-050/GO;Interseção em Desnível;;;10,8;0;0,0;0,0;0,421869769574789;False;"Obra com muito avanço anterior; Meta anual pequena (obra em fase inicial/final); Projeto executivo não concluído";Realocamento da obra do km 273,200 para 277,950 Realocamento da obra do km 273,200 para 277,950
ECOVIAS DO ARAGUAIA;2025,0;planejado;8554,0;3.1.3;Reforço e alargamento da OAE Viaduto de Gurupi sentido sul.;BR-153/TO;Recuperação ou Manutenção de Obra-de-Arte Especial;0,036;;100,0;0;0,0;0,0;0,4163033986742583;False;"Meta concentrada no fim do ano; Prazo previsto curto";
ECOVIAS DO ARAGUAIA;2025,0;planejado;8553,0;3.1.3;Reforço e alargamento da OAE Viaduto de Gurupi sentido norte.;BR-153/TO;Recuperação ou Manutenção de Obra-de-Arte Especial;0,036;;100,0;0;0,0;0,0;0,4163033986742583;False;"Meta concentrada no fim do ano; Prazo previsto curto";
NOVA 364;2026,0;planejado;22481,0;3.2.2.G;G. Rotatórias Alongadas;ACESSO 1;Rotatória em Nível;;;100,0;0;0,0;0,0;0,41595969193099785;False;"Licenciamento ambiental pendente; Tipo de obra que costuma atrasar; Prazo previsto curto";
LITORAL PIONEIRO;2026,0;em andamento;6119,0;3.2.2.E;E. Trombeta;BR-153/PR;Retorno em Desnível;;;100,0;5;10,86;40,019999999999996;0,41408314801051427;False;"Licenciamento ambiental pendente; Projeto executivo não concluído; Desapropriação pendente";
ECOVIAS RIO MINAS;2025,0;planejado;15175,0;3.1.3;Implantação de passeio para pedestres na passagem inferior EI – Km 49,58 da BR-49/RJ;BR-493/RJ;Recuperação ou Manutenção de Obra-de-Arte Especial;0,023;;100,0;0;0,0;0,0;0,41140505606043143;False;Prazo previsto curto;
ECOVIAS RIO MINAS;2025,0;planejado;15230,0;3.1.3;Implantação de passeio para pedestres - PI - E - km 117,765 da BR493/RJ;BR-493/RJ;Recuperação ou Manutenção de Obra-de-Arte Especial;0,033;;100,0;0;0,0;0,0;0,41140505606043143;False;Prazo previsto curto;
ECOVIAS RIO MINAS;2025,0;planejado;15229,0;3.1.3;Implantação de passeio para pedestres - PI - I - km 117,75  da BR493/RJ;BR-493/RJ;Recuperação ou Manutenção de Obra-de-Arte Especial;0,031;;100,0;0;0,0;0,0;0,41140505606043143;False;Prazo previsto curto;
LITORAL PIONEIRO;2026,0;em andamento;6204,0;3.2.2.F;F. Diamante;BR-153/PR;Retorno em Desnível;;;100,0;5;13,419999999999998;34,47;0,408759088897248;False;"Licenciamento ambiental pendente; Projeto executivo não concluído; Meta concentrada no fim do ano";
ECOVIAS MINAS GOIÁS;2026,0;planejado;15285,0;3.2.1.2;Via Marginal - ID-7 - Km 276,5 ao km 280,5 - Sentido Norte - Catalão;BR-050/GO;Via Marginal;4,0;;3,8;0;0,0;0,0;0,4065230785097825;False;"Obra com muito avanço anterior; Meta anual pequena (obra em fase inicial/final); Tipo de obra que costuma atrasar";
ELOVIAS;2025,0;em andamento;23708,0;3.4.3.1;Base de Serviços Operacionais (BSO/SAU);BR-040/RJ;Base de Serviços Operacionais com Atendimento aos Usuários;;;100,0;9;29,33;10,33;0,4037210213755907;False;"Meta concentrada no fim do ano; Projeto executivo não concluído; Baixa execução no ano até agora";
NOVA 381;2026,0;em andamento;18379,0;3.4.3.6;Ponto de parada de descanso para caminhoneiros;BR-381/MG;Ponto de Parada e Descanso para Caminhoneiros;;;100,0;7;42,2;40,4;0,4000359128294174;False;"Projeto executivo não concluído; Ausência de: taxa histórica de atraso da concessionária; Prazo previsto curto";
VIA ARAUCÁRIA;2026,0;planejado;6633,0;3.1.2.A;A. Travessias urbanas - Araucária;PR-423;Iluminação de Travessias Urbanas;2,45;;100,0;0;0,0;0,0;0,397484523922925;False;"Meta concentrada no fim do ano; Projeto executivo não concluído; Tipo de obra que costuma atrasar";
ECOVIAS RIO MINAS;2025,0;planejado;12194,0;3.2.2;F. Interseções - Trevo;BR-493/RJ;Interseção em Desnível;;;72,69;0;0,0;0,0;0,3972221515928928;False;"Meta espalhada por muitos meses; Projeto executivo não concluído; Prazo previsto curto";
ECOVIAS RIO MINAS;2025,0;planejado;12045,0;3.2.2;C. Interseções - Diamantes;BR-116/RJ;Interseção em Desnível;;;56,29;0;0,0;0,0;0,3972221515928928;False;"Meta espalhada por muitos meses; Projeto executivo não concluído; Prazo previsto curto";
LITORAL PIONEIRO;2026,0;em andamento;6200,0;3.2.2.F;F. Diamante;BR-153/PR;Retorno em Desnível;;;100,0;5;14,14;23,419999999999998;0,3916321902657755;False;"Projeto executivo não concluído; Meta concentrada no fim do ano; Ausência de: taxa histórica de atraso da concessionária";
VIA ARAUCÁRIA;2026,0;planejado;6634,0;3.1.2.A;A. Travessias urbanas - Campo Largo;PR-423;Iluminação de Travessias Urbanas;1,0;;100,0;0;0,0;0,0;0,3898461229586838;False;"Meta concentrada no fim do ano; Projeto executivo não concluído; Tipo de obra que costuma atrasar";
ECOVIAS RIO MINAS;2026,0;planejado;15173,0;3.1.3;Impl. de passeio p/pedestres no Viaduto de Santo Aleixo - km 118,900 sobre a BR-116/RJ;BR-116/RJ;Recuperação ou Manutenção de Obra-de-Arte Especial;79,96;;100,0;0;0,0;0,0;0,3885593659730593;False;"Obra extensa (km); Prazo previsto curto; Tipo de obra que costuma atrasar";
ECOVIAS RIO MINAS;2025,0;planejado;26918,0;3.2.1;Ponte s/Rio Suruí km 130,558 - Faixa Adicional - Trecho km 127,10, ao 137,10  SNV2022 (PER: km 124,40 ao 134,4 ).;BR-116;Alargamento de Obra-de-Arte Especial;0,058;;34,5;0;0,0;0,0;0,3882262559842012;False;"Meta concentrada no fim do ano; Tipo de obra que costuma atrasar; Meta anual pequena (obra em fase inicial/final)";
ECOVIAS RIO MINAS;2025,0;planejado;15439,0;3.2.1;Ponte sobre o Rio Imbariê, km 140,541 - Faixa Adicional - Trecho km 137,11 ao 141,74  SNV2022 (PER: km 134,4 ao 139).;BR-116/RJ;Alargamento de Obra-de-Arte Especial;0,041;;29,0;0;0,0;0,0;0,3882262559842012;False;"Meta concentrada no fim do ano; Tipo de obra que costuma atrasar; Meta anual pequena (obra em fase inicial/final)";
ECOVIAS RIO MINAS;2025,0;planejado;12381,0;3.4.12;Unidade Operacional da PRF (Demolição);BR-116/RJ;Demolição;;;69,0;0;0,0;0,0;0,38620896030234514;False;"Tipo de obra que costuma atrasar; Meta concentrada no fim do ano; Prazo previsto curto";
ECOVIAS RIO MINAS;2025,0;planejado;12393,0;3.4.12;Unidade Operacional da PRF (Demolição);BR-116/MG;Demolição;;;69,0;0;0,0;0,0;0,38620896030234514;False;"Tipo de obra que costuma atrasar; Meta concentrada no fim do ano; Prazo previsto curto";
ECOVIAS RIO MINAS;2025,0;planejado;12385,0;3.4.12;Unidade Operacional da PRF (Demolição);BR-116/RJ;Demolição;;;69,0;0;0,0;0,0;0,38620896030234514;False;"Tipo de obra que costuma atrasar; Meta concentrada no fim do ano; Prazo previsto curto";
ECOVIAS RIO MINAS;2025,0;planejado;12394,0;3.4.12;Unidade Operacional da PRF (Reconstrução/Cobertura);BR-116/MG;Unidade Operacional da Polícia Rodoviária Federal;;;69,0;0;0,0;0,0;0,38620896030234514;False;"Tipo de obra que costuma atrasar; Meta concentrada no fim do ano; Prazo previsto curto";
ECOVIAS RIO MINAS;2025,0;planejado;12383,0;3.4.12;Unidade Operacional da PRF (Demolição);BR-116/RJ;Demolição;;;69,0;0;0,0;0,0;0,38620896030234514;False;"Tipo de obra que costuma atrasar; Meta concentrada no fim do ano; Prazo previsto curto";
ECOVIAS RIO MINAS;2026,0;planejado;4623,0;3.2.1;A. Implantação de duplicação;BR-116/MG;Duplicação de Trecho Rodoviário;20,406;;79,4;0;0,0;0,0;0,3828534025773758;False;"Meta espalhada por muitos meses; Tipo de obra que costuma atrasar; Prazo previsto curto";
ECOVIAS MINAS GOIÁS;2026,0;planejado;15286,0;3.2.1.2;Via Marginal - ID-8 - km 276,9 ao km 283,1 - Sentido Sul - Catalão;BR-050/GO;Via Marginal;6,2;;3,0;0;0,0;0,0;0,382572643769;False;"Obra com muito avanço anterior; Meta anual pequena (obra em fase inicial/final); Tipo de obra que costuma atrasar";
ECOVIAS RIO MINAS;2025,0;planejado;4643,0;3.2.1;B. Implantação de Faixa Adicional;BR-116/RJ;Faixa Adicional;1,463;;19,88;0;0,0;0,0;0,38103753599833806;False;"Meta anual pequena (obra em fase inicial/final); Meta espalhada por muitos meses; Tipo de obra que costuma atrasar";
ECOVIAS DO ARAGUAIA;2025,0;planejado;28344,0;3.2.1.1;A. Duplicação - Segmento 2;BR-153;Duplicação de Trecho Rodoviário;22,9;;100,0;0;0,0;0,0;0,3780574743750565;False;"Meta espalhada por muitos meses; Tipo de obra que costuma atrasar; Prazo previsto curto";
ECOVIAS DO ARAGUAIA;2025,0;planejado;15069,0;3.1.3;Reforço e alargamento da OAE ponte sobre o rio Oliveira Costa no km 333+000 na rodovia BR-414/GO.;BR-414/GO;Recuperação ou Manutenção de Obra-de-Arte Especial;0,057;;100,0;0;0,0;0,0;0,37727109270680736;False;"Meta concentrada no fim do ano; Prazo previsto curto";
ECOVIAS RIO MINAS;2025,0;planejado;15243,0;3.1.3;Impl. de acostamento e passeio na Ponte s/Rio Doce, km 413,59, trecho da Duplicação da via;BR-116/MG;Recuperação ou Manutenção de Obra-de-Arte Especial;0,447;;100,0;0;0,0;0,0;0,37475057852551874;False;"Projeto executivo não concluído; Meta concentrada no fim do ano; Prazo previsto curto";
LITORAL PIONEIRO;2026,0;em andamento;5878,0;3.2.1.B;A. Faixas Adicionais - BR-277;BR-277/PR;Faixa Adicional;3,9;;100,0;5;21,4;50,32;0,3746467490852779;False;"Licenciamento ambiental pendente; Meta espalhada por muitos meses; Tipo de obra que costuma atrasar";
ECOVIAS RIO MINAS;2025,0;planejado;12023,0;3.2.2;N. Caixas de Produtos Perigosos;BR-116/RJ;Caixa de Produtos Perigosos;;;83,34;0;0,0;0,0;0,37326808419936625;False;"Tipo de obra que costuma atrasar; Meta concentrada no fim do ano; Prazo previsto curto";
VIA ARAUCÁRIA;2026,0;planejado;6536,0;3.1.1.A;A. Duplicação - BR-277/PR;BR-277/PR;Duplicação de Trecho Rodoviário;17,1;;99,0;0;0,0;0,0;0,3732216912544811;False;"Meta espalhada por muitos meses; Projeto executivo não concluído; Tipo de obra que costuma atrasar";
ECOVIAS RIO MINAS;2026,0;planejado;15250,0;3.1.3;Implantação de passeio para pedestres -PI - ( cesso AMBEV) km 22,145 da BR465/RJ;BR-465/RJ;Recuperação ou Manutenção de Obra-de-Arte Especial;0,013;;100,0;0;0,0;0,0;0,370644024997488;False;"Prazo previsto curto; Tipo de obra que costuma atrasar";
ECOVIAS RIO MINAS;2026,0;planejado;15251,0;3.1.3;Implantação de passarela de pedestre - Acesso à AMBEV - km 22,180 da BR-465/RJ;BR-465/RJ;Recuperação ou Manutenção de Obra-de-Arte Especial;0,014;;100,0;0;0,0;0,0;0,370644024997488;False;"Prazo previsto curto; Tipo de obra que costuma atrasar";
LITORAL PIONEIRO;2026,0;em andamento;6237,0;3.2.2.H;H. Trevo;BR-153/PR;Retorno em Desnível;;;100,0;5;22,47;10,440000000000001;0,3674244271507359;False;"Projeto executivo não concluído; Meta concentrada no fim do ano; Meta espalhada por muitos meses";
ECOVIAS RIO MINAS;2026,0;planejado;11582,0;3.2.2;Q. Pontos de ônibus - SEGMENTO 7 - MG;BR-116/MG;Ponto de Ônibus (local a definir);20,406;;100,0;0;0,0;0,0;0,36669322441219304;False;"Meta espalhada por muitos meses; Tipo de obra que costuma atrasar; Prazo previsto curto";
ECOVIAS RIO MINAS;2026,0;planejado;10962,0;3.2.2;L. Acessos - SEGMENTO 7 - MG;BR-116/MG;Melhoria em Acesso (local a definir);20,406;;100,0;0;0,0;0,0;0,36669322441219304;False;"Tipo de obra que costuma atrasar; Meta espalhada por muitos meses; Prazo previsto curto";
ECOVIAS RIO MINAS;2026,0;planejado;11583,0;3.2.2;Q. Pontos de ônibus - SEGMENTO 7 - MG;BR-116/MG;Ponto de Ônibus (local a definir);20,406;;100,0;0;0,0;0,0;0,36669322441219304;False;"Meta espalhada por muitos meses; Tipo de obra que costuma atrasar; Prazo previsto curto";
ECOVIAS RIO MINAS;2026,0;planejado;11581,0;3.2.2;Q. Pontos de ônibus - SEGMENTO 7 - MG;BR-116/MG;Ponto de Ônibus (local a definir);20,406;;100,0;0;0,0;0,0;0,36669322441219304;False;"Meta espalhada por muitos meses; Tipo de obra que costuma atrasar; Prazo previsto curto";
ECOVIAS RIO MINAS;2026,0;planejado;11580,0;3.2.2;Q. Pontos de ônibus - SEGMENTO 7 - MG;BR-116/MG;Ponto de Ônibus (local a definir);20,406;;100,0;0;0,0;0,0;0,36669322441219304;False;"Meta espalhada por muitos meses; Tipo de obra que costuma atrasar; Prazo previsto curto";
ECOVIAS RIO MINAS;2026,0;planejado;10953,0;3.2.2;L. Acessos - SEGMENTO 7 - MG;BR-116/MG;Melhoria em Acesso (local a definir);20,406;;100,0;0;0,0;0,0;0,36669322441219304;False;"Tipo de obra que costuma atrasar; Meta espalhada por muitos meses; Prazo previsto curto";
ECOVIAS RIO MINAS;2026,0;planejado;10955,0;3.2.2;L. Acessos - SEGMENTO 7 - MG;BR-116/MG;Melhoria em Acesso (local a definir);20,406;;100,0;0;0,0;0,0;0,36669322441219304;False;"Tipo de obra que costuma atrasar; Meta espalhada por muitos meses; Prazo previsto curto";
ECOVIAS RIO MINAS;2026,0;planejado;10954,0;3.2.2;L. Acessos - SEGMENTO 7 - MG;BR-116/MG;Melhoria em Acesso (local a definir);20,406;;100,0;0;0,0;0,0;0,36669322441219304;False;"Tipo de obra que costuma atrasar; Meta espalhada por muitos meses; Prazo previsto curto";
ECOVIAS RIO MINAS;2026,0;planejado;10960,0;3.2.2;L. Acessos - SEGMENTO 7 - MG;BR-116/MG;Melhoria em Acesso (local a definir);20,406;;100,0;0;0,0;0,0;0,36669322441219304;False;"Tipo de obra que costuma atrasar; Meta espalhada por muitos meses; Prazo previsto curto";
ECOVIAS RIO MINAS;2026,0;planejado;10961,0;3.2.2;L. Acessos - SEGMENTO 7 - MG;BR-116/MG;Melhoria em Acesso (local a definir);20,406;;100,0;0;0,0;0,0;0,36669322441219304;False;"Tipo de obra que costuma atrasar; Meta espalhada por muitos meses; Prazo previsto curto";
ECOVIAS RIO MINAS;2026,0;planejado;10957,0;3.2.2;L. Acessos - SEGMENTO 7 - MG;BR-116/MG;Melhoria em Acesso (local a definir);20,406;;100,0;0;0,0;0,0;0,36669322441219304;False;"Tipo de obra que costuma atrasar; Meta espalhada por muitos meses; Prazo previsto curto";
ECOVIAS RIO MINAS;2026,0;planejado;10956,0;3.2.2;L. Acessos - SEGMENTO 7 - MG;BR-116/MG;Melhoria em Acesso (local a definir);20,406;;100,0;0;0,0;0,0;0,36669322441219304;False;"Tipo de obra que costuma atrasar; Meta espalhada por muitos meses; Prazo previsto curto";
ECOVIAS RIO MINAS;2026,0;planejado;10958,0;3.2.2;L. Acessos - SEGMENTO 7 - MG;BR-116/MG;Melhoria em Acesso (local a definir);20,406;;100,0;0;0,0;0,0;0,36669322441219304;False;"Tipo de obra que costuma atrasar; Meta espalhada por muitos meses; Prazo previsto curto";
ECOVIAS RIO MINAS;2026,0;planejado;10959,0;3.2.2;L. Acessos - SEGMENTO 7 - MG;BR-116/MG;Melhoria em Acesso (local a definir);20,406;;100,0;0;0,0;0,0;0,36669322441219304;False;"Tipo de obra que costuma atrasar; Meta espalhada por muitos meses; Prazo previsto curto";
ECOVIAS RIO MINAS;2025,0;planejado;4648,0;3.2.1;B. Implantação de Faixa Adicional;BR-116/RJ;Faixa Adicional;4,6;;24,0;0;0,0;0,0;0,36665449934797156;False;"Meta concentrada no fim do ano; Meta anual pequena (obra em fase inicial/final); Tipo de obra que costuma atrasar";
ECOVIAS RIO MINAS;2025,0;planejado;11340,0;3.2.2;M. Barreiras de Ruído;BR-493/RJ;Barreira de Ruído;0,268;;100,0;0;0,0;0,0;0,3627714359941172;False;"Meta espalhada por muitos meses; Projeto executivo não concluído; Prazo previsto curto";
ECOVIAS RIO MINAS;2025,0;planejado;11328,0;3.2.2;M. Barreiras de Ruído;BR-116/RJ;Barreira de Ruído;0,311;;100,0;0;0,0;0,0;0,3627714359941172;False;"Meta espalhada por muitos meses; Projeto executivo não concluído; Prazo previsto curto";
ECOVIAS RIO MINAS;2025,0;planejado;12379,0;3.4.12;Unidade Operacional da PRF (Construção/Cobertura);BR-116/RJ;Unidade Operacional da Polícia Rodoviária Federal;;;69,0;0;0,0;0,0;0,36256056869287945;False;"Tipo de obra que costuma atrasar; Meta concentrada no fim do ano; Prazo previsto curto";
ECOVIAS RIO MINAS;2025,0;planejado;12391,0;3.4.12;Unidade Operacional da PRF (Construção/Cobertura);BR-116/MG;Unidade Operacional da Polícia Rodoviária Federal;;;72,0;0;0,0;0,0;0,36256056869287945;False;"Meta concentrada no fim do ano; Tipo de obra que costuma atrasar; Prazo previsto curto";
ECOVIAS RIO MINAS;2025,0;planejado;12392,0;3.4.12;Delegacia da PRF (Construção);BR-116/MG;Delegacia da Polícia Rodoviária Federal;;;72,0;0;0,0;0,0;0,36256056869287945;False;"Meta concentrada no fim do ano; Tipo de obra que costuma atrasar; Prazo previsto curto";
ECOVIAS RIO MINAS;2025,0;planejado;12380,0;3.4.12;Delegacia da PRF (Construção);BR-116/RJ;Delegacia da Polícia Rodoviária Federal;;;69,0;0;0,0;0,0;0,36256056869287945;False;"Meta concentrada no fim do ano; Tipo de obra que costuma atrasar; Prazo previsto curto";
ECOVIAS RIO MINAS;2025,0;planejado;12384,0;3.4.12;Unidade Operacional da PRF (Construção/Cobertura);BR-116/RJ;Unidade Operacional da Polícia Rodoviária Federal;;;69,0;0;0,0;0,0;0,36256056869287945;False;"Tipo de obra que costuma atrasar; Meta concentrada no fim do ano; Prazo previsto curto";
ECOVIAS RIO MINAS;2025,0;planejado;26919,0;3.2.2;A. Travessias Urbanas - Governador Valadares;BR-116/MG;Iluminação de Travessias Urbanas;9,4;;9,0;0;0,0;0,0;0,36221512437188247;False;"Meta concentrada no fim do ano; Meta anual pequena (obra em fase inicial/final); Prazo previsto curto";
ECOVIAS RIO MINAS;2026,0;planejado;4669,0;3.2.1;B. Implantação de Faixa Adicional;BR-116/RJ;Faixa Adicional;7,5;;67,16;0;0,0;0,0;0,3597105164989312;False;"Meta espalhada por muitos meses; Tipo de obra que costuma atrasar; Prazo previsto curto";
ECOVIAS RIO MINAS;2026,0;planejado;4670,0;3.2.1;B. Implantação de Faixa Adicional;BR-116/RJ;Faixa Adicional;7,5;;67,16;0;0,0;0,0;0,3597105164989312;False;"Meta espalhada por muitos meses; Tipo de obra que costuma atrasar; Prazo previsto curto";
LITORAL PIONEIRO;2026,0;em andamento;5879,0;3.2.1.B;A. Faixas Adicionais - BR-277;BR-277/PR;Faixa Adicional;3,9;;100,0;5;21,110000000000003;51,22;0,35959875838070676;False;"Licenciamento ambiental pendente; Meta espalhada por muitos meses; Tipo de obra que costuma atrasar";
WAY 153;2026,0;planejado;27417,0;3.4.6.1;Posto de Pesagem fixo;BR-153/MG;Reforma/Adequação de Posto de Pesagem Veicular;;;100,0;0;0,0;0,0;0,35873157815980833;False;"Licenciamento ambiental pendente; Meta concentrada no fim do ano; Desapropriação pendente";
ECOVIAS RIO MINAS;2025,0;planejado;12388,0;3.4.12;Unidade Operacional da PRF (Demolição);BR-116/MG;Demolição;;;100,0;0;0,0;0,0;0,3572782729194131;False;"Tipo de obra que costuma atrasar; Meta concentrada no fim do ano; Prazo previsto curto";
ECOVIAS RIO MINAS;2025,0;planejado;12389,0;3.4.12;Unidade Operacional da PRF (Reconstrução/Cobertura);BR-116/MG;Unidade Operacional da Polícia Rodoviária Federal;;;100,0;0;0,0;0,0;0,3572782729194131;False;"Tipo de obra que costuma atrasar; Meta concentrada no fim do ano; Prazo previsto curto";
ECOVIAS RIO MINAS;2025,0;planejado;12386,0;3.4.12;Unidade Operacional da PRF (Demolição);BR-116/MG;Demolição;;;100,0;0;0,0;0,0;0,3572782729194131;False;"Tipo de obra que costuma atrasar; Meta concentrada no fim do ano; Prazo previsto curto";
ECOVIAS RIO MINAS;2025,0;planejado;11327,0;3.2.2;M. Barreiras de Ruído;BR-116/RJ;Barreira de Ruído;0,252;;100,0;0;0,0;0,0;0,353092591762872;False;"Meta espalhada por muitos meses; Projeto executivo não concluído; Prazo previsto curto";
EPR IGUAÇU;2025,0;em andamento;17570,0;3.4.3.1;BSO 05 - Cascavel - Melhoria;BR-277/PR;Reforma/Adequação de Base de Serviços Operacionais com Atendimento aos Usuários;;;100,0;9;50,0;100,0;0,3510673563888449;False;"Licenciamento ambiental pendente; Projeto executivo não concluído; Prazo previsto curto";
ECOVIAS CAPIXABA;2025,0;em andamento;20725,0;3.2.1;B Contorno de Fundão;BR-101/ES;Contorno Rodoviário em Pista;11,4;;2,05;11;1,7899999999999998;5,72;0,3502412172453841;False;"Licenciamento ambiental pendente; Meta anual pequena (obra em fase inicial/final); Projeto executivo não concluído";
NOVA 364;2026,0;planejado;22820,0;3.2.2.K;K. Pontos de ônibus;BR-364;Ponto de Ônibus (local a definir);309,7;;100,0;0;0,0;0,0;0,3489221556613713;False;"Obra extensa (km); Tipo de obra que costuma atrasar; Prazo previsto curto";
NOVA 364;2026,0;planejado;22819,0;3.2.2.K;K. Pontos de ônibus;BR-364;Ponto de Ônibus (local a definir);309,7;;100,0;0;0,0;0,0;0,3489221556613713;False;"Obra extensa (km); Tipo de obra que costuma atrasar; Prazo previsto curto";
NOVA 364;2026,0;planejado;22822,0;3.2.2.K;K. Pontos de ônibus;BR-364;Ponto de Ônibus (local a definir);309,7;;100,0;0;0,0;0,0;0,3489221556613713;False;"Obra extensa (km); Tipo de obra que costuma atrasar; Prazo previsto curto";
NOVA 364;2026,0;planejado;22821,0;3.2.2.K;K. Pontos de ônibus;BR-364;Ponto de Ônibus (local a definir);309,7;;100,0;0;0,0;0,0;0,3489221556613713;False;"Obra extensa (km); Tipo de obra que costuma atrasar; Prazo previsto curto";
NOVA 364;2026,0;planejado;22812,0;3.2.2.K;K. Pontos de ônibus;BR-364;Ponto de Ônibus (local a definir);309,7;;100,0;0;0,0;0,0;0,3489221556613713;False;"Obra extensa (km); Tipo de obra que costuma atrasar; Prazo previsto curto";
NOVA 364;2026,0;planejado;22811,0;3.2.2.K;K. Pontos de ônibus;BR-364;Ponto de Ônibus (local a definir);309,7;;100,0;0;0,0;0,0;0,3489221556613713;False;"Obra extensa (km); Tipo de obra que costuma atrasar; Prazo previsto curto";
AUTOPISTA LITORAL SUL;2026,0;planejado;7053,0;5.1.8.3;Contorno de Florianópolis - Trevo c/ Via local - A definir;BR-101/SC;Retorno em Desnível;;2953521,89;100,0;0;0,0;0,0;0,346565297725093;False;"Licenciamento ambiental pendente; Meta concentrada no fim do ano; Ausência de: taxa histórica de atraso da concessionária";
VIA ARAUCÁRIA;2026,0;planejado;29420,0;3.1.2.A;A. Travessias urbanas - Curitiba;PR-PR-418;Iluminação de Travessias Urbanas;4,05;;100,0;0;0,0;0,0;0,34591877309968877;False;"Meta concentrada no fim do ano; Tipo de obra que costuma atrasar; Prazo previsto curto";
NOVA 364;2026,0;planejado;22564,0;3.2.2.J;J.Acessos;ACESSO PORTO NOVO;Melhoria em Acesso (local a definir);17,75;;100,0;0;0,0;0,0;0,34538719188023914;False;"Licenciamento ambiental pendente; Tipo de obra que costuma atrasar; Projeto executivo não concluído";
NOVA 364;2026,0;planejado;22567,0;3.2.2.J;J.Acessos;ACESSO PORTO NOVO;Melhoria em Acesso (local a definir);17,75;;100,0;0;0,0;0,0;0,34538719188023914;False;"Licenciamento ambiental pendente; Tipo de obra que costuma atrasar; Projeto executivo não concluído";
NOVA 364;2026,0;planejado;22566,0;3.2.2.J;J.Acessos;ACESSO PORTO NOVO;Melhoria em Acesso (local a definir);17,75;;100,0;0;0,0;0,0;0,34538719188023914;False;"Licenciamento ambiental pendente; Tipo de obra que costuma atrasar; Projeto executivo não concluído";
NOVA 364;2026,0;planejado;22565,0;3.2.2.J;J.Acessos;ACESSO PORTO NOVO;Melhoria em Acesso (local a definir);17,75;;100,0;0;0,0;0,0;0,34538719188023914;False;"Licenciamento ambiental pendente; Tipo de obra que costuma atrasar; Projeto executivo não concluído";
NOVA 364;2026,0;planejado;22562,0;3.2.2.J;J.Acessos;ACESSO 2;Melhoria em Acesso (local a definir);9,5;;100,0;0;0,0;0,0;0,34495783064221125;False;"Licenciamento ambiental pendente; Tipo de obra que costuma atrasar; Projeto executivo não concluído";
NOVA 364;2026,0;planejado;22561,0;3.2.2.J;J.Acessos;ACESSO 2;Melhoria em Acesso (local a definir);9,5;;100,0;0;0,0;0,0;0,34495783064221125;False;"Licenciamento ambiental pendente; Tipo de obra que costuma atrasar; Projeto executivo não concluído";
EPR IGUAÇU;2025,0;em andamento;17573,0;3.4.3.1;BSO 09 - Capitão Leonidas Marques;BR-163/PR;Base de Serviços Operacionais com Atendimento aos Usuários;;;100,0;9;50,0;99,99999999999999;0,34149574457411297;False;"Licenciamento ambiental pendente; Projeto executivo não concluído; Prazo previsto curto";
EPR IGUAÇU;2025,0;em andamento;17566,0;3.4.3.1;BSO 01 - Implantar;BR-277/PR;Base de Serviços Operacionais com Atendimento aos Usuários;;;100,0;9;50,0;99,99999999999999;0,34149574457411297;False;"Licenciamento ambiental pendente; Projeto executivo não concluído; Prazo previsto curto";
EPR IGUAÇU;2025,0;em andamento;17572,0;3.4.3.1;BSO 07 - São Miguel do Iguaçu - Implantar;BR-277/PR;Base de Serviços Operacionais com Atendimento aos Usuários;;;100,0;9;50,0;100,0;0,34149574457411297;False;"Licenciamento ambiental pendente; Projeto executivo não concluído; Prazo previsto curto";
EPR IGUAÇU;2025,0;em andamento;17575,0;3.4.3.1;BSO 10 - Ampere- Implantar;PR-182;Base de Serviços Operacionais com Atendimento aos Usuários;;;100,0;9;50,0;100,01;0,34149574457411297;False;"Licenciamento ambiental pendente; Projeto executivo não concluído; Prazo previsto curto";
EPR IGUAÇU;2025,0;em andamento;17576,0;3.4.3.1;BSO 11 - Renasceça - Implantar;PR-280;Base de Serviços Operacionais com Atendimento aos Usuários;;;100,0;9;50,0;100,0;0,34149574457411297;False;"Licenciamento ambiental pendente; Projeto executivo não concluído; Prazo previsto curto";
EPR IGUAÇU;2025,0;em andamento;17574,0;3.4.3.1;BSO 08 Lindoeste;BR-163/PR;Base de Serviços Operacionais com Atendimento aos Usuários;;;100,0;9;50,0;100,0;0,34149574457411297;False;"Licenciamento ambiental pendente; Projeto executivo não concluído; Prazo previsto curto";
VIA ARAUCÁRIA;2026,0;planejado;6546,0;3.1.1.A;A. Duplicação - PR-423;PR-423;Duplicação de Trecho Rodoviário;25,98;;83,0;0;0,0;0,0;0,3375680342053547;False;"Meta espalhada por muitos meses; Projeto executivo não concluído; Tipo de obra que costuma atrasar";
ECOVIAS RIO MINAS;2025,0;planejado;11330,0;3.2.2;M. Barreiras de Ruído;BR-116/RJ;Barreira de Ruído;0,184;;100,0;0;0,0;0,0;0,33713335434858954;False;"Meta espalhada por muitos meses; Projeto executivo não concluído; Prazo previsto curto";
ECOVIAS RIO MINAS;2025,0;planejado;11331,0;3.2.2;M. Barreiras de Ruído;BR-116/RJ;Barreira de Ruído;0,158;;100,0;0;0,0;0,0;0,33713335434858954;False;"Meta espalhada por muitos meses; Projeto executivo não concluído; Prazo previsto curto";
ECOVIAS RIO MINAS;2025,0;planejado;11329,0;3.2.2;M. Barreiras de Ruído;BR-116/RJ;Barreira de Ruído;0,141;;100,0;0;0,0;0,0;0,33713335434858954;False;"Meta espalhada por muitos meses; Projeto executivo não concluído; Prazo previsto curto";
ECOVIAS RIO MINAS;2025,0;planejado;25913,0;3.2.2;L. Acessos - SEGMENTO 10' - RJ;BR-116/RJ;Melhoria em Acesso (local a definir);2,9;;38,0;0;0,0;0,0;0,33635894566113883;False;"Tipo de obra que costuma atrasar; Meta anual pequena (obra em fase inicial/final); Prazo previsto curto";
ECOVIAS RIO MINAS;2025,0;planejado;25910,0;3.2.2;L. Acessos - SEGMENTO 10' - RJ;BR-116/RJ;Melhoria em Acesso (local a definir);2,9;;38,0;0;0,0;0,0;0,33635894566113883;False;"Tipo de obra que costuma atrasar; Meta anual pequena (obra em fase inicial/final); Prazo previsto curto";
ECOVIAS RIO MINAS;2025,0;planejado;25911,0;3.2.2;L. Acessos - SEGMENTO 10' - RJ;BR-116/RJ;Melhoria em Acesso (local a definir);2,9;;38,0;0;0,0;0,0;0,33635894566113883;False;"Tipo de obra que costuma atrasar; Meta anual pequena (obra em fase inicial/final); Prazo previsto curto";
ECOVIAS RIO MINAS;2025,0;planejado;25917,0;3.2.2;L. Acessos - SEGMENTO 10' - RJ;BR-116/RJ;Melhoria em Acesso (local a definir);2,9;;38,0;0;0,0;0,0;0,33635894566113883;False;"Tipo de obra que costuma atrasar; Meta anual pequena (obra em fase inicial/final); Prazo previsto curto";
ECOVIAS RIO MINAS;2025,0;planejado;25896,0;3.2.2;Q. Pontos de ônibus - SEGMENTO 10' - RJ;BR-116/RJ;Ponto de Ônibus (local a definir);2,9;;38,0;0;0,0;0,0;0,33635894566113883;False;"Meta anual pequena (obra em fase inicial/final); Tipo de obra que costuma atrasar; Prazo previsto curto";
ECOVIAS RIO MINAS;2025,0;planejado;25897,0;3.2.2;Q. Pontos de ônibus - SEGMENTO 10' - RJ;BR-116/RJ;Ponto de Ônibus (local a definir);2,9;;38,0;0;0,0;0,0;0,33635894566113883;False;"Meta anual pequena (obra em fase inicial/final); Tipo de obra que costuma atrasar; Prazo previsto curto";
ECOVIAS RIO MINAS;2025,0;planejado;25894,0;3.2.2;Q. Pontos de ônibus - SEGMENTO 10' - RJ;BR-116/RJ;Ponto de Ônibus (local a definir);2,9;;38,0;0;0,0;0,0;0,33635894566113883;False;"Meta anual pequena (obra em fase inicial/final); Tipo de obra que costuma atrasar; Prazo previsto curto";
ECOVIAS RIO MINAS;2025,0;planejado;25893,0;3.2.2;Q. Pontos de ônibus - SEGMENTO 10' - RJ;BR-116/RJ;Ponto de Ônibus (local a definir);2,9;;38,0;0;0,0;0,0;0,33635894566113883;False;"Meta anual pequena (obra em fase inicial/final); Tipo de obra que costuma atrasar; Prazo previsto curto";
ECOVIAS RIO MINAS;2025,0;planejado;25916,0;3.2.2;L. Acessos - SEGMENTO 10' - RJ;BR-116/RJ;Melhoria em Acesso (local a definir);2,9;;38,0;0;0,0;0,0;0,33635894566113883;False;"Tipo de obra que costuma atrasar; Meta anual pequena (obra em fase inicial/final); Prazo previsto curto";
ECOVIAS RIO MINAS;2025,0;planejado;25915,0;3.2.2;L. Acessos - SEGMENTO 10' - RJ;BR-116/RJ;Melhoria em Acesso (local a definir);2,9;;38,0;0;0,0;0,0;0,33635894566113883;False;"Tipo de obra que costuma atrasar; Meta anual pequena (obra em fase inicial/final); Prazo previsto curto";
ECOVIAS RIO MINAS;2025,0;planejado;25892,0;3.2.2;Q. Pontos de ônibus - SEGMENTO 10' - RJ;BR-116/RJ;Ponto de Ônibus (local a definir);2,9;;38,0;0;0,0;0,0;0,33635894566113883;False;"Meta anual pequena (obra em fase inicial/final); Tipo de obra que costuma atrasar; Prazo previsto curto";
ECOVIAS RIO MINAS;2025,0;planejado;25895,0;3.2.2;Q. Pontos de ônibus - SEGMENTO 10' - RJ;BR-116/RJ;Ponto de Ônibus (local a definir);2,9;;38,0;0;0,0;0,0;0,33635894566113883;False;"Meta anual pequena (obra em fase inicial/final); Tipo de obra que costuma atrasar; Prazo previsto curto";
ECOVIAS RIO MINAS;2025,0;planejado;25912,0;3.2.2;L. Acessos - SEGMENTO 10' - RJ;BR-116/RJ;Melhoria em Acesso (local a definir);2,9;;38,0;0;0,0;0,0;0,33635894566113883;False;"Tipo de obra que costuma atrasar; Meta anual pequena (obra em fase inicial/final); Prazo previsto curto";
ECOVIAS RIO MINAS;2025,0;planejado;25914,0;3.2.2;L. Acessos - SEGMENTO 10' - RJ;BR-116/RJ;Melhoria em Acesso (local a definir);2,9;;38,0;0;0,0;0,0;0,33635894566113883;False;"Tipo de obra que costuma atrasar; Meta anual pequena (obra em fase inicial/final); Prazo previsto curto";
ECOVIAS RIO MINAS;2025,0;planejado;12387,0;3.4.12;Unidade Operacional da PRF (Construção/Cobertura);BR-116/MG;Unidade Operacional da Polícia Rodoviária Federal;;;100,0;0;0,0;0,0;0,3344361388073787;False;"Tipo de obra que costuma atrasar; Meta concentrada no fim do ano; Prazo previsto curto";
ECOVIAS DO CERRADO;2026,0;planejado;7281,0;3.2.1.4;Rotatórias Alongadas - Acesso Aparecida do Rio Doce: RA-2A (2 acessos);BR-364/GO;Rotatória em Nível;;;100,0;0;0,0;0,0;0,3344361388073787;False;"Meta concentrada no fim do ano; Tipo de obra que costuma atrasar; Prazo previsto curto";
ECOVIAS RIO MINAS;2026,0;planejado;15238,0;3.1.3;Implantação de passeio para pedestres -Ponte - I - km 63,906 da BR493/RJ;BR-493/RJ;Recuperação ou Manutenção de Obra-de-Arte Especial;0,062;;100,0;0;0,0;0,0;0,3334471169266533;False;"Prazo previsto curto; Tipo de obra que costuma atrasar";
ECOVIAS RIO MINAS;2026,0;planejado;15235,0;3.1.3;Implantação de passeio para pedestres -Ponte - E - km 65,147 da BR493/RJ;BR-493/RJ;Recuperação ou Manutenção de Obra-de-Arte Especial;0,062;;100,0;0;0,0;0,0;0,3334471169266533;False;"Prazo previsto curto; Tipo de obra que costuma atrasar";
ECOVIAS RIO MINAS;2026,0;planejado;15240,0;3.1.3;Implantação de passeio para pedestres -PI - km  E - km 65,387 da BR493/RJ;BR-493/RJ;Recuperação ou Manutenção de Obra-de-Arte Especial;0,07;;100,0;0;0,0;0,0;0,3334471169266533;False;"Prazo previsto curto; Tipo de obra que costuma atrasar";
ECOVIAS RIO MINAS;2026,0;planejado;15241,0;3.1.3;Implantação de passeio para pedestres -PI -I - km 65,38 da BR493/RJ;BR-493/RJ;Recuperação ou Manutenção de Obra-de-Arte Especial;0,073;;100,0;0;0,0;0,0;0,3334471169266533;False;"Prazo previsto curto; Tipo de obra que costuma atrasar";
WAY 262;2026,0;planejado;18399,0;3.4.3.6;Ponto de parada de descanso para caminhoneiros;BR-262/MG;Ponto de Parada e Descanso para Caminhoneiros;;;100,0;0;0,0;0,0;0,3311940549611025;False;"Licenciamento ambiental pendente; Projeto executivo não concluído; Desapropriação pendente";
ECOVIAS RIO MINAS;2026,0;planejado;15786,0;3.2.1;Alargamento da  Ponte sobre o Rio Piranema, km 209,13 - Faixa Adicional - Trecho km 204,32 ao 211,82 SNV2022 (PER: km 197,3 ao 204,8);BR-116/RJ;Alargamento de Obra-de-Arte Especial;0,02;;68,0;0;0,0;0,0;0,3305199337620013;False;"Tipo de obra que costuma atrasar; Meta espalhada por muitos meses; Prazo previsto curto";
ECOVIAS DO ARAGUAIA;2025,0;planejado;7350,0;3.2.1.1;A. Duplicação - Segmento 18;BR-153/GO;Duplicação de Trecho Rodoviário;9,56;;100,0;0;0,0;0,0;0,3296642838703471;False;"Meta espalhada por muitos meses; Projeto executivo não concluído; Tipo de obra que costuma atrasar";
ECOVIAS RIO MINAS;2025,0;planejado;12144,0;3.2.2;P. Passarelas;BR-116/RJ;Passarela (local definido);;;100,0;0;0,0;0,0;0,3295150977596265;False;"Meta espalhada por muitos meses; Projeto executivo não concluído; Prazo previsto curto";
ECOVIAS RIO MINAS;2025,0;planejado;12148,0;3.2.2;P. Passarelas;BR-116/RJ;Passarela (local definido);;;100,0;0;0,0;0,0;0,3295150977596265;False;"Meta espalhada por muitos meses; Projeto executivo não concluído; Prazo previsto curto";
ECOVIAS RIO MINAS;2025,0;planejado;12137,0;3.2.2;P. Passarelas;BR-116/RJ;Passarela (local definido);;;100,0;0;0,0;0,0;0,3295150977596265;False;"Meta espalhada por muitos meses; Projeto executivo não concluído; Prazo previsto curto";
ECOVIAS RIO MINAS;2025,0;planejado;12138,0;3.2.2;P. Passarelas;BR-116/RJ;Passarela (local definido);;;100,0;0;0,0;0,0;0,3295150977596265;False;"Meta espalhada por muitos meses; Projeto executivo não concluído; Prazo previsto curto";
ECOVIAS RIO MINAS;2025,0;planejado;12150,0;3.2.2;P. Passarelas;BR-116/RJ;Passarela (local definido);;;100,0;0;0,0;0,0;0,3295150977596265;False;"Meta espalhada por muitos meses; Projeto executivo não concluído; Prazo previsto curto";
ECOVIAS RIO MINAS;2025,0;planejado;12151,0;3.2.2;P. Passarelas;BR-116/RJ;Passarela (local definido);;;100,0;0;0,0;0,0;0,3295150977596265;False;"Meta espalhada por muitos meses; Projeto executivo não concluído; Prazo previsto curto";
ECOVIAS RIO MINAS;2025,0;planejado;12153,0;3.2.2;P. Passarelas;BR-116/RJ;Passarela (local definido);;;100,0;0;0,0;0,0;0,3295150977596265;False;"Meta espalhada por muitos meses; Projeto executivo não concluído; Prazo previsto curto";
ECOVIAS RIO MINAS;2025,0;planejado;12149,0;3.2.2;P. Passarelas;BR-116/RJ;Passarela (local definido);;;100,0;0;0,0;0,0;0,3295150977596265;False;"Meta espalhada por muitos meses; Projeto executivo não concluído; Prazo previsto curto";
ECOVIAS RIO MINAS;2025,0;planejado;12139,0;3.2.2;P. Passarelas;BR-116/RJ;Passarela (local definido);;;100,0;0;0,0;0,0;0,3295150977596265;False;"Meta espalhada por muitos meses; Projeto executivo não concluído; Prazo previsto curto";
ECOVIAS RIO MINAS;2025,0;planejado;12147,0;3.2.2;P. Passarelas;BR-116/RJ;Passarela (local definido);;;100,0;0;0,0;0,0;0,3295150977596265;False;"Meta espalhada por muitos meses; Projeto executivo não concluído; Prazo previsto curto";
ECOVIAS RIO MINAS;2025,0;planejado;12145,0;3.2.2;P. Passarelas;BR-116/RJ;Passarela (local definido);;;100,0;0;0,0;0,0;0,3295150977596265;False;"Meta espalhada por muitos meses; Projeto executivo não concluído; Prazo previsto curto";
ECOVIAS RIO MINAS;2025,0;planejado;12146,0;3.2.2;P. Passarelas;BR-116/RJ;Passarela (local definido);;;100,0;0;0,0;0,0;0,3295150977596265;False;"Meta espalhada por muitos meses; Projeto executivo não concluído; Prazo previsto curto";
ECOVIAS RIO MINAS;2025,0;planejado;12140,0;3.2.2;P. Passarelas;BR-116/RJ;Passarela (local definido);;;100,0;0;0,0;0,0;0,3295150977596265;False;"Meta espalhada por muitos meses; Projeto executivo não concluído; Prazo previsto curto";
ECOVIAS RIO MINAS;2025,0;planejado;12141,0;3.2.2;P. Passarelas;BR-116/RJ;Passarela (local definido);;;100,0;0;0,0;0,0;0,3295150977596265;False;"Meta espalhada por muitos meses; Projeto executivo não concluído; Prazo previsto curto";
ECOVIAS RIO MINAS;2025,0;planejado;12142,0;3.2.2;P. Passarelas;BR-116/RJ;Passarela (local definido);;;100,0;0;0,0;0,0;0,3295150977596265;False;"Meta espalhada por muitos meses; Projeto executivo não concluído; Prazo previsto curto";
ECOVIAS RIO MINAS;2025,0;planejado;12143,0;3.2.2;P. Passarelas;BR-116/RJ;Passarela (local definido);;;100,0;0;0,0;0,0;0,3295150977596265;False;"Meta espalhada por muitos meses; Projeto executivo não concluído; Prazo previsto curto";
ECOVIAS RIO MINAS;2025,0;planejado;12160,0;3.2.2;P. Passarelas;BR-116/MG;Passarela (local definido);;;100,0;0;0,0;0,0;0,3295150977596265;False;"Meta espalhada por muitos meses; Projeto executivo não concluído; Prazo previsto curto";
ECOVIAS RIO MINAS;2025,0;planejado;12161,0;3.2.2;P. Passarelas;BR-116/MG;Passarela (local definido);;;100,0;0;0,0;0,0;0,3295150977596265;False;"Meta espalhada por muitos meses; Projeto executivo não concluído; Prazo previsto curto";
ECOVIAS RIO MINAS;2025,0;planejado;12162,0;3.2.2;P. Passarelas;BR-116/MG;Passarela (local definido);;;100,0;0;0,0;0,0;0,3295150977596265;False;"Meta espalhada por muitos meses; Projeto executivo não concluído; Prazo previsto curto";
ECOVIAS RIO MINAS;2025,0;planejado;12155,0;3.2.2;P. Passarelas;BR-116/RJ;Passarela (local definido);;;100,0;0;0,0;0,0;0,3295150977596265;False;"Meta espalhada por muitos meses; Projeto executivo não concluído; Prazo previsto curto";
ECOVIAS RIO MINAS;2025,0;planejado;12154,0;3.2.2;P. Passarelas;BR-116/RJ;Passarela (local definido);;;100,0;0;0,0;0,0;0,3295150977596265;False;"Meta espalhada por muitos meses; Projeto executivo não concluído; Prazo previsto curto";
ECOVIAS RIO MINAS;2025,0;planejado;12156,0;3.2.2;P. Passarelas;BR-116/RJ;Passarela (local definido);;;100,0;0;0,0;0,0;0,3295150977596265;False;"Meta espalhada por muitos meses; Projeto executivo não concluído; Prazo previsto curto";
ECOVIAS RIO MINAS;2025,0;planejado;12158,0;3.2.2;P. Passarelas;BR-116/MG;Passarela (local definido);;;100,0;0;0,0;0,0;0,3295150977596265;False;"Meta espalhada por muitos meses; Projeto executivo não concluído; Prazo previsto curto";
ECOVIAS RIO MINAS;2025,0;planejado;12157,0;3.2.2;P. Passarelas;BR-116/MG;Passarela (local definido);;;100,0;0;0,0;0,0;0,3295150977596265;False;"Meta espalhada por muitos meses; Projeto executivo não concluído; Prazo previsto curto";
ECOVIAS RIO MINAS;2025,0;planejado;12180,0;3.2.2;P. Passarelas;BR-493/RJ;Passarela (local definido);;;100,0;0;0,0;0,0;0,3295150977596265;False;"Meta espalhada por muitos meses; Projeto executivo não concluído; Prazo previsto curto";
ECOVIAS RIO MINAS;2025,0;planejado;12181,0;3.2.2;P. Passarelas;BR-493/RJ;Passarela (local definido);;;100,0;0;0,0;0,0;0,3295150977596265;False;"Meta espalhada por muitos meses; Projeto executivo não concluído; Prazo previsto curto";
ECOVIAS RIO MINAS;2025,0;planejado;12179,0;3.2.2;P. Passarelas;BR-493/RJ;Passarela (local definido);;;100,0;0;0,0;0,0;0,3295150977596265;False;"Meta espalhada por muitos meses; Projeto executivo não concluído; Prazo previsto curto";
ECOVIAS RIO MINAS;2025,0;planejado;12159,0;3.2.2;P. Passarelas;BR-116/MG;Passarela (local definido);;;100,0;0;0,0;0,0;0,3295150977596265;False;"Meta espalhada por muitos meses; Projeto executivo não concluído; Prazo previsto curto";
ECOVIAS RIO MINAS;2025,0;planejado;12152,0;3.2.2;P. Passarelas;BR-116/RJ;Passarela (local definido);;;100,0;0;0,0;0,0;0,3295150977596265;False;"Meta espalhada por muitos meses; Projeto executivo não concluído; Prazo previsto curto";
VIA SUL;2026,0;planejado;179,0;3.2.1.2;Retorno em Nivel - km 238+000 - Soledade ID-15;BR-386/RS;Retorno em Nível;;;96,72;0;0,0;0,0;0,3282981504199531;False;"Tipo de obra que costuma atrasar; Meta espalhada por muitos meses; Prazo previsto curto";
LITORAL PIONEIRO;2026,0;em andamento;5925,0;3.2.2.N;N. Ciclovias;BR-277/PR;Ciclovia;2,6;;100,0;5;8,4;29,569999999999997;0,3277375130846076;False;"Licenciamento ambiental pendente; Meta concentrada no fim do ano; Meta espalhada por muitos meses";
ECOVIAS CAPIXABA;2025,0;em andamento;20859,0;3.2.2;H. OAE - Ponte - Rio Piraqueaçu;BR-101/ES;Nova Obra-de-Arte Especial;0,0;;21,22;11;13,98;18,49;0,3271271228981963;False;"Meta concentrada no fim do ano; Meta anual pequena (obra em fase inicial/final); Projeto executivo não concluído";
ECOVIAS CAPIXABA;2025,0;em andamento;20861,0;3.2.2;H. OAE - Ponte - Rio Itapira;BR-101/ES;Nova Obra-de-Arte Especial;0,0;;21,22;11;13,98;18,23;0,3271271228981963;False;"Meta concentrada no fim do ano; Meta anual pequena (obra em fase inicial/final); Projeto executivo não concluído";
ECOVIAS RIO MINAS;2025,0;planejado;15144,0;3.1.3;Alarg. e reforço da Ponte s/Rio Guaraí, km 10,135 da Rod. BR-493/RJ, no trecho da Duplicação da via;BR-493/RJ;Recuperação ou Manutenção de Obra-de-Arte Especial;0,154;;100,0;0;0,0;0,0;0,32633377161830357;False;"Projeto executivo não concluído; Meta concentrada no fim do ano; Prazo previsto curto";
VIA ARAUCÁRIA;2026,0;planejado;8033,0;3.4.11.2;Bases PRF 05 - Unidades Operacionais PRF (Demolição);BR-476/PR;Demolição;;;100,0;0;0,0;0,0;0,32606792354148806;False;"Meta concentrada no fim do ano; Tipo de obra que costuma atrasar; Prazo previsto curto";
LITORAL PIONEIRO;2026,0;em andamento;6454,0;3.2.1.A;A. Duplicação - BR-153/PR;BR-153/PR;Duplicação de Trecho Rodoviário;8,6;;100,0;5;31,28;39,97;0,3222399265076266;False;"Meta espalhada por muitos meses; Projeto executivo não concluído; Tipo de obra que costuma atrasar";
ECOVIAS RIO MINAS;2026,0;planejado;15789,0;3.2.1;Alargamento da  Ponte sobre o Rio Piranema, km 209,13 - Faixa Adicional - Trecho km 204,32 ao 211,82 SNV2022 (PER: km 197,3 ao 204,8);BR-116/RJ;Alargamento de Obra-de-Arte Especial;0,03;;68,0;0;0,0;0,0;0,3201175148260367;False;"Tipo de obra que costuma atrasar; Meta espalhada por muitos meses; Prazo previsto curto";
ECOVIAS RIO MINAS;2026,0;planejado;15788,0;3.2.1;Alargamento da  Ponte sobre o Córrego Águas Lindas, km 208,42 - Faixa Adicional - Trecho km 204,32 ao 211,82 SNV2022 (PER: km 197,3 ao 204,8);BR-116/RJ;Alargamento de Obra-de-Arte Especial;0,02;;68,0;0;0,0;0,0;0,3201175148260367;False;"Tipo de obra que costuma atrasar; Meta espalhada por muitos meses; Prazo previsto curto";
ECOVIAS RIO MINAS;2026,0;planejado;25917,0;3.2.2;L. Acessos - SEGMENTO 10' - RJ;BR-116/RJ;Melhoria em Acesso (local a definir);2,9;;62,0;0;0,0;0,0;0,3201050665304566;False;"Tipo de obra que costuma atrasar; Prazo previsto curto";
ECOVIAS RIO MINAS;2026,0;planejado;25912,0;3.2.2;L. Acessos - SEGMENTO 10' - RJ;BR-116/RJ;Melhoria em Acesso (local a definir);2,9;;62,0;0;0,0;0,0;0,3201050665304566;False;"Tipo de obra que costuma atrasar; Prazo previsto curto";
ECOVIAS RIO MINAS;2026,0;planejado;25915,0;3.2.2;L. Acessos - SEGMENTO 10' - RJ;BR-116/RJ;Melhoria em Acesso (local a definir);2,9;;62,0;0;0,0;0,0;0,3201050665304566;False;"Tipo de obra que costuma atrasar; Prazo previsto curto";
ECOVIAS RIO MINAS;2026,0;planejado;25896,0;3.2.2;Q. Pontos de ônibus - SEGMENTO 10' - RJ;BR-116/RJ;Ponto de Ônibus (local a definir);2,9;;62,0;0;0,0;0,0;0,3201050665304566;False;"Tipo de obra que costuma atrasar; Prazo previsto curto";
ECOVIAS RIO MINAS;2026,0;planejado;25892,0;3.2.2;Q. Pontos de ônibus - SEGMENTO 10' - RJ;BR-116/RJ;Ponto de Ônibus (local a definir);2,9;;62,0;0;0,0;0,0;0,3201050665304566;False;"Tipo de obra que costuma atrasar; Prazo previsto curto";
ECOVIAS RIO MINAS;2026,0;planejado;25911,0;3.2.2;L. Acessos - SEGMENTO 10' - RJ;BR-116/RJ;Melhoria em Acesso (local a definir);2,9;;62,0;0;0,0;0,0;0,3201050665304566;False;"Tipo de obra que costuma atrasar; Prazo previsto curto";
ECOVIAS RIO MINAS;2026,0;planejado;25913,0;3.2.2;L. Acessos - SEGMENTO 10' - RJ;BR-116/RJ;Melhoria em Acesso (local a definir);2,9;;62,0;0;0,0;0,0;0,3201050665304566;False;"Tipo de obra que costuma atrasar; Prazo previsto curto";
ECOVIAS RIO MINAS;2026,0;planejado;25910,0;3.2.2;L. Acessos - SEGMENTO 10' - RJ;BR-116/RJ;Melhoria em Acesso (local a definir);2,9;;62,0;0;0,0;0,0;0,3201050665304566;False;"Tipo de obra que costuma atrasar; Prazo previsto curto";
ECOVIAS RIO MINAS;2026,0;planejado;25916,0;3.2.2;L. Acessos - SEGMENTO 10' - RJ;BR-116/RJ;Melhoria em Acesso (local a definir);2,9;;62,0;0;0,0;0,0;0,3201050665304566;False;"Tipo de obra que costuma atrasar; Prazo previsto curto";
ECOVIAS RIO MINAS;2026,0;planejado;25897,0;3.2.2;Q. Pontos de ônibus - SEGMENTO 10' - RJ;BR-116/RJ;Ponto de Ônibus (local a definir);2,9;;62,0;0;0,0;0,0;0,3201050665304566;False;"Tipo de obra que costuma atrasar; Prazo previsto curto";
ECOVIAS RIO MINAS;2026,0;planejado;25893,0;3.2.2;Q. Pontos de ônibus - SEGMENTO 10' - RJ;BR-116/RJ;Ponto de Ônibus (local a definir);2,9;;62,0;0;0,0;0,0;0,3201050665304566;False;"Tipo de obra que costuma atrasar; Prazo previsto curto";
ECOVIAS RIO MINAS;2026,0;planejado;25895,0;3.2.2;Q. Pontos de ônibus - SEGMENTO 10' - RJ;BR-116/RJ;Ponto de Ônibus (local a definir);2,9;;62,0;0;0,0;0,0;0,3201050665304566;False;"Tipo de obra que costuma atrasar; Prazo previsto curto";
ECOVIAS RIO MINAS;2026,0;planejado;25894,0;3.2.2;Q. Pontos de ônibus - SEGMENTO 10' - RJ;BR-116/RJ;Ponto de Ônibus (local a definir);2,9;;62,0;0;0,0;0,0;0,3201050665304566;False;"Tipo de obra que costuma atrasar; Prazo previsto curto";
ECOVIAS RIO MINAS;2026,0;planejado;25914,0;3.2.2;L. Acessos - SEGMENTO 10' - RJ;BR-116/RJ;Melhoria em Acesso (local a definir);2,9;;62,0;0;0,0;0,0;0,3201050665304566;False;"Tipo de obra que costuma atrasar; Prazo previsto curto";
WAY 153;2026,0;planejado;27441,0;3.4.2.5;PMVf - Painel de Mensagem Variável - fixo 11 unidades;BR-153/MG;Painel de Mensagens Variáveis Fixo;;;100,0;0;0,0;0,0;0,31968426361052904;False;"Licenciamento ambiental pendente; Meta concentrada no fim do ano; Desapropriação pendente";
LITORAL PIONEIRO;2026,0;em andamento;6238,0;3.2.2.H;H. Trevo;BR-153/PR;Retorno em Desnível;;;100,0;5;40,75;8,75;0,31853516202926296;False;"Baixa execução no ano até agora; Projeto executivo não concluído; Ausência de: taxa histórica de atraso da concessionária";
ELOVIAS;2025,0;em andamento;23706,0;3.4.3.1;Base de Serviços Operacionais (BSO/SAU);BR-040/RJ;Base de Serviços Operacionais com Atendimento aos Usuários;;;100,0;9;34,33;35,98;0,3109309083080725;False;"Meta concentrada no fim do ano; Projeto executivo não concluído; Prazo previsto curto";
VIA ARAUCÁRIA;2026,0;planejado;6644,0;3.1.2.B;B. Vias Marginais;BR-277/PR;Via Marginal;1,35;;92,0;0;0,0;0,0;0,31005547966998004;False;"Meta espalhada por muitos meses; Tipo de obra que costuma atrasar; Projeto executivo não concluído";
VIA ARAUCÁRIA;2026,0;planejado;6643,0;3.1.2.B;B. Vias Marginais;BR-277/PR;Via Marginal;1,2;;90,0;0;0,0;0,0;0,31005547966998004;False;"Meta espalhada por muitos meses; Tipo de obra que costuma atrasar; Projeto executivo não concluído";
ECOVIAS RIO MINAS;2025,0;planejado;5019,0;3.2.2;H. Retornos - Tipo X;BR-116/RJ;Retorno em Nível;;;24,5;0;0,0;0,0;0,3099408186400868;False;"Meta concentrada no fim do ano; Tipo de obra que costuma atrasar; Meta anual pequena (obra em fase inicial/final)";
ECOVIAS RIO MINAS;2025,0;planejado;15783,0;3.2.1;Alargamento da Ponte sobre o Rio Guandu, km 204,910 - Faixa Adicional - Trecho km 204,32 ao 211,82 SNV2022 (PER: km 197,3 ao 204,8);BR-116/RJ;Alargamento de Obra-de-Arte Especial;0,11;;32,0;0;0,0;0,0;0,303352107286146;False;"Tipo de obra que costuma atrasar; Meta anual pequena (obra em fase inicial/final); Meta concentrada no fim do ano";
ECOVIAS RIO MINAS;2025,0;planejado;15787,0;3.2.1;Alargamento da  Ponte sobre o Rio Guandu, km 204,91 - Faixa Adicional - Trecho km 204,32 ao 211,82 SNV2022 (PER: km 197,3 ao 204,8);BR-116/RJ;Alargamento de Obra-de-Arte Especial;0,11;;32,0;0;0,0;0,0;0,303352107286146;False;"Tipo de obra que costuma atrasar; Meta anual pequena (obra em fase inicial/final); Meta concentrada no fim do ano";
ROTA VERDE GOIÁS;2026,0;planejado;23036,0;3.4.10;Implantação do Escritório de Fiscalização da ANTT;BR-060/GO;Escritório de Fiscalização da ANTT;;;100,0;0;0,0;0,0;0,29727870774582216;False;"Meta concentrada no fim do ano; Ausência de: taxa histórica de atraso da concessionária; Prazo previsto curto";
ECOVIAS RIO MINAS;2026,0;planejado;15790,0;3.2.1;Alargamento do Viaduto sobre R.F.F.S.A , km 208,78  - Faixa Adicional - Trecho km 204,32 ao 211,82 SNV2022 (PER: km 197,3 ao 204,8);BR-116/RJ;Alargamento de Obra-de-Arte Especial;0,04;;68,0;0;0,0;0,0;0,29545936727619904;False;"Tipo de obra que costuma atrasar; Meta espalhada por muitos meses; Prazo previsto curto";
ECOVIAS RIO MINAS;2026,0;planejado;15784,0;3.2.1;Alargamento da Ponte sobre córrego Águas Lindas, km 208,42 - Faixa Adicional - Trecho km 204,32 ao 211,82 SNV2022 (PER: km 197,3 ao 204,8);BR-116/RJ;Alargamento de Obra-de-Arte Especial;0,04;;68,0;0;0,0;0,0;0,29545936727619904;False;"Tipo de obra que costuma atrasar; Meta espalhada por muitos meses; Prazo previsto curto";
ECOVIAS RIO MINAS;2025,0;planejado;15174,0;3.1.3;Implantação de passeio para pedestres na PI  (Rua Panamá)  – km 48,32 da BR-493/RJ;BR-493/RJ;Recuperação ou Manutenção de Obra-de-Arte Especial;0,021;;25,0;0;0,0;0,0;0,29414555386078395;False;"Meta anual pequena (obra em fase inicial/final); Prazo previsto curto";
ECOVIAS RIO MINAS;2025,0;planejado;15360,0;3.2.1;Nova Ponte sobre o Rio Caratinga I, Km 505,807   - Duplicação - Trecho km 499,33 ao 519,73 SNV2022 (PER: km 500,111 ao 520,517).;BR-116/MG;Nova Obra-de-Arte Especial;0,031;;90,0;0;0,0;0,0;0,29318493752387315;False;"Meta concentrada no fim do ano; Prazo previsto curto";
EPR IGUAÇU;2025,0;em andamento;21319,0;3.4.2.7;SDA - Sistema de Detecção de Altura;BR-277;Sistema de Detecção de Altura;;;100,0;9;50,0;50,0;0,2898330427023807;False;"Prazo previsto curto; Meta concentrada no fim do ano; Tipo de obra que costuma atrasar";Operacional - mês 01 e Existente - mês 12 Operacional - mês 01 e Existente - mês 12 Operacional - mês 01 e Existente - mês 12. Entrega final no Ano 02 com o PPVF/ HSWIM. Cada etapa corresponde a 1/3, portanto no ano 01 temos 2/3, em porcentagem, 66%. Operacional - mês 01 e Existente - mês 12. Entrega final no Ano 02 com o PPVF/ HSWIM. Cada etapa corresponde a 1/3, portanto no ano 01 temos 2/3, em porcentagem, 66%.
VIA ARAUCÁRIA;2026,0;planejado;6872,0;3.1.2.I;I. Passagem em Desnível;PR-418;Retorno em Desnível;0,0;;100,0;0;0,0;0,0;0,2892656404956674;False;"Projeto executivo não concluído; Meta espalhada por muitos meses; Prazo previsto curto";
NOVA 381;2026,0;em andamento;16130,0;3.2.1;C.Estabilização de Taludes da BR-381/MG;BR-381/MG;Recuperação de Terrapleno e Estrutura de Contenção;;;100,0;7;100,0;92,0;0,28918207593278966;False;"Ausência de: taxa histórica de atraso da concessionária; Prazo previsto curto";
ECOVIAS RIO MINAS;2025,0;planejado;15440,0;3.2.1;Ponte sobre o canal Taquara, km 141,591 - Faixa Adicional - Trecho km 137,11 ao 141,74  SNV2022 (PER: km 134,4 ao 139).;BR-116/RJ;Alargamento de Obra-de-Arte Especial;0,051;;8,0;0;0,0;0,0;0,2878890399679521;False;"Meta concentrada no fim do ano; Meta anual pequena (obra em fase inicial/final); Tipo de obra que costuma atrasar";
ECOVIAS CAPIXABA;2025,0;em andamento;20723,0;3.2.1;A. Duplicação Subtrecho G;BR-101/ES;Duplicação de Trecho Rodoviário;17,0;;9,68;11;7,33;4,75;0,2861647897938371;False;"Meta anual pequena (obra em fase inicial/final); Meta concentrada no fim do ano; Projeto executivo não concluído";
ECOVIAS RIO MINAS;2026,0;planejado;15785,0;3.2.1;Alargamento do Viaduto s/R.F.F.S.A, km 208,78 - Faixa Adicional - Trecho km 204,32 ao 211,82 SNV2022 (PER: km 197,3 ao 204,8);BR-116/RJ;Alargamento de Obra-de-Arte Especial;0,04;;68,0;0;0,0;0,0;0,285689523640188;False;"Tipo de obra que costuma atrasar; Meta espalhada por muitos meses; Prazo previsto curto";
VIA ARAUCÁRIA;2026,0;planejado;6744,0;3.1.2.C;C. Acessos;PR-423;Melhoria em Acesso (local a definir);0,0;;100,0;0;0,0;0,0;0,28080818090206;False;"Tipo de obra que costuma atrasar; Projeto executivo não concluído; Meta concentrada no fim do ano";
VIA ARAUCÁRIA;2026,0;planejado;6745,0;3.1.2.C;C. Acessos;PR-423;Melhoria em Acesso (local a definir);0,0;;100,0;0;0,0;0,0;0,28080818090206;False;"Tipo de obra que costuma atrasar; Projeto executivo não concluído; Meta concentrada no fim do ano";
VIA ARAUCÁRIA;2026,0;planejado;6743,0;3.1.2.C;C. Acessos;PR-418;Melhoria em Acesso (local a definir);0,0;;100,0;0;0,0;0,0;0,28080818090206;False;"Tipo de obra que costuma atrasar; Projeto executivo não concluído; Meta concentrada no fim do ano";
VIA ARAUCÁRIA;2026,0;planejado;6747,0;3.1.2.C;C. Acessos;PR-423;Melhoria em Acesso (local a definir);0,0;;100,0;0;0,0;0,0;0,28080818090206;False;"Tipo de obra que costuma atrasar; Projeto executivo não concluído; Meta concentrada no fim do ano";
VIA ARAUCÁRIA;2026,0;planejado;6746,0;3.1.2.C;C. Acessos;PR-423;Melhoria em Acesso (local a definir);0,0;;100,0;0;0,0;0,0;0,28080818090206;False;"Tipo de obra que costuma atrasar; Projeto executivo não concluído; Meta concentrada no fim do ano";
VIA ARAUCÁRIA;2026,0;planejado;6750,0;3.1.2.C;C. Acessos;PR-423;Melhoria em Acesso (local a definir);0,0;;100,0;0;0,0;0,0;0,28080818090206;False;"Tipo de obra que costuma atrasar; Projeto executivo não concluído; Meta concentrada no fim do ano";
VIA ARAUCÁRIA;2026,0;planejado;6749,0;3.1.2.C;C. Acessos;PR-423;Melhoria em Acesso (local a definir);0,0;;100,0;0;0,0;0,0;0,28080818090206;False;"Tipo de obra que costuma atrasar; Projeto executivo não concluído; Meta concentrada no fim do ano";
VIA ARAUCÁRIA;2026,0;planejado;6748,0;3.1.2.C;C. Acessos;PR-423;Melhoria em Acesso (local a definir);0,0;;100,0;0;0,0;0,0;0,28080818090206;False;"Tipo de obra que costuma atrasar; Projeto executivo não concluído; Meta concentrada no fim do ano";
ECOVIAS RIO MINAS;2026,0;planejado;12895,0;3.2.2;A. Travessias Urbanas - Caratinga;BR-116/MG;Iluminação de Travessias Urbanas;7,0;;100,0;0;0,0;0,0;0,27877862328360986;False;"Tipo de obra que costuma atrasar; Meta espalhada por muitos meses; Prazo previsto curto";
ECOVIAS RIO MINAS;2026,0;planejado;12846,0;3.2.2;A. Travessias Urbanas - Nova Iguaçu;BR-493/RJ;Iluminação de Travessias Urbanas;8,288;;100,0;0;0,0;0,0;0,27433205931845683;False;"Tipo de obra que costuma atrasar; Meta espalhada por muitos meses; Prazo previsto curto";
NOVA 364;2026,0;planejado;22914,0;3.2.2.M;M. Barreiras Acústicas;ACESSO PORTO NOVO;Barreira de Ruído;0,95;;100,0;0;0,0;0,0;0,2718364079809334;False;"Licenciamento ambiental pendente; Prazo previsto curto";
ECOVIAS RIO MINAS;2025,0;planejado;15169,0;3.1.3;Implantação de passeio para pedestres em Ponte s/ Rio Escuro – km118,52 da BR-116/RJ;BR-116/RJ;Recuperação ou Manutenção de Obra-de-Arte Especial;0,025;;15,0;0;0,0;0,0;0,27172282752719473;False;"Meta anual pequena (obra em fase inicial/final); Projeto executivo não concluído; Prazo previsto curto";
VIA ARAUCÁRIA;2026,0;planejado;8034,0;3.4.11.2;Base BPRv 02: Posto (Reconstrução) - Município:  Lapa;PR-427;Unidade Operacional da Polícia Rodoviária Estadual;;;100,0;0;0,0;0,0;0,26997059655644084;False;"Projeto executivo não concluído; Tipo de obra que costuma atrasar; Prazo previsto curto";
VIA ARAUCÁRIA;2026,0;planejado;8032,0;3.4.11.2;Bases PRF 03 - Unidades Operacionais PRF (Reconstrução) - Município: Caetano;BR-373/PR;Unidade Operacional da Polícia Rodoviária Federal;;;100,0;0;0,0;0,0;0,26997059655644084;False;"Tipo de obra que costuma atrasar; Projeto executivo não concluído; Prazo previsto curto";
VIA ARAUCÁRIA;2026,0;planejado;8031,0;3.4.11.2;Bases PRF 02 - Unidades Operacionais PRF (Reconstrução);BR-277/PR;Unidade Operacional da Polícia Rodoviária Federal;;;100,0;0;0,0;0,0;0,26997059655644084;False;"Tipo de obra que costuma atrasar; Projeto executivo não concluído; Prazo previsto curto";
VIA ARAUCÁRIA;2026,0;planejado;8030,0;3.4.11.2;Bases PRF 01 - Unidades Operacionais PRF (Reconstrução);BR-277/PR;Unidade Operacional da Polícia Rodoviária Federal;;;100,0;0;0,0;0,0;0,26997059655644084;False;"Tipo de obra que costuma atrasar; Projeto executivo não concluído; Prazo previsto curto";
WAY 262;2025,0;em andamento;18388,0;3.4.11.2;Veiculo PRF - 4 unidades;BR-262/MG;Veículos da Polícia Rodoviária Federal;;;100,0;11;100,0;100,0;0,2680457413228514;False;"Obra com muito avanço anterior; Prazo previsto curto";
MOTIVA MINAS SP;2026,0;planejado;28250,0;3.4.2.5;PMVM - Painel de Mensagem Variável - fixo Quantitativos mínimos: Existente 10 a implantar 10;BR-381;Painel de Mensagens Variáveis Móvel;;;100,0;0;0,0;0,0;0,2660021659572471;False;"Meta concentrada no fim do ano; Prazo previsto curto";
MOTIVA MINAS SP;2026,0;planejado;28249,0;3.4.2.4;CFTV - Circuito Fechado de TV. Quantidade mínimos:  existente 334 Rodovias, quantidade a implantar 28 Edificações e 214 em passarelas;BR-381/MG;Sistema de Circuito Fechado de TV;;;100,0;0;0,0;0,0;0,2617059986985779;False;"Meta concentrada no fim do ano; Prazo previsto curto";
MOTIVA MINAS SP;2026,0;planejado;28248,0;3.4.2.3;DAI - Detecção Automática de Incidentes. Quantidade mínimos: Existente 16 a implantar 16;BR-381;Sistema de Circuito Fechado de TV;;;100,0;0;0,0;0,0;0,2617059986985779;False;"Meta concentrada no fim do ano; Prazo previsto curto";
ECOVIAS RIO MINAS;2025,0;planejado;12840,0;3.2.2;A. Travessias Urbanas - Nova Iguaçu;BR-116/RJ;Iluminação de Travessias Urbanas;13,008;;100,0;0;0,0;0,0;0,2593925624923756;False;"Meta concentrada no fim do ano; Prazo previsto curto";
ECOVIAS RIO MINAS;2026,0;planejado;11591,0;3.2.2;Q. Pontos de ônibus - SEGMENTO 9 - MG;BR-116/MG;Ponto de Ônibus (local a definir);3,129;;100,0;0;0,0;0,0;0,2565344573024683;False;"Meta espalhada por muitos meses; Tipo de obra que costuma atrasar; Prazo previsto curto";
ECOVIAS RIO MINAS;2026,0;planejado;10969,0;3.2.2;L. Acessos - SEGMENTO 9 - MG;BR-116/MG;Melhoria em Acesso (local a definir);3,129;;100,0;0;0,0;0,0;0,2565344573024683;False;"Tipo de obra que costuma atrasar; Meta espalhada por muitos meses; Prazo previsto curto";
ECOVIAS RIO MINAS;2026,0;planejado;10971,0;3.2.2;L. Acessos - SEGMENTO 9 - MG;BR-116/MG;Melhoria em Acesso (local a definir);3,129;;100,0;0;0,0;0,0;0,2565344573024683;False;"Tipo de obra que costuma atrasar; Meta espalhada por muitos meses; Prazo previsto curto";
ECOVIAS RIO MINAS;2026,0;planejado;10970,0;3.2.2;L. Acessos - SEGMENTO 9 - MG;BR-116/MG;Melhoria em Acesso (local a definir);3,129;;100,0;0;0,0;0,0;0,2565344573024683;False;"Tipo de obra que costuma atrasar; Meta espalhada por muitos meses; Prazo previsto curto";
ECOVIAS RIO MINAS;2026,0;planejado;10968,0;3.2.2;L. Acessos - SEGMENTO 9 - MG;BR-116/MG;Melhoria em Acesso (local a definir);3,129;;100,0;0;0,0;0,0;0,2565344573024683;False;"Tipo de obra que costuma atrasar; Meta espalhada por muitos meses; Prazo previsto curto";
ECOVIAS RIO MINAS;2026,0;planejado;4625,0;3.2.1;A. Implantação de duplicação;BR-116/MG;Duplicação de Trecho Rodoviário;3,09;;100,0;0;0,0;0,0;0,2565344573024683;False;"Meta espalhada por muitos meses; Tipo de obra que costuma atrasar; Prazo previsto curto";
ECOVIAS RIO MINAS;2026,0;planejado;5003,0;3.2.2;H. Retornos - Tipo X;BR-116/MG;Retorno em Nível;;;100,0;0;0,0;0,0;0,2565344573024683;False;"Tipo de obra que costuma atrasar; Meta espalhada por muitos meses; Prazo previsto curto";
ECOVIAS RIO MINAS;2026,0;planejado;5001,0;3.2.2;H. Retornos - Tipo X;BR-116/MG;Retorno em Nível;;;100,0;0;0,0;0,0;0,2565344573024683;False;"Tipo de obra que costuma atrasar; Meta espalhada por muitos meses; Prazo previsto curto";
ECOVIAS RIO MINAS;2026,0;planejado;5004,0;3.2.2;H. Retornos - Tipo X;BR-116/MG;Retorno em Nível;;;100,0;0;0,0;0,0;0,2565344573024683;False;"Tipo de obra que costuma atrasar; Meta espalhada por muitos meses; Prazo previsto curto";
ECOVIAS RIO MINAS;2026,0;planejado;5002,0;3.2.2;H. Retornos - Tipo X;BR-116/MG;Retorno em Nível;;;100,0;0;0,0;0,0;0,2565344573024683;False;"Tipo de obra que costuma atrasar; Meta espalhada por muitos meses; Prazo previsto curto";
ECOVIAS RIO MINAS;2026,0;planejado;11588,0;3.2.2;Q. Pontos de ônibus - SEGMENTO 9 - MG;BR-116/MG;Ponto de Ônibus (local a definir);3,129;;100,0;0;0,0;0,0;0,2565344573024683;False;"Meta espalhada por muitos meses; Tipo de obra que costuma atrasar; Prazo previsto curto";
ECOVIAS RIO MINAS;2026,0;planejado;11589,0;3.2.2;Q. Pontos de ônibus - SEGMENTO 9 - MG;BR-116/MG;Ponto de Ônibus (local a definir);3,129;;100,0;0;0,0;0,0;0,2565344573024683;False;"Meta espalhada por muitos meses; Tipo de obra que costuma atrasar; Prazo previsto curto";
ECOVIAS RIO MINAS;2026,0;planejado;11590,0;3.2.2;Q. Pontos de ônibus - SEGMENTO 9 - MG;BR-116/MG;Ponto de Ônibus (local a definir);3,129;;100,0;0;0,0;0,0;0,2565344573024683;False;"Meta espalhada por muitos meses; Tipo de obra que costuma atrasar; Prazo previsto curto";
ECOVIAS DO ARAGUAIA;2025,0;planejado;23686,0;3.1.3;Reforço e alargamento da OAE ponte sobre córrego dos Corvos no km 318+970 na rodovia BR-153/GO.;BR-153/GO;Recuperação ou Manutenção de Obra-de-Arte Especial;0,37;;100,0;0;0,0;0,0;0,25546254508156985;False;"Meta concentrada no fim do ano; Prazo previsto curto";
LITORAL PIONEIRO;2026,0;em andamento;6211,0;3.2.2.F;F. Diamante;BR-369/PR;Retorno em Desnível;;;100,0;5;22,28;36,32000000000001;0,2551415706277374;False;"Licenciamento ambiental pendente; Projeto executivo não concluído; Meta espalhada por muitos meses";
MOTIVA MINAS SP;2026,0;planejado;28247,0;3.4.2.2;SAT - Sistema de Análise de Tráfego. Quantidade mínimos: Existente 4 a implantar 12;BR-381;Sistema de Detecção e Sensoriamento de Pista;;;100,0;0;0,0;0,0;0,2544706514367544;False;"Meta concentrada no fim do ano; Prazo previsto curto";
MOTIVA MINAS SP;2026,0;planejado;28253,0;3.4.2.8;SCV - Sistema de Controle de Velocidade: Implantação de um sistema de controle automático de velocidade (com tecnologia tipo OCR ou superior) de veículos composto pelas unidades de monitoração eletrônica de velocidade do tipo radar fixo ou redutor eletrônico de velocidade (barreira ou lombada eletrônica). Quantitativos mínimos: Existente 19 a implantar 60 fixos e 42 fixos AVI e pista mistas;BR-381;Sistema de Controle de Velocidade;;;100,0;0;0,0;0,0;0,2544706514367544;False;"Meta concentrada no fim do ano; Prazo previsto curto";
ECOVIAS DO CERRADO;2025,0;planejado;7109,0;3.2.1.4;Implantação de Acostamento - Trecho homogêneo 7;BR-364/GO;Novo Acostamento;36,0;;37,5;0;0,0;0,0;0,25331568613213296;False;"Projeto executivo não concluído; Meta anual pequena (obra em fase inicial/final); Meta espalhada por muitos meses";
EPR PARANÁ;2026,0;planejado;25482,0;3.4.11.2;Veiculo BPR - 10 unidades;BR-376/PR;Veículos da Polícia Rodoviária Estadual;;;30,0;0;0,0;0,0;0,25225102891156304;False;"Meta anual pequena (obra em fase inicial/final); Tipo de obra que costuma atrasar; Prazo previsto curto";
ECOVIAS RIO MINAS;2025,0;planejado;15231,0;3.1.3;Implantação de passeio para pedestres - PI- E - km 48,222 da BR493/RJ;BR-493/RJ;Recuperação ou Manutenção de Obra-de-Arte Especial;0,021;;100,0;0;0,0;0,0;0,2514600477097326;False;Prazo previsto curto;
ECOVIAS RIO MINAS;2025,0;planejado;15232,0;3.1.3;Implantação de passeio para pedestres - PI - I - km 48,217 da BR493/RJ;BR-493/RJ;Recuperação ou Manutenção de Obra-de-Arte Especial;0,02;;100,0;0;0,0;0,0;0,2514600477097326;False;Prazo previsto curto;
ECOVIAS RIO MINAS;2025,0;planejado;12868,0;3.2.2;A. Travessias Urbanas - São João do Meriti;BR-116/RJ;Iluminação de Travessias Urbanas;4,1;;100,0;0;0,0;0,0;0,25021169943893967;False;"Meta concentrada no fim do ano; Prazo previsto curto";
ECOVIAS RIO MINAS;2025,0;planejado;12871,0;3.2.2;A. Travessias Urbanas - Queimados;BR-116/RJ;Iluminação de Travessias Urbanas;4,887;;100,0;0;0,0;0,0;0,25021169943893967;False;"Meta concentrada no fim do ano; Prazo previsto curto";
ECOVIAS RIO MINAS;2025,0;planejado;12864,0;3.2.2;A. Travessias Urbanas - Rio de Janeiro;BR-116/RJ;Iluminação de Travessias Urbanas;4,852;;100,0;0;0,0;0,0;0,25021169943893967;False;"Meta concentrada no fim do ano; Prazo previsto curto";
NOVA 364;2026,0;planejado;22913,0;3.2.2.M;M. Barreiras Acústicas;ACESSO PORTO NOVO;Barreira de Ruído;0,12;;100,0;0;0,0;0,0;0,2501026040990316;False;"Licenciamento ambiental pendente; Prazo previsto curto";
AUTOPISTA LITORAL SUL;2026,0;planejado;12188,0;5.1.7.4;ELEVAÇÃO DA PONTE SOBRE O RIO CAMBORIÚ - KM136,900 BR-101/SC;BR-101/SC;Retorno em Desnível;0,9;1772113,13;100,0;0;0,0;0,0;0,24940691135502893;False;"Licenciamento ambiental pendente; Meta concentrada no fim do ano; Ausência de: taxa histórica de atraso da concessionária";
WAY 262;2026,0;planejado;24435,0;3.4.6.1;PPVf - Posto de Pesagem Veicular - Fixo;BR-262/MG;Reforma/Adequação de Posto de Pesagem Veicular;;;100,0;0;0,0;0,0;0,2484736028405448;False;"Licenciamento ambiental pendente; Prazo previsto curto; Tipo de obra que costuma atrasar";
MOTIVA PARANÁ;2026,0;planejado;20768,0;3.4.2.7;SDA - Sistema de Detecção de Altura;BR-376/PR;Sistema de Detecção de Altura;;;100,0;0;0,0;0,0;0,247907836046331;False;"Meta concentrada no fim do ano; Prazo previsto curto; Ausência de: taxa histórica de atraso da concessionária";
ECOVIAS RIO MINAS;2026,0;planejado;12023,0;3.2.2;N. Caixas de Produtos Perigosos;BR-116/RJ;Caixa de Produtos Perigosos;;;16,66;0;0,0;0,0;0,2457201257489146;False;"Meta concentrada no fim do ano; Meta anual pequena (obra em fase inicial/final); Tipo de obra que costuma atrasar";
VIA CAMPO;2026,0;planejado;26980,0;3.4.11.2;Veiculo BPRv - 6 unidades;BR-163/PR;Veículos da Polícia Rodoviária Estadual;;;100,0;0;0,0;0,0;0,24532809496578817;False;"Meta concentrada no fim do ano; Tipo de obra que costuma atrasar; Prazo previsto curto";
ECOVIAS MINAS GOIÁS;2026,0;planejado;13165,0;3.2.1.1;Implantação de pista dupla - Ano 5: 20% do Total a ser duplicado;BR-050/GO;Duplicação de Trecho Rodoviário;43,5;;1,05;0;0,0;0,0;0,2442739495270852;False;"Obra com muito avanço anterior; Meta anual pequena (obra em fase inicial/final); Projeto executivo não concluído";
ECOVIAS RIO MINAS;2025,0;planejado;15176,0;3.1.3;Implantação de passeio para pedestres no Viaduto sobre Est. Iguaçu Velho– Km 64,28 da BR-493/RJ;BR-493/RJ;Recuperação ou Manutenção de Obra-de-Arte Especial;0,091;;100,0;0;0,0;0,0;0,24335210683419153;False;Prazo previsto curto;
WAY 153;2026,0;planejado;28311,0;3.4.7.2;Sistema de Comunicação Wireless ao longo da Rodovia - Conectividade;BR-153;Sistema de Comunicação Wireless;;;33,0;0;0,0;0,0;0,24198264777414524;False;"Licenciamento ambiental pendente; Meta concentrada no fim do ano; Meta anual pequena (obra em fase inicial/final)";Apresentação de um projeto para conectividade na rodovia.
AUTOPISTA FLUMINENSE;2026,0;em andamento;24469,0;3.2.1;C. Faixas Adicionais;BR-101/RJ;Faixa Adicional;6,0;;6,77;3;0,0;29,69;0,23759649581785025;False;"Meta anual pequena (obra em fase inicial/final); Tipo de obra que costuma atrasar; Projeto executivo não concluído";
ECOVIAS RIO MINAS;2025,0;planejado;16048,0;3.2.2;Q. Pontos de ônibus - SEGMENTO 6' - RJ;BR-116/RJ;Ponto de Ônibus (local a definir);4,1;;65,02;0;0,0;0,0;0,23671866787653667;False;"Meta espalhada por muitos meses; Tipo de obra que costuma atrasar; Prazo previsto curto";
ECOVIAS RIO MINAS;2025,0;planejado;16049,0;3.2.2;Q. Pontos de ônibus - SEGMENTO 6' - RJ;BR-116/RJ;Ponto de Ônibus (local a definir);4,1;;65,02;0;0,0;0,0;0,23671866787653667;False;"Meta espalhada por muitos meses; Tipo de obra que costuma atrasar; Prazo previsto curto";
ECOVIAS RIO MINAS;2025,0;planejado;16044,0;3.2.2;Q. Pontos de ônibus - SEGMENTO 6' - RJ;BR-116/RJ;Ponto de Ônibus (local a definir);4,1;;65,02;0;0,0;0,0;0,23671866787653667;False;"Meta espalhada por muitos meses; Tipo de obra que costuma atrasar; Prazo previsto curto";
ECOVIAS RIO MINAS;2025,0;planejado;16043,0;3.2.2;Q. Pontos de ônibus - SEGMENTO 6' - RJ;BR-116/RJ;Ponto de Ônibus (local a definir);4,1;;65,02;0;0,0;0,0;0,23671866787653667;False;"Meta espalhada por muitos meses; Tipo de obra que costuma atrasar; Prazo previsto curto";
ECOVIAS RIO MINAS;2025,0;planejado;16042,0;3.2.2;Q. Pontos de ônibus - SEGMENTO 6' - RJ;BR-116/RJ;Ponto de Ônibus (local a definir);4,1;;65,02;0;0,0;0,0;0,23671866787653667;False;"Meta espalhada por muitos meses; Tipo de obra que costuma atrasar; Prazo previsto curto";
ECOVIAS RIO MINAS;2025,0;planejado;16045,0;3.2.2;Q. Pontos de ônibus - SEGMENTO 6' - RJ;BR-116/RJ;Ponto de Ônibus (local a definir);4,1;;65,02;0;0,0;0,0;0,23671866787653667;False;"Meta espalhada por muitos meses; Tipo de obra que costuma atrasar; Prazo previsto curto";
ECOVIAS RIO MINAS;2025,0;planejado;16046,0;3.2.2;Q. Pontos de ônibus - SEGMENTO 6' - RJ;BR-116/RJ;Ponto de Ônibus (local a definir);4,1;;65,02;0;0,0;0,0;0,23671866787653667;False;"Meta espalhada por muitos meses; Tipo de obra que costuma atrasar; Prazo previsto curto";
ECOVIAS RIO MINAS;2025,0;planejado;16047,0;3.2.2;Q. Pontos de ônibus - SEGMENTO 6' - RJ;BR-116/RJ;Ponto de Ônibus (local a definir);4,1;;65,02;0;0,0;0,0;0,23671866787653667;False;"Meta espalhada por muitos meses; Tipo de obra que costuma atrasar; Prazo previsto curto";
ECOVIAS RIO MINAS;2025,0;planejado;15940,0;3.2.2;L. Acessos - SEGMENTO 6' - RJ;BR-116/RJ;Melhoria em Acesso (local a definir);4,1;;63,0;0;0,0;0,0;0,23671866787653667;False;"Tipo de obra que costuma atrasar; Meta espalhada por muitos meses; Prazo previsto curto";
ECOVIAS RIO MINAS;2025,0;planejado;15939,0;3.2.2;L. Acessos - SEGMENTO 6' - RJ;BR-116/RJ;Melhoria em Acesso (local a definir);4,1;;63,0;0;0,0;0,0;0,23671866787653667;False;"Tipo de obra que costuma atrasar; Meta espalhada por muitos meses; Prazo previsto curto";
ECOVIAS RIO MINAS;2025,0;planejado;15932,0;3.2.2;L. Acessos - SEGMENTO 6' - RJ;BR-116/RJ;Melhoria em Acesso (local a definir);4,1;;63,0;0;0,0;0,0;0,23671866787653667;False;"Tipo de obra que costuma atrasar; Meta espalhada por muitos meses; Prazo previsto curto";
ECOVIAS RIO MINAS;2025,0;planejado;15931,0;3.2.2;L. Acessos - SEGMENTO 6' - RJ;BR-116/RJ;Melhoria em Acesso (local a definir);4,1;;63,0;0;0,0;0,0;0,23671866787653667;False;"Tipo de obra que costuma atrasar; Meta espalhada por muitos meses; Prazo previsto curto";
ECOVIAS RIO MINAS;2025,0;planejado;15933,0;3.2.2;L. Acessos - SEGMENTO 6' - RJ;BR-116/RJ;Melhoria em Acesso (local a definir);4,1;;63,0;0;0,0;0,0;0,23671866787653667;False;"Tipo de obra que costuma atrasar; Meta espalhada por muitos meses; Prazo previsto curto";
ECOVIAS RIO MINAS;2025,0;planejado;15934,0;3.2.2;L. Acessos - SEGMENTO 6' - RJ;BR-116/RJ;Melhoria em Acesso (local a definir);4,1;;63,0;0;0,0;0,0;0,23671866787653667;False;"Tipo de obra que costuma atrasar; Meta espalhada por muitos meses; Prazo previsto curto";
ECOVIAS RIO MINAS;2025,0;planejado;15935,0;3.2.2;L. Acessos - SEGMENTO 6' - RJ;BR-116/RJ;Melhoria em Acesso (local a definir);4,1;;63,0;0;0,0;0,0;0,23671866787653667;False;"Tipo de obra que costuma atrasar; Meta espalhada por muitos meses; Prazo previsto curto";
ECOVIAS RIO MINAS;2025,0;planejado;15936,0;3.2.2;L. Acessos - SEGMENTO 6' - RJ;BR-116/RJ;Melhoria em Acesso (local a definir);4,1;;63,0;0;0,0;0,0;0,23671866787653667;False;"Tipo de obra que costuma atrasar; Meta espalhada por muitos meses; Prazo previsto curto";
ECOVIAS RIO MINAS;2025,0;planejado;15937,0;3.2.2;L. Acessos - SEGMENTO 6' - RJ;BR-116/RJ;Melhoria em Acesso (local a definir);4,1;;63,0;0;0,0;0,0;0,23671866787653667;False;"Tipo de obra que costuma atrasar; Meta espalhada por muitos meses; Prazo previsto curto";
ECOVIAS RIO MINAS;2025,0;planejado;15938,0;3.2.2;L. Acessos - SEGMENTO 6' - RJ;BR-116/RJ;Melhoria em Acesso (local a definir);4,1;;63,0;0;0,0;0,0;0,23671866787653667;False;"Tipo de obra que costuma atrasar; Meta espalhada por muitos meses; Prazo previsto curto";
ECOVIAS CAPIXABA;2025,0;em andamento;18956,0;3.2.1;A Duplicação Subtrecho D;BR-101/ES;Duplicação de Trecho Rodoviário;15,2;;7,55;11;7,0200000000000005;36,61000000000001;0,23472744044281146;False;"Meta anual pequena (obra em fase inicial/final); Projeto executivo não concluído; Tipo de obra que costuma atrasar";
ECOVIAS DO CERRADO;2025,0;planejado;13190,0;3.1.3;Reforço e Alargamento de OAE, Ponte sobre o Rio Tejuco BR-365/MG;BR-365/MG;Recuperação ou Manutenção de Obra-de-Arte Especial;0,184;;46,0;0;0,0;0,0;0,23469479719631592;False;"Meta concentrada no fim do ano; Meta anual pequena (obra em fase inicial/final); Prazo previsto curto";Obra de recuperação a ser realizada concomitante a obra de duplicação Obra de recuperação a ser realizada concomitante a obra de duplicação
ECOVIAS DO ARAGUAIA;2025,0;planejado;15254,0;3.1.3;Reforço e alargamento da OAE Ponte sobre o Rio das Almas no km 284+800 sentido sul na BR 153-GO.;BR-153/GO;Recuperação ou Manutenção de Obra-de-Arte Especial;0,18;;100,0;0;0,0;0,0;0,2346160592072876;False;"Meta concentrada no fim do ano; Prazo previsto curto";
ELOVIAS;2025,0;em andamento;24029,0;1.5.2.U;Obra de Arte Especial - Ponte;BR-495/RJ;Nova Obra-de-Arte Especial;0,0;;100,0;9;35,66;46,28;0,23346237626660593;False;"Observação cita questão judicial/regulatória; Projeto executivo não concluído; Meta concentrada no fim do ano";Antecipação aprovada pela DECISÃO SUROD Nº 1.475, DE 22 DE DEZEMBRO DE 2025 Antecipação aprovada pela DECISÃO SUROD Nº 1.475, DE 22 DE DEZEMBRO DE 2025 Antecipação aprovada pela DECISÃO SUROD Nº 1.475, DE 22 DE DEZEMBRO DE 2025 Antecipação aprovada pela DECISÃO SUROD Nº 1.475, DE 22 DE DEZEMBRO DE 2025 Antecipação aprovada pela DECISÃO SUROD Nº 1.475, DE 22 DE DEZEMBRO DE 2025
ECOVIAS RIO MINAS;2026,0;planejado;12040,0;3.2.2;R. Ciclovias;BR-116/RJ;Ciclovia;1,63;;93,0;0;0,0;0,0;0,2325719087688883;False;"Meta concentrada no fim do ano; Prazo previsto curto; Tipo de obra que costuma atrasar";
ECOVIAS CAPIXABA;2025,0;em andamento;18957,0;3.2.1;A. Duplicação Subtrecho G;BR-101/ES;Duplicação de Trecho Rodoviário;15,8;;9,92;11;7,6;48,84;0,22934140097541006;False;"Meta anual pequena (obra em fase inicial/final); Meta concentrada no fim do ano; Projeto executivo não concluído";
ECOVIAS RIO MINAS;2025,0;planejado;15173,0;3.1.3;Impl. de passeio p/pedestres no Viaduto de Santo Aleixo - km 118,900 sobre a BR-116/RJ;BR-116/RJ;Recuperação ou Manutenção de Obra-de-Arte Especial;79,96;;100,0;0;0,0;0,0;0,22719073623348005;False;"Obra extensa (km); Prazo previsto curto";
ECOVIAS RIO MINAS;2026,0;planejado;15787,0;3.2.1;Alargamento da  Ponte sobre o Rio Guandu, km 204,91 - Faixa Adicional - Trecho km 204,32 ao 211,82 SNV2022 (PER: km 197,3 ao 204,8);BR-116/RJ;Alargamento de Obra-de-Arte Especial;0,11;;68,0;0;0,0;0,0;0,22652265133170024;False;"Tipo de obra que costuma atrasar; Meta espalhada por muitos meses; Prazo previsto curto";
ECOVIAS RIO MINAS;2026,0;planejado;15783,0;3.2.1;Alargamento da Ponte sobre o Rio Guandu, km 204,910 - Faixa Adicional - Trecho km 204,32 ao 211,82 SNV2022 (PER: km 197,3 ao 204,8);BR-116/RJ;Alargamento de Obra-de-Arte Especial;0,11;;68,0;0;0,0;0,0;0,22652265133170024;False;"Tipo de obra que costuma atrasar; Meta espalhada por muitos meses; Prazo previsto curto";
VIA SUL;2026,0;planejado;281,0;3.2.1.2;Melhoria em Acessos - km 001+100 - BR-290 Alça de retorno na trombeta ID-53;BR-290/RS;Melhoria em Acesso (local definido);;;100,0;0;0,0;0,0;0,22637365227445475;False;"Projeto executivo não concluído; Prazo previsto curto";
MOTIVA PARANÁ;2026,0;planejado;17820,0;3.4.11.2;Veículos de Fiscalização da PRF - 12 unidades -;BR-376/PR;Veículos da Polícia Rodoviária Federal;;;100,0;0;0,0;0,0;0,22611139625768634;False;"Meta concentrada no fim do ano; Prazo previsto curto; Ausência de: taxa histórica de atraso da concessionária";
ECOVIAS RIO MINAS;2026,0;planejado;4923,0;3.2.2;B. Implantação de Vias Marginais;BR-116/MG;Via Marginal;1,265;;100,0;0;0,0;0,0;0,22597115818356442;False;"Meta espalhada por muitos meses; Tipo de obra que costuma atrasar; Prazo previsto curto";
ECOVIAS RIO MINAS;2026,0;planejado;4921,0;3.2.2;B. Implantação de Vias Marginais;BR-116/MG;Via Marginal;0,95;;100,0;0;0,0;0,0;0,22597115818356442;False;"Meta espalhada por muitos meses; Tipo de obra que costuma atrasar; Prazo previsto curto";
ECOVIAS RIO MINAS;2026,0;planejado;10966,0;3.2.2;L. Acessos - SEGMENTO 8 - MG;BR-116/MG;Melhoria em Acesso (local a definir);3,014;;100,0;0;0,0;0,0;0,22597115818356442;False;"Tipo de obra que costuma atrasar; Meta espalhada por muitos meses; Prazo previsto curto";
ECOVIAS RIO MINAS;2026,0;planejado;11586,0;3.2.2;Q. Pontos de ônibus - SEGMENTO 8 - MG;BR-116/MG;Ponto de Ônibus (local a definir);3,014;;100,0;0;0,0;0,0;0,22597115818356442;False;"Meta espalhada por muitos meses; Tipo de obra que costuma atrasar; Prazo previsto curto";
ECOVIAS RIO MINAS;2026,0;planejado;10967,0;3.2.2;L. Acessos - SEGMENTO 8 - MG;BR-116/MG;Melhoria em Acesso (local a definir);3,014;;100,0;0;0,0;0,0;0,22597115818356442;False;"Tipo de obra que costuma atrasar; Meta espalhada por muitos meses; Prazo previsto curto";
ECOVIAS RIO MINAS;2026,0;planejado;4920,0;3.2.2;B. Implantação de Vias Marginais;BR-116/MG;Via Marginal;2,055;;100,0;0;0,0;0,0;0,22597115818356442;False;"Meta espalhada por muitos meses; Tipo de obra que costuma atrasar; Prazo previsto curto";
ECOVIAS RIO MINAS;2026,0;planejado;4922,0;3.2.2;B. Implantação de Vias Marginais;BR-116/MG;Via Marginal;1,265;;100,0;0;0,0;0,0;0,22597115818356442;False;"Meta espalhada por muitos meses; Tipo de obra que costuma atrasar; Prazo previsto curto";
ECOVIAS RIO MINAS;2026,0;planejado;4624,0;3.2.1;A. Implantação de duplicação;BR-116/MG;Duplicação de Trecho Rodoviário;3,014;;100,0;0;0,0;0,0;0,22597115818356442;False;"Meta espalhada por muitos meses; Tipo de obra que costuma atrasar; Prazo previsto curto";
ECOVIAS RIO MINAS;2026,0;planejado;10965,0;3.2.2;L. Acessos - SEGMENTO 8 - MG;BR-116/MG;Melhoria em Acesso (local a definir);3,014;;100,0;0;0,0;0,0;0,22597115818356442;False;"Tipo de obra que costuma atrasar; Meta espalhada por muitos meses; Prazo previsto curto";
ECOVIAS RIO MINAS;2026,0;planejado;11587,0;3.2.2;Q. Pontos de ônibus - SEGMENTO 8 - MG;BR-116/MG;Ponto de Ônibus (local a definir);3,014;;100,0;0;0,0;0,0;0,22597115818356442;False;"Meta espalhada por muitos meses; Tipo de obra que costuma atrasar; Prazo previsto curto";
ECOVIAS RIO MINAS;2026,0;planejado;10964,0;3.2.2;L. Acessos - SEGMENTO 8 - MG;BR-116/MG;Melhoria em Acesso (local a definir);3,014;;100,0;0;0,0;0,0;0,22597115818356442;False;"Tipo de obra que costuma atrasar; Meta espalhada por muitos meses; Prazo previsto curto";
ECOVIAS RIO MINAS;2026,0;planejado;10963,0;3.2.2;L. Acessos - SEGMENTO 8 - MG;BR-116/MG;Melhoria em Acesso (local a definir);3,014;;100,0;0;0,0;0,0;0,22597115818356442;False;"Tipo de obra que costuma atrasar; Meta espalhada por muitos meses; Prazo previsto curto";
ECOVIAS RIO MINAS;2026,0;planejado;11585,0;3.2.2;Q. Pontos de ônibus - SEGMENTO 8 - MG;BR-116/MG;Ponto de Ônibus (local a definir);3,014;;100,0;0;0,0;0,0;0,22597115818356442;False;"Meta espalhada por muitos meses; Tipo de obra que costuma atrasar; Prazo previsto curto";
ECOVIAS RIO MINAS;2026,0;planejado;11584,0;3.2.2;Q. Pontos de ônibus - SEGMENTO 8 - MG;BR-116/MG;Ponto de Ônibus (local a definir);3,014;;100,0;0;0,0;0,0;0,22597115818356442;False;"Meta espalhada por muitos meses; Tipo de obra que costuma atrasar; Prazo previsto curto";
NOVA 381;2026,0;em andamento;16131,0;3.2.1;C.Estabilização de Taludes da BR-381/MG;BR-381/MG;Recuperação de Terrapleno e Estrutura de Contenção;;;100,0;7;100,0;85,05;0,22550831369911442;False;"Projeto executivo não concluído; Ausência de: taxa histórica de atraso da concessionária; Prazo previsto curto";
ECOVIAS RIO MINAS;2025,0;planejado;14216,0;3.2.1;Ponte s/Rio Acari - Fx Adic. - tr. km 169,22 ao km 171,92 SNV 2022 (PER km 162,498 ao km 164,900);BR-116/RJ;Alargamento de Obra-de-Arte Especial;0,034;;47,55;0;0,0;0,0;0,22550814476752318;False;"Tipo de obra que costuma atrasar; Projeto executivo não concluído; Meta anual pequena (obra em fase inicial/final)";
WAY 262;2026,0;planejado;17541,0;3.2.2;K. Passarelas;BR-262/MG;Passarela (local definido);;;100,0;0;0,0;0,0;0,22271205437197447;False;"Licenciamento ambiental pendente; Prazo previsto curto";
WAY 262;2026,0;planejado;17548,0;3.2.2;K. Passarelas;BR-262/MG;Passarela (local definido);;;100,0;0;0,0;0,0;0,22271205437197447;False;"Licenciamento ambiental pendente; Prazo previsto curto";
ECOVIAS RIO MINAS;2025,0;planejado;15177,0;3.1.3;Implantação de passeio para pedestres na Ponte sobre o Rio Calombé E – km 48,647 da BR-493/RJ;BR-493/RJ;Recuperação ou Manutenção de Obra-de-Arte Especial;0,07;;100,0;0;0,0;0,0;0,22200490866293757;False;Prazo previsto curto;
ECOVIAS RIO MINAS;2025,0;planejado;15233,0;3.1.3;Implantação de passeio para pedestres - Viaduto Estrada Iguaçu Velho I - km 64,193 da BR493/RJ;BR-493/RJ;Recuperação ou Manutenção de Obra-de-Arte Especial;0,06;;100,0;0;0,0;0,0;0,22200490866293757;False;Prazo previsto curto;
ECOVIAS RIO MINAS;2025,0;planejado;15235,0;3.1.3;Implantação de passeio para pedestres -Ponte - E - km 65,147 da BR493/RJ;BR-493/RJ;Recuperação ou Manutenção de Obra-de-Arte Especial;0,062;;100,0;0;0,0;0,0;0,22200490866293757;False;Prazo previsto curto;
ECOVIAS RIO MINAS;2025,0;planejado;15234,0;3.1.3;Implantação de passeio para pedestres na Ponte sobre o Rio Calombé I – km 48,647 da BR-493/RJ;BR-493/RJ;Recuperação ou Manutenção de Obra-de-Arte Especial;0,07;;100,0;0;0,0;0,0;0,22200490866293757;False;Prazo previsto curto;
ECOVIAS RIO MINAS;2025,0;planejado;15237,0;3.1.3;Implantação de passeio para pedestres -PI - I - km 65,115 da BR493/RJ;BR-493/RJ;Recuperação ou Manutenção de Obra-de-Arte Especial;0,063;;100,0;0;0,0;0,0;0,22200490866293757;False;Prazo previsto curto;
ECOVIAS PONTE;2024,0;planejado;8389,0;3.2.23;Obra Reforço de Protensão Adicional das Aduelas no Momento Negativo;BR-101/RJ;Recuperação ou Manutenção de Obra-de-Arte Especial;13,0;46780496,45;91,67;0;0,0;0,0;0,21963670418258097;False;"Meta espalhada por muitos meses; Prazo previsto curto";
ECOVIAS RIO MINAS;2025,0;planejado;15267,0;3.2.1;Ponte s/Rio Camboatá, km 199,85 - Fx. Adic. - tr. km 196,12 ao km 202,47 SNV2022 (PER km 189,10 ao km 195,45);BR-116/RJ;Alargamento de Obra-de-Arte Especial;0,052;;73,0;0;0,0;0,0;0,21899726330503347;False;"Tipo de obra que costuma atrasar; Projeto executivo não concluído; Prazo previsto curto";
ECOVIAS RIO MINAS;2025,0;planejado;14217,0;3.2.1;Ponte s/Rio Pavuna - Fx Adic. - tr. km 171,92 ao km 174,33 SNV2022 (PER km 164,900 ao km 167,300);BR-116/RJ;Alargamento de Obra-de-Arte Especial;0,045;;73,0;0;0,0;0,0;0,21899726330503347;False;"Tipo de obra que costuma atrasar; Projeto executivo não concluído; Prazo previsto curto";
ECOVIAS RIO MINAS;2025,0;planejado;15266,0;3.2.1;Ponte s/Rio Camboatá, km 199,83 - Fx. Adic. - tr. km 196,12 ao km 202,47 SNV2022 (PER km 189,10 ao km 195,45);BR-116/RJ;Alargamento de Obra-de-Arte Especial;0,053;;73,0;0;0,0;0,0;0,21899726330503347;False;"Tipo de obra que costuma atrasar; Projeto executivo não concluído; Prazo previsto curto";
ECOVIAS RIO MINAS;2025,0;planejado;14259,0;3.2.1;Ponte s/Rio Poços - Fx. Adic. - tr. km 202,47 ao km 204,32 SNV2022 (PER km 195,450 ao km 197,300);BR-116/RJ;Alargamento de Obra-de-Arte Especial;0,052;;73,0;0;0,0;0,0;0,21899726330503347;False;"Tipo de obra que costuma atrasar; Projeto executivo não concluído; Prazo previsto curto";
ECOVIAS RIO MINAS;2025,0;planejado;4662,0;3.2.1;B. Implantação de Faixa Adicional;BR-116/RJ;Faixa Adicional;4,1;;72,92;0;0,0;0,0;0,21698782266189556;False;"Meta espalhada por muitos meses; Tipo de obra que costuma atrasar; Prazo previsto curto";
ECOVIAS RIO MINAS;2025,0;planejado;4661,0;3.2.1;B. Implantação de Faixa Adicional;BR-116/RJ;Faixa Adicional;4,1;;72,92;0;0,0;0,0;0,21698782266189556;False;"Meta espalhada por muitos meses; Tipo de obra que costuma atrasar; Prazo previsto curto";
ECOVIAS DO ARAGUAIA;2025,0;planejado;7407,0;3.2.1.2;B. Vias Marginais;BR-153/GO;Via Marginal;0,6;;100,0;0;0,0;0,0;0,21619148205842179;False;"Meta espalhada por muitos meses; Tipo de obra que costuma atrasar; Prazo previsto curto";
ECOVIAS DO ARAGUAIA;2025,0;planejado;28343,0;3.2.1.1;A. Duplicação - Segmento 19;BR-153/GO;Duplicação de Trecho Rodoviário;1,02;;100,0;0;0,0;0,0;0,21619148205842179;False;"Meta espalhada por muitos meses; Tipo de obra que costuma atrasar; Prazo previsto curto";
ECOVIAS DO ARAGUAIA;2025,0;planejado;28342,0;3.2.1.1;A. Duplicação - Segmento 19;BR-153;Duplicação de Trecho Rodoviário;2,98;;100,0;0;0,0;0,0;0,21619148205842179;False;"Meta espalhada por muitos meses; Tipo de obra que costuma atrasar; Prazo previsto curto";
ECOVIAS DO ARAGUAIA;2025,0;planejado;7392,0;3.2.1.2;B. Vias Marginais;BR-153/TO;Via Marginal;1,0;;100,0;0;0,0;0,0;0,21619148205842179;False;"Meta espalhada por muitos meses; Tipo de obra que costuma atrasar; Prazo previsto curto";
ECOVIAS DO ARAGUAIA;2025,0;planejado;7406,0;3.2.1.2;B. Vias Marginais;BR-153/GO;Via Marginal;0,7;;100,0;0;0,0;0,0;0,21619148205842179;False;"Meta espalhada por muitos meses; Tipo de obra que costuma atrasar; Prazo previsto curto";
ECOVIAS DO ARAGUAIA;2025,0;planejado;28345,0;3.2.1.1;A. Duplicação - Segmento 2;BR-153/TO;Duplicação de Trecho Rodoviário;2,0;;100,0;0;0,0;0,0;0,21619148205842179;False;"Meta espalhada por muitos meses; Tipo de obra que costuma atrasar; Prazo previsto curto";
ECOVIAS DO CERRADO;2025,0;planejado;13188,0;3.1.3;Recuperação, Reforço e Alargamento de OAE, Ponte sobre o Rio Paranaíba (PONTE DA DIVISA);BR-365/MG;Recuperação ou Manutenção de Obra-de-Arte Especial;0,32;;31,0;0;0,0;0,0;0,21607407358301256;False;"Meta concentrada no fim do ano; Meta anual pequena (obra em fase inicial/final); Prazo previsto curto";
ECOVIAS CAPIXABA;2025,0;em andamento;20862,0;3.2.2;H. OAE - Ponte - Rio Timbuí;BR-101/ES;Nova Obra-de-Arte Especial;0,0;;21,22;11;13,98;21,24;0,21283124116277186;False;"Meta concentrada no fim do ano; Meta anual pequena (obra em fase inicial/final); Projeto executivo não concluído";
MOTIVA MINAS SP;2026,0;planejado;28007,0;3.2.2;D. Obra de Arte Especial;BR-381/SP;Reforço/Alargamento de Obra-de-Arte Especial;0,0;;100,0;0;0,0;0,0;0,20972884994168173;False;"Meta concentrada no fim do ano; Projeto executivo não concluído; Prazo previsto curto";Anteprojeto protocolado. Processo SEI nº 50505.083343/2026-36. Aguardando a análise da Agência Anteprojeto protocolado. Processo SEI nº 50505.083343/2026-36. Aguardando a análise da Agência
VIA ARAUCÁRIA;2026,0;planejado;8019,0;3.4.2.10;SMM - Sistema de Monitoramento Meteorológico;BR-277/PR;Sistema de Monitoramento Meteorológico;;;100,0;0;0,0;0,0;0,2084877309148927;False;"Meta concentrada no fim do ano; Prazo previsto curto; Ausência de: taxa histórica de atraso da concessionária";
ECOVIAS RIO MINAS;2025,0;planejado;12231,0;3.2.2;G. Retornos - Tipo U;BR-116/RJ;Meio Retorno em Nível;;;22,0;0;0,0;0,0;0,20817071905863227;False;"Meta anual pequena (obra em fase inicial/final); Meta concentrada no fim do ano; Prazo previsto curto";
NOVA 364;2026,0;planejado;22433,0;3.4.10.1;Posto de fiscalização da ANTT;BR-364;Escritório de Fiscalização da ANTT;;;100,0;0;0,0;0,0;0,20789660550539332;False;"Meta concentrada no fim do ano; Prazo previsto curto; Tipo de obra que costuma atrasar";
WAY 262;2026,0;planejado;18390,0;3.4.10.1;Posto de fiscalização da ANTT;BR-262/MG;Escritório de Fiscalização da ANTT;;;100,0;0;0,0;0,0;0,20789660550539332;False;"Meta concentrada no fim do ano; Prazo previsto curto; Tipo de obra que costuma atrasar";
WAY 153;2026,0;planejado;27437,0;3.4.2.10;SMM - Sistema de Monitoramento Meteorológico Quantidade: 3;BR-153/MG;Sistema de Monitoramento Meteorológico;;;100,0;0;0,0;0,0;0,20789660550539332;False;"Meta concentrada no fim do ano; Prazo previsto curto; Tipo de obra que costuma atrasar";
ECOVIAS RIO MINAS;2026,0;planejado;4626,0;3.2.1;A. Implantação de duplicação;BR-116/MG;Duplicação de Trecho Rodoviário;0,145;;100,0;0;0,0;0,0;0,20686260913889973;False;"Meta espalhada por muitos meses; Tipo de obra que costuma atrasar; Prazo previsto curto";
ECOVIAS DO CERRADO;2026,0;planejado;13192,0;3.1.3;Alargamento e Adequação de OAE, Ponte sobre o Córrego Pedreira BR-365/MG;BR-365/MG;Recuperação ou Manutenção de Obra-de-Arte Especial;0,04;;100,0;0;0,0;0,0;0,20647939432995996;False;"Meta espalhada por muitos meses; Projeto executivo não concluído; Prazo previsto curto";Obra de recuperação a ser realizada concomitante a obra de duplicação Obra de recuperação a ser realizada concomitante a obra de duplicação
ECOVIAS RIO MINAS;2025,0;planejado;12382,0;3.4.12;Unidade Operacional da PRF (Reforma/Cobertura);BR-116/RJ;Reforma/Adequação de Unidade Operacional da Polícia Rodoviária Federal;;;100,0;0;0,0;0,0;0,20645977590487263;False;"Meta concentrada no fim do ano; Prazo previsto curto";
ELOVIAS;2025,0;em andamento;23704,0;3.4.3.1;Base de Serviços Operacionais (BSO/SAU);BR-040/MG;Reforma/Adequação de Base de Serviços Operacionais com Atendimento aos Usuários;;;100,0;9;10,33;35,71;0,20587247582180807;False;"Meta concentrada no fim do ano; Projeto executivo não concluído; Prazo previsto curto";
NOVA 364;2025,0;em andamento;22431,0;3.4.7.1;Sistema de Transmissão de Dados - Rede de Dados ao longo de todo trecho;BR-364;Rede de Dados;686,0;;100,0;5;0,0;100,0;0,20494915425743634;False;"Obra extensa (km); Prazo previsto curto; Tipo de obra que costuma atrasar";
ECOVIAS DO ARAGUAIA;2025,0;planejado;7354,0;3.2.1.1;A. Duplicação - Segmento 22;BR-153/GO;Duplicação de Trecho Rodoviário;2,61;;100,0;0;0,0;0,0;0,2042407738350463;False;"Meta espalhada por muitos meses; Projeto executivo não concluído; Tipo de obra que costuma atrasar";
VIA ARAUCÁRIA;2026,0;planejado;8014,0;3.4.2.1;SAGT - Sistema de Apoio à Gestão do Tráfego;BR-277/PR;Sistema de Apoio à Gestão do Tráfego;;;100,0;0;0,0;0,0;0,20393670123913538;False;"Meta concentrada no fim do ano; Prazo previsto curto; Ausência de: taxa histórica de atraso da concessionária";
VIA SUL;2026,0;planejado;960,0;3.1.3;Recuperação de OAE - km 353,2 BR-386/RS - Ponte sobre o Arroio Estrela Norte;BR-386/RS;Recuperação ou Manutenção de Obra-de-Arte Especial;0,04;;100,0;0;0,0;0,0;0,20376682809889377;False;"Prazo previsto curto; Tipo de obra que costuma atrasar";
VIA SUL;2026,0;planejado;24036,0;3.2.1.1;Duplicações - km 269+200 ao km 324+100 - Fontoura Xavier e Marques de Souza segmento - D;BR-386;Duplicação de Trecho Rodoviário;54,9;;100,0;0;0,0;0,0;0,20196887885968104;False;"Meta espalhada por muitos meses; Tipo de obra que costuma atrasar; Obra extensa (km)";
AUTOPISTA FLUMINENSE;2026,0;em andamento;24467,0;3.2.1;C. Faixas Adicionais;BR-101/RJ;Faixa Adicional;5,95;;6,77;3;2,03;17,32;0,19970211944361616;False;"Meta anual pequena (obra em fase inicial/final); Tipo de obra que costuma atrasar; Projeto executivo não concluído";
ECOVIAS DO CERRADO;2025,0;planejado;13187,0;3.1.3;Recuperação, Reforço e Alargamento de OAE, Ponte sobre Rio da Prata BR-365/MG;BR-365/MG;Recuperação ou Manutenção de Obra-de-Arte Especial;0,178;;100,0;0;0,0;0,0;0,1986047603262174;False;Prazo previsto curto;
ECOVIAS DO CERRADO;2026,0;planejado;13187,0;3.1.3;Recuperação, Reforço e Alargamento de OAE, Ponte sobre Rio da Prata BR-365/MG;BR-365/MG;Recuperação ou Manutenção de Obra-de-Arte Especial;0,178;;55,0;0;0,0;0,0;0,19808698012265916;False;"Meta espalhada por muitos meses; Prazo previsto curto; Meta anual pequena (obra em fase inicial/final)";
VIA ARAUCÁRIA;2026,0;planejado;8017,0;3.4.2.4;CFTV - Circuito Fechado de TV: Quantitativo Mínimo - 409 câmeras;BR-277/PR;Sistema de Circuito Fechado de TV;;;100,0;0;0,0;0,0;0,19787563360236038;False;"Meta concentrada no fim do ano; Prazo previsto curto; Ausência de: taxa histórica de atraso da concessionária";
ECOVIAS RIO MINAS;2025,0;planejado;12025,0;3.2.2;N. Caixas de Produtos Perigosos;BR-116/MG;Caixa de Produtos Perigosos;;;96,79;0;0,0;0,0;0,1978352113101282;False;"Meta espalhada por muitos meses; Tipo de obra que costuma atrasar; Prazo previsto curto";
ECOVIAS DO ARAGUAIA;2025,0;planejado;15255,0;3.2.1.1;Ponte sobre o Rio das Almas km 284+800 sentido norte Br 153 GO.;BR-153/GO;Nova Obra-de-Arte Especial;0,18;;100,0;0;0,0;0,0;0,196719227077125;False;"Meta concentrada no fim do ano; Prazo previsto curto";
NOVA 364;2025,0;em andamento;22437,0;3.4.11.2;Veiculo PRF - 6 unidades;BR-364/RO;Veículos da Polícia Rodoviária Federal;;;100,0;5;0,0;100,0;0,19653403088103766;False;"Meta concentrada no fim do ano; Prazo previsto curto";
NOVA 364;2025,0;em andamento;24195,0;3.4.2.8;SCV - Sistema de Controle de Velocidade - 25 radares fixos;BR-364/RO;Sistema de Controle de Velocidade;;;100,0;5;0,0;100,0;0,19653403088103766;False;"Meta concentrada no fim do ano; Prazo previsto curto";
EPR PARANÁ;2026,0;planejado;25464,0;3.4.11.1;Edificação Adequação Cobertura - UOP - Guaíra;BR-272/PR;Reforma/Adequação de Unidade Operacional da Polícia Rodoviária Federal;;;100,0;0;0,0;0,0;0,19653403088103766;False;"Meta concentrada no fim do ano; Prazo previsto curto";
NOVA 364;2026,0;planejado;22805,0;3.2.2.K;K. Pontos de ônibus;BR-364/RO;Ponto de Ônibus (local a definir);;;99,95;0;0,0;0,0;0,19598140993500024;False;"Tipo de obra que costuma atrasar; Prazo previsto curto";
NOVA 364;2026,0;planejado;22810,0;3.2.2.K;K. Pontos de ônibus;BR-364/RO;Ponto de Ônibus (local a definir);;;100,0;0;0,0;0,0;0,19598140993500024;False;"Tipo de obra que costuma atrasar; Prazo previsto curto";
NOVA 364;2026,0;planejado;22808,0;3.2.2.K;K. Pontos de ônibus;BR-364/RO;Ponto de Ônibus (local a definir);;;100,0;0;0,0;0,0;0,19598140993500024;False;"Tipo de obra que costuma atrasar; Prazo previsto curto";
NOVA 364;2026,0;planejado;22807,0;3.2.2.K;K. Pontos de ônibus;BR-364/RO;Ponto de Ônibus (local a definir);;;100,0;0;0,0;0,0;0,19598140993500024;False;"Tipo de obra que costuma atrasar; Prazo previsto curto";
NOVA 364;2026,0;planejado;22806,0;3.2.2.K;K. Pontos de ônibus;BR-364/RO;Ponto de Ônibus (local a definir);;;99,95;0;0,0;0,0;0,19598140993500024;False;"Tipo de obra que costuma atrasar; Prazo previsto curto";
NOVA 364;2026,0;planejado;22809,0;3.2.2.K;K. Pontos de ônibus;BR-364/RO;Ponto de Ônibus (local a definir);;;100,0;0;0,0;0,0;0,19598140993500024;False;"Tipo de obra que costuma atrasar; Prazo previsto curto";
LITORAL PIONEIRO;2026,0;em andamento;6452,0;3.2.2.I;I. Passagens em Desnível;BR-369/PR;Retorno em Desnível;;;100,0;5;8,42;30,459999999999997;0,19491113350257608;False;"Licenciamento ambiental pendente; Meta concentrada no fim do ano; Meta espalhada por muitos meses";
MOTIVA MINAS SP;2026,0;planejado;27909,0;3.2.1;A. Faixas Adicionais em Pista Dupla;BR-381/SP;Faixa Adicional;19,31;;5,16;0;0,0;0,0;0,1910506286272361;False;"Meta anual pequena (obra em fase inicial/final); Tipo de obra que costuma atrasar; Projeto executivo não concluído";
WAY 153;2026,0;planejado;27440,0;3.4.2.6;PMVm - Painel de Mensagem Variável - móvel: Aquisição e operacionalização de painéis do tipo móvel, para atender situações especiais do Sistema Rodoviário - Quantitativos Mínimo: 11 Equipamentos;BR-153/MG;Painel de Mensagens Variáveis Móvel;;;100,0;0;0,0;0,0;0,18967963436818097;False;"Meta concentrada no fim do ano; Prazo previsto curto";
WAY 153;2026,0;planejado;27413,0;3.4.10.2;Fornecimento de veículos para o fiscalização da ANTT - 1;BR-153/MG;Veículos de Fiscalização da ANTT;;;100,0;0;0,0;0,0;0,18967963436818097;False;"Meta concentrada no fim do ano; Prazo previsto curto";
NOVA 364;2026,0;planejado;23492,0;3.2.2.O;O. OAE - Alargamento + reforço - Ponte;BR-364/RO;Reforço/Alargamento de Obra-de-Arte Especial;0,0;;80,0;0;0,0;0,0;0,18944353621465804;False;"Licenciamento ambiental pendente; Meta espalhada por muitos meses; Prazo previsto curto";
AUTOPISTA PLANALTO SUL;2026,0;planejado;6113,0;5.1.10.2;Trevos em Desnível, com Alças, em Pista Dupla - Completo (km 141,8);BR-116/PR;Retorno em Desnível;;6459358,62;90,5;0;0,0;0,0;0,1889062720355988;False;"Meta concentrada no fim do ano; Prazo previsto curto";
ECOVIAS RIO MINAS;2025,0;planejado;16076,0;3.2.2;Q. Pontos de ônibus - SEGMENTO 1' - RJ;BR-116/RJ;Ponto de Ônibus (local a definir);3,2;;65,21;0;0,0;0,0;0,18777804912857604;False;"Meta espalhada por muitos meses; Tipo de obra que costuma atrasar; Prazo previsto curto";
ECOVIAS RIO MINAS;2025,0;planejado;16078,0;3.2.2;Q. Pontos de ônibus - SEGMENTO 1' - RJ;BR-116/RJ;Ponto de Ônibus (local a definir);3,2;;65,21;0;0,0;0,0;0,18777804912857604;False;"Meta espalhada por muitos meses; Tipo de obra que costuma atrasar; Prazo previsto curto";
ECOVIAS RIO MINAS;2025,0;planejado;11342,0;3.2.2;K. Alças de Conexão - OAE EXPRESSA – (AV. BRASIL – BR-116) (EXPRESSA);BR-116/RJ;Alça de Ligação em Desnível;;;66,19;0;0,0;0,0;0,18777804912857604;False;"Meta espalhada por muitos meses; Tipo de obra que costuma atrasar; Prazo previsto curto";
ECOVIAS RIO MINAS;2025,0;planejado;16079,0;3.2.2;Q. Pontos de ônibus - SEGMENTO 1' - RJ;BR-116/RJ;Ponto de Ônibus (local a definir);3,2;;65,21;0;0,0;0,0;0,18777804912857604;False;"Meta espalhada por muitos meses; Tipo de obra que costuma atrasar; Prazo previsto curto";
ECOVIAS RIO MINAS;2025,0;planejado;16077,0;3.2.2;Q. Pontos de ônibus - SEGMENTO 1' - RJ;BR-116/RJ;Ponto de Ônibus (local a definir);3,2;;65,21;0;0,0;0,0;0,18777804912857604;False;"Meta espalhada por muitos meses; Tipo de obra que costuma atrasar; Prazo previsto curto";
ECOVIAS RIO MINAS;2025,0;planejado;15980,0;3.2.2;L. Acessos - SEGMENTO 1' - RJ;BR-116/RJ;Melhoria em Acesso (local a definir);3,2;;61,6;0;0,0;0,0;0,18777804912857604;False;"Tipo de obra que costuma atrasar; Meta espalhada por muitos meses; Prazo previsto curto";
ECOVIAS RIO MINAS;2025,0;planejado;11341,0;3.2.2;K. Alças de Conexão - OAE EXPRESSA – (AV. BRASIL – BR-116) (MARGINAL);BR-116/RJ;Alça de Ligação em Desnível;;;64,88;0;0,0;0,0;0,18777804912857604;False;"Meta espalhada por muitos meses; Tipo de obra que costuma atrasar; Prazo previsto curto";
ECOVIAS RIO MINAS;2025,0;planejado;15979,0;3.2.2;L. Acessos - SEGMENTO 1' - RJ;BR-116/RJ;Melhoria em Acesso (local a definir);3,2;;61,6;0;0,0;0,0;0,18777804912857604;False;"Tipo de obra que costuma atrasar; Meta espalhada por muitos meses; Prazo previsto curto";
ECOVIAS RIO MINAS;2025,0;planejado;16075,0;3.2.2;Q. Pontos de ônibus - SEGMENTO 1' - RJ;BR-116/RJ;Ponto de Ônibus (local a definir);3,2;;65,21;0;0,0;0,0;0,18777804912857604;False;"Meta espalhada por muitos meses; Tipo de obra que costuma atrasar; Prazo previsto curto";
ECOVIAS RIO MINAS;2025,0;planejado;15978,0;3.2.2;L. Acessos - SEGMENTO 1' - RJ;BR-116/RJ;Melhoria em Acesso (local a definir);3,2;;61,6;0;0,0;0,0;0,18777804912857604;False;"Tipo de obra que costuma atrasar; Meta espalhada por muitos meses; Prazo previsto curto";
ECOVIAS RIO MINAS;2025,0;planejado;15977,0;3.2.2;L. Acessos - SEGMENTO 1' - RJ;BR-116/RJ;Melhoria em Acesso (local a definir);3,2;;61,6;0;0,0;0,0;0,18777804912857604;False;"Tipo de obra que costuma atrasar; Meta espalhada por muitos meses; Prazo previsto curto";
ECOVIAS RIO MINAS;2025,0;planejado;16074,0;3.2.2;Q. Pontos de ônibus - SEGMENTO 1' - RJ;BR-116/RJ;Ponto de Ônibus (local a definir);3,2;;65,21;0;0,0;0,0;0,18777804912857604;False;"Meta espalhada por muitos meses; Tipo de obra que costuma atrasar; Prazo previsto curto";
ECOVIAS RIO MINAS;2025,0;planejado;15981,0;3.2.2;L. Acessos - SEGMENTO 1' - RJ;BR-116/RJ;Melhoria em Acesso (local a definir);3,2;;61,6;0;0,0;0,0;0,18777804912857604;False;"Tipo de obra que costuma atrasar; Meta espalhada por muitos meses; Prazo previsto curto";
ECOVIAS RIO MINAS;2025,0;planejado;12841,0;3.2.2;A. Travessias Urbanas - Seropédica;BR-116/RJ;Iluminação de Travessias Urbanas;1,665;;61,0;0;0,0;0,0;0,1876768113438207;False;"Meta concentrada no fim do ano; Prazo previsto curto";
WAY 153;2026,0;planejado;27442,0;3.4.2.4;CFTV - Circuito Fechado de TV. 188 Rodovias, 31 Edificações e 28 em passarelas;BR-153/MG;Sistema de Circuito Fechado de TV;;;100,0;0;0,0;0,0;0,18630326504711445;False;"Meta concentrada no fim do ano; Prazo previsto curto";
ECOVIAS RIO MINAS;2025,0;planejado;4637,0;3.2.1;A. Implantação de duplicação;BR-493/RJ;Duplicação de Trecho Rodoviário;10,3;;74,62;0;0,0;0,0;0,1860334806656298;False;"Meta espalhada por muitos meses; Projeto executivo não concluído; Tipo de obra que costuma atrasar";
VIA CAMPO;2026,0;planejado;26940,0;3.4.3.1;Base de Serviços Operacionais (BSO/SAU);BR-163/PR;Base de Serviços Operacionais com Atendimento aos Usuários;;;100,0;0;0,0;0,0;0,18343477417494852;False;"Meta concentrada no fim do ano; Desapropriação pendente; Prazo previsto curto";
VIA CAMPO;2026,0;planejado;26942,0;3.4.3.1;Base de Serviços Operacionais (BSO/SAU);BR-163/PR;Base de Serviços Operacionais com Atendimento aos Usuários;;;100,0;0;0,0;0,0;0,18343477417494852;False;"Meta concentrada no fim do ano; Desapropriação pendente; Prazo previsto curto";
VIA CAMPO;2026,0;planejado;26941,0;3.4.3.1;Base de Serviços Operacionais (BSO/SAU);BR-163/PR;Base de Serviços Operacionais com Atendimento aos Usuários;;;100,0;0;0,0;0,0;0,18343477417494852;False;"Meta concentrada no fim do ano; Desapropriação pendente; Prazo previsto curto";
VIA CAMPO;2026,0;planejado;26939,0;3.4.3.1;Base de Serviços Operacionais (BSO/SAU);BR-163/PR;Base de Serviços Operacionais com Atendimento aos Usuários;;;100,0;0;0,0;0,0;0,18343477417494852;False;"Meta concentrada no fim do ano; Desapropriação pendente; Prazo previsto curto";
VIA CAMPO;2026,0;planejado;26936,0;3.4.3.1;Base de Serviços Operacionais (BSO/SAU);BR-369/PR;Base de Serviços Operacionais com Atendimento aos Usuários;;;100,0;0;0,0;0,0;0,18343477417494852;False;"Meta concentrada no fim do ano; Desapropriação pendente; Prazo previsto curto";
ECOVIAS RIO MINAS;2025,0;planejado;12867,0;3.2.2;A. Travessias Urbanas - São João do Meriti;BR-116/RJ;Iluminação de Travessias Urbanas;0,6;;61,0;0;0,0;0,0;0,182846701502832;False;"Meta concentrada no fim do ano; Prazo previsto curto";
ECOVIAS RIO MINAS;2025,0;planejado;12842,0;3.2.2;A. Travessias Urbanas - Seropédica;BR-116/RJ;Iluminação de Travessias Urbanas;0,922;;61,0;0;0,0;0,0;0,182846701502832;False;"Meta concentrada no fim do ano; Prazo previsto curto";
ECOVIAS RIO MINAS;2025,0;planejado;12863,0;3.2.2;A. Travessias Urbanas - Rio de Janeiro;BR-116/RJ;Iluminação de Travessias Urbanas;0,498;;61,0;0;0,0;0,0;0,182846701502832;False;"Meta concentrada no fim do ano; Prazo previsto curto";
NOVA 364;2025,0;em andamento;22397,0;3.4.1.1;CCO - Centro de Controle Operacional;BR-364/RO;Centro de Controle Operacional;;;100,0;5;0,0;100,0;0,1806425035717933;False;"Meta concentrada no fim do ano; Prazo previsto curto";
WAY 153;2026,0;planejado;27443,0;3.4.2.2;SAT - Sistema de Análise de Tráfego. Quantidade 45;BR-153/MG;Sistema de Detecção e Sensoriamento de Pista;;;100,0;0;0,0;0,0;0,1806425035717933;False;"Meta concentrada no fim do ano; Prazo previsto curto";
NOVA 364;2025,0;em andamento;24192,0;3.4.5.1;Free Flow - Pimenta Bueno;BR-364/RO;Pórtico de Livre Passagem (Free Flow);;;100,0;5;0,0;100,0;0,1806425035717933;False;"Observação cita questão judicial/regulatória; Meta concentrada no fim do ano; Prazo previsto curto";De acordo com o 1º Termo Aditivo ao Contrato nº 06/2024, a Concessionária deverá apresentar o projeto executivo em até 180 dias da assinatura do referido termo, cujo prazo finda em 10/06/2026. De acordo com o 1º Termo Aditivo ao Contrato nº 06/2024, a Concessionária deverá apresentar o projeto executivo em até 180 dias da assinatura do referido termo, cujo prazo finda em 10/06/2026. De acordo com o 1º Termo Aditivo ao Contrato nº 06/2024, a Concessionária deverá apresentar o projeto executivo em até 180 dias da assinatura do referido termo, cujo prazo finda em 10/06/2026.
NOVA 364;2025,0;em andamento;24193,0;3.4.5.1;Free Flow - Pimenta Bueno;BR-364/RO;Pórtico de Livre Passagem (Free Flow);;;100,0;5;0,0;100,0;0,1806425035717933;False;"Observação cita questão judicial/regulatória; Meta concentrada no fim do ano; Prazo previsto curto";De acordo com o 1º Termo Aditivo ao Contrato nº 06/2024, a Concessionária deverá apresentar o projeto executivo em até 180 dias da assinatura do referido termo, cujo prazo finda em 10/06/2026. De acordo com o 1º Termo Aditivo ao Contrato nº 06/2024, a Concessionária deverá apresentar o projeto executivo em até 180 dias da assinatura do referido termo, cujo prazo finda em 10/06/2026. De acordo com o 1º Termo Aditivo ao Contrato nº 06/2024, a Concessionária deverá apresentar o projeto executivo em até 180 dias da assinatura do referido termo, cujo prazo finda em 10/06/2026.
WAY 153;2026,0;planejado;27438,0;3.4.2.8;SCV - Sistema de Controle de Velocidade: Implantação de um sistema de controle automático de velocidade (com tecnologia tipo OCR ou superior) de veículos composto pelas unidades de monitoração eletrônica de velocidade do tipo radar fixo ou redutor eletrônico de velocidade (barreira ou lombada eletrônica). Quantitativo Mínimo: 18 Equipamentos;BR-153/MG;Sistema de Controle de Velocidade;;;100,0;0;0,0;0,0;0,1806425035717933;False;"Meta concentrada no fim do ano; Prazo previsto curto";
NOVA 364;2025,0;em andamento;24188,0;3.4.5.1;Free Flow - Cujubim;BR-364/RO;Pórtico de Livre Passagem (Free Flow);;;100,0;5;0,0;100,0;0,1806425035717933;False;"Observação cita questão judicial/regulatória; Meta concentrada no fim do ano; Prazo previsto curto";De acordo com o 1º Termo Aditivo ao Contrato nº 06/2024, a Concessionária deverá apresentar o projeto executivo em até 180 dias da assinatura do referido termo, cujo prazo finda em 10/06/2026. De acordo com o 1º Termo Aditivo ao Contrato nº 06/2024, a Concessionária deverá apresentar o projeto executivo em até 180 dias da assinatura do referido termo, cujo prazo finda em 10/06/2026. De acordo com o 1º Termo Aditivo ao Contrato nº 06/2024, a Concessionária deverá apresentar o projeto executivo em até 180 dias da assinatura do referido termo, cujo prazo finda em 10/06/2026.
WAY 153;2026,0;planejado;27439,0;3.4.2.7;SDA - Sistema de Detecção de Altura: Implantação de sistema de detecção de altura, instalando um equipamento para aferição na entrada do posto e outro para conferência nas proximidades da balança de precisão, antes da saída, de todos os postos de pesagem fixos. Quantitativo Mínimo: 4;BR-153/MG;Sistema de Detecção de Altura;;;100,0;0;0,0;0,0;0,1806425035717933;False;"Meta concentrada no fim do ano; Prazo previsto curto";
NOVA 364;2025,0;em andamento;24189,0;3.4.5.1;Free Flow - Ariquemes;BR-364/RO;Pórtico de Livre Passagem (Free Flow);;;100,0;5;0,0;100,0;0,1806425035717933;False;"Observação cita questão judicial/regulatória; Meta concentrada no fim do ano; Prazo previsto curto";De acordo com o 1º Termo Aditivo ao Contrato nº 06/2024, a Concessionária deverá apresentar o projeto executivo em até 180 dias da assinatura do referido termo, cujo prazo finda em 10/06/2026. De acordo com o 1º Termo Aditivo ao Contrato nº 06/2024, a Concessionária deverá apresentar o projeto executivo em até 180 dias da assinatura do referido termo, cujo prazo finda em 10/06/2026. De acordo com o 1º Termo Aditivo ao Contrato nº 06/2024, a Concessionária deverá apresentar o projeto executivo em até 180 dias da assinatura do referido termo, cujo prazo finda em 10/06/2026.
NOVA 364;2025,0;em andamento;24191,0;3.4.5.1;Praça de Pedágio - Presidente Médice;BR-364/RO;Pórtico de Livre Passagem (Free Flow);;;100,0;5;0,0;100,0;0,1806425035717933;False;"Observação cita questão judicial/regulatória; Meta concentrada no fim do ano; Prazo previsto curto";De acordo com o 1º Termo Aditivo ao Contrato nº 06/2024, a Concessionária deverá apresentar o projeto executivo em até 180 dias da assinatura do referido termo, cujo prazo finda em 10/06/2026. De acordo com o 1º Termo Aditivo ao Contrato nº 06/2024, a Concessionária deverá apresentar o projeto executivo em até 180 dias da assinatura do referido termo, cujo prazo finda em 10/06/2026. De acordo com o 1º Termo Aditivo ao Contrato nº 06/2024, a Concessionária deverá apresentar o projeto executivo em até 180 dias da assinatura do referido termo, cujo prazo finda em 10/06/2026.
NOVA 364;2025,0;em andamento;22164,0;3.4.4;Sistema de Comunicação de usuário 3.4.4.1 Sistemas de Comunicação  3.4.4.1 Site na Internet 3.4.4.2 Sistema de Informações aos Usuários  3.4.4.3 Sistema de Manifestações dos Usuários  3.4.4.4 Função de chamada de Emergência;BR-364;Sistema de Comunicação com o  Usuário;;;100,0;5;0,0;100,0;0,1806425035717933;False;"Meta concentrada no fim do ano; Prazo previsto curto";
NOVA 364;2025,0;em andamento;24187,0;3.4.5.1;Free Flow  - Candeias do Jamari;BR-364/RO;Pórtico de Livre Passagem (Free Flow);;;100,0;5;0,0;100,0;0,1806425035717933;False;"Observação cita questão judicial/regulatória; Meta concentrada no fim do ano; Prazo previsto curto";De acordo com o 1º Termo Aditivo ao Contrato nº 06/2024, a Concessionária deverá apresentar o projeto executivo em até 180 dias da assinatura do referido termo, cujo prazo finda em 10/06/2026. De acordo com o 1º Termo Aditivo ao Contrato nº 06/2024, a Concessionária deverá apresentar o projeto executivo em até 180 dias da assinatura do referido termo, cujo prazo finda em 10/06/2026. De acordo com o 1º Termo Aditivo ao Contrato nº 06/2024, a Concessionária deverá apresentar o projeto executivo em até 180 dias da assinatura do referido termo, cujo prazo finda em 10/06/2026.
NOVA 364;2025,0;em andamento;24190,0;3.4.5.1;Free Flow - Ouro Preto do Oeste;BR-364/RO;Pórtico de Livre Passagem (Free Flow);;;100,0;5;0,0;100,0;0,1806425035717933;False;"Observação cita questão judicial/regulatória; Meta concentrada no fim do ano; Prazo previsto curto";De acordo com o 1º Termo Aditivo ao Contrato nº 06/2024, a Concessionária deverá apresentar o projeto executivo em até 180 dias da assinatura do referido termo, cujo prazo finda em 10/06/2026. De acordo com o 1º Termo Aditivo ao Contrato nº 06/2024, a Concessionária deverá apresentar o projeto executivo em até 180 dias da assinatura do referido termo, cujo prazo finda em 10/06/2026. De acordo com o 1º Termo Aditivo ao Contrato nº 06/2024, a Concessionária deverá apresentar o projeto executivo em até 180 dias da assinatura do referido termo, cujo prazo finda em 10/06/2026.
ECOVIAS RIO MINAS;2025,0;planejado;12040,0;3.2.2;R. Ciclovias;BR-116/RJ;Ciclovia;1,63;;7,0;0;0,0;0,0;0,1803197014783354;False;"Meta concentrada no fim do ano; Meta anual pequena (obra em fase inicial/final); Prazo previsto curto";
AUTOPISTA LITORAL SUL;2026,0;planejado;7074,0;6.5.1.1.2;Balança Fixa;BR-101/SC;Posto de Pesagem Veicular;;8089878,08;54,0;0;0,0;0,0;0,18020225502151016;False;"Meta concentrada no fim do ano; Ausência de: taxa histórica de atraso da concessionária; Meta anual pequena (obra em fase inicial/final)";
AUTOPISTA LITORAL SUL;2026,0;planejado;7073,0;6.5.1.1.1;Balança Fixa;BR-101/SC;Posto de Pesagem Veicular;;8089878,08;54,0;0;0,0;0,0;0,18020225502151016;False;"Meta concentrada no fim do ano; Ausência de: taxa histórica de atraso da concessionária; Meta anual pequena (obra em fase inicial/final)";
ECOVIAS DO CERRADO;2026,0;planejado;13188,0;3.1.3;Recuperação, Reforço e Alargamento de OAE, Ponte sobre o Rio Paranaíba (PONTE DA DIVISA);BR-365/MG;Recuperação ou Manutenção de Obra-de-Arte Especial;0,32;;15,0;0;0,0;0,0;0,17957899778379924;False;"Meta concentrada no fim do ano; Meta anual pequena (obra em fase inicial/final); Prazo previsto curto";
ECOVIAS RIO MINAS;2025,0;planejado;4672,0;3.2.1;B. Implantação de Faixa Adicional;BR-116/RJ;Faixa Adicional;2,285;;32,84;0;0,0;0,0;0,17923066544783986;False;"Tipo de obra que costuma atrasar; Meta anual pequena (obra em fase inicial/final); Meta espalhada por muitos meses";
ECOVIAS RIO MINAS;2025,0;planejado;4671,0;3.2.1;B. Implantação de Faixa Adicional;BR-116/RJ;Faixa Adicional;2,285;;32,84;0;0,0;0,0;0,17923066544783986;False;"Tipo de obra que costuma atrasar; Meta anual pequena (obra em fase inicial/final); Meta espalhada por muitos meses";
ECOVIAS RIO MINAS;2026,0;planejado;12889,0;3.2.2;A. Travessias Urbanas - Itaguaí;BR-493/RJ;Iluminação de Travessias Urbanas;4,195;;100,0;0;0,0;0,0;0,17661648483168796;False;"Tipo de obra que costuma atrasar; Meta espalhada por muitos meses; Prazo previsto curto";
ECOVIAS RIO MINAS;2026,0;planejado;12894,0;3.2.2;A. Travessias Urbanas - Inhapim;BR-116/MG;Iluminação de Travessias Urbanas;3,46;;100,0;0;0,0;0,0;0,17661648483168796;False;"Tipo de obra que costuma atrasar; Meta espalhada por muitos meses; Prazo previsto curto";
ECOVIAS RIO MINAS;2025,0;planejado;4625,0;3.2.1;A. Implantação de duplicação;BR-116/MG;Duplicação de Trecho Rodoviário;3,09;;7,83;0;0,0;0,0;0,17420524884624858;False;"Meta anual pequena (obra em fase inicial/final); Tipo de obra que costuma atrasar; Prazo previsto curto";
NOVA 364;2026,0;planejado;22486,0;3.2.2.G;G. Rotatórias Alongadas;ACESSO PORTO NOVO;Rotatória em Nível;;;100,0;0;0,0;0,0;0,172786993623354;False;"Licenciamento ambiental pendente; Tipo de obra que costuma atrasar; Prazo previsto curto";
NOVA 364;2026,0;planejado;22482,0;3.2.2.G;G. Rotatórias Alongadas;ACESSO PORTO NOVO;Rotatória em Nível;;;100,0;0;0,0;0,0;0,1726360588414524;False;"Licenciamento ambiental pendente; Tipo de obra que costuma atrasar; Prazo previsto curto";
NOVA 364;2026,0;planejado;22485,0;3.2.2.G;G. Rotatórias Alongadas;ACESSO PORTO NOVO;Rotatória em Nível;;;100,0;0;0,0;0,0;0,1726360588414524;False;"Licenciamento ambiental pendente; Tipo de obra que costuma atrasar; Prazo previsto curto";
ECOVIAS RIO MINAS;2025,0;planejado;4652,0;3.2.1;B. Implantação de Faixa Adicional;BR-116/RJ;Faixa Adicional;2,702;;71,66;0;0,0;0,0;0,17101293522035405;False;"Meta espalhada por muitos meses; Tipo de obra que costuma atrasar; Prazo previsto curto";
ECOVIAS RIO MINAS;2025,0;planejado;4905,0;3.2.2;B. Implantação de Vias Marginais;BR-116/RJ;Via Marginal;0,35;;61,16;0;0,0;0,0;0,17101293522035405;False;"Meta espalhada por muitos meses; Tipo de obra que costuma atrasar; Prazo previsto curto";
ECOVIAS RIO MINAS;2025,0;planejado;4899,0;3.2.2;B. Implantação de Vias Marginais;BR-116/RJ;Via Marginal;0,552;;65,16;0;0,0;0,0;0,17101293522035405;False;"Meta espalhada por muitos meses; Tipo de obra que costuma atrasar; Prazo previsto curto";
ECOVIAS RIO MINAS;2025,0;planejado;4907,0;3.2.2;B. Implantação de Vias Marginais;BR-116/RJ;Via Marginal;1,142;;58,97;0;0,0;0,0;0,17101293522035405;False;"Meta espalhada por muitos meses; Tipo de obra que costuma atrasar; Prazo previsto curto";
ECOVIAS RIO MINAS;2025,0;planejado;4906,0;3.2.2;B. Implantação de Vias Marginais;BR-116/RJ;Via Marginal;1,602;;66,2;0;0,0;0,0;0,17101293522035405;False;"Meta espalhada por muitos meses; Tipo de obra que costuma atrasar; Prazo previsto curto";
EPR PARANÁ;2026,0;planejado;25459,0;3.4.7.2;Sistema de Comunicação Wireless ao longo da Rodovia;BR-376/PR;Sistema de Comunicação Wireless;;;33,0;0;0,0;0,0;0,16922591106379678;False;"Meta anual pequena (obra em fase inicial/final); Prazo previsto curto";
VIA ARAUCÁRIA;2026,0;planejado;8023,0;3.4.7.2;Sistema de Comunicação Wireless ao longo da Rodovia;BR-277/PR;Sistema de Comunicação Wireless;;;100,0;0;0,0;0,0;0,16914033275159898;False;"Meta concentrada no fim do ano; Prazo previsto curto; Ausência de: taxa histórica de atraso da concessionária";
ECOVIAS RIO MINAS;2026,0;planejado;12841,0;3.2.2;A. Travessias Urbanas - Seropédica;BR-116/RJ;Iluminação de Travessias Urbanas;1,665;;39,0;0;0,0;0,0;0,16772990632302534;False;"Meta espalhada por muitos meses; Meta anual pequena (obra em fase inicial/final); Tipo de obra que costuma atrasar";
ECOVIAS RIO MINAS;2026,0;planejado;12842,0;3.2.2;A. Travessias Urbanas - Seropédica;BR-116/RJ;Iluminação de Travessias Urbanas;0,922;;39,0;0;0,0;0,0;0,16772990632302534;False;"Meta espalhada por muitos meses; Meta anual pequena (obra em fase inicial/final); Tipo de obra que costuma atrasar";
ECOVIAS RIO MINAS;2026,0;planejado;12867,0;3.2.2;A. Travessias Urbanas - São João do Meriti;BR-116/RJ;Iluminação de Travessias Urbanas;0,6;;39,0;0;0,0;0,0;0,16772990632302534;False;"Meta espalhada por muitos meses; Meta anual pequena (obra em fase inicial/final); Tipo de obra que costuma atrasar";
ECOVIAS RIO MINAS;2026,0;planejado;12863,0;3.2.2;A. Travessias Urbanas - Rio de Janeiro;BR-116/RJ;Iluminação de Travessias Urbanas;0,498;;39,0;0;0,0;0,0;0,16772990632302534;False;"Meta espalhada por muitos meses; Meta anual pequena (obra em fase inicial/final); Tipo de obra que costuma atrasar";
ECOVIAS RIO MINAS;2026,0;planejado;12860,0;3.2.2;A. Travessias Urbanas - Magé;BR-116/RJ;Iluminação de Travessias Urbanas;5,355;;100,0;0;0,0;0,0;0,16758847205892094;False;"Tipo de obra que costuma atrasar; Meta espalhada por muitos meses; Prazo previsto curto";
VIA ARAUCÁRIA;2026,0;planejado;6537,0;3.1.1.A;A. Duplicação - BR-277/PR;BR-277/PR;Duplicação de Trecho Rodoviário;19,6;;9,0;0;0,0;0,0;0,16733462551955722;False;"Meta anual pequena (obra em fase inicial/final); Projeto executivo não concluído; Tipo de obra que costuma atrasar";
ECOVIAS RIO MINAS;2025,0;planejado;12865,0;3.2.2;A. Travessias Urbanas - São João do Meriti;BR-116/RJ;Iluminação de Travessias Urbanas;0,148;;61,0;0;0,0;0,0;0,16659993512030247;False;"Meta concentrada no fim do ano; Prazo previsto curto";
ECOVIAS RIO MINAS;2025,0;planejado;12328,0;3.4.2.1;SAGT-Sistema de Apoio à Gestão do Tráfego: plataforma digital que integra e processa dados coletados;BR-116/RJ;Sistema de Apoio à Gestão do Tráfego;;;100,0;0;0,0;0,0;0,1663041563377648;False;"Meta concentrada no fim do ano; Prazo previsto curto; Tipo de obra que costuma atrasar";
ECOVIAS RIO MINAS;2026,0;planejado;15249,0;3.1.3;Implantação de passeio para pedestres -Ponte sobre Rio  - km 21,673 da BR465/RJ;BR-465/RJ;Recuperação ou Manutenção de Obra-de-Arte Especial;0,114;;100,0;0;0,0;0,0;0,1659629985351847;False;"Prazo previsto curto; Tipo de obra que costuma atrasar";
VIA ARAUCÁRIA;2026,0;planejado;8021,0;3.4.4.4;Função de chamada de emergência;BR-277/PR;Sistema de Comunicação Wireless;;;100,0;0;0,0;0,0;0,16526886759606235;False;"Meta concentrada no fim do ano; Prazo previsto curto; Ausência de: taxa histórica de atraso da concessionária";
ECOVIAS RIO MINAS;2025,0;planejado;4900,0;3.2.2;B. Implantação de Vias Marginais;BR-116/RJ;Via Marginal;0,25;;64,62;0;0,0;0,0;0,16512451272882697;False;"Meta espalhada por muitos meses; Tipo de obra que costuma atrasar; Prazo previsto curto";
ROTA VERDE GOIÁS;2026,0;planejado;20575,0;3.4.6.1;1. Posto de Pesagem Veicular;BR-060/GO;Posto de Pesagem Veicular;;;100,0;0;0,0;0,0;0,1650170258244572;False;"Ausência de: taxa histórica de atraso da concessionária; Prazo previsto curto";
ROTA VERDE GOIÁS;2026,0;planejado;20576,0;3.4.6.1;2. Posto de Pesagem Veicular;BR-452/GO;Posto de Pesagem Veicular;;;100,0;0;0,0;0,0;0,1650170258244572;False;"Ausência de: taxa histórica de atraso da concessionária; Prazo previsto curto";
ECOVIAS RIO MINAS;2026,0;planejado;12080,0;3.2.2;O. Passagens de Fauna;BR-116/MG;Passagem de Fauna;;;100,0;0;0,0;0,0;0,1647775243181258;False;"Meta espalhada por muitos meses; Prazo previsto curto; Tipo de obra que costuma atrasar";
EPR IGUAÇU;2025,0;em andamento;17692,0;3.4.10.1;Escritório de fiscalização - reforma;BR-277/PR;Reforma/Adequação Escritório de Fiscalização da ANTT;;;100,0;9;0,0;100,0;0,16407348273975847;False;"Licenciamento ambiental pendente; Meta concentrada no fim do ano; Prazo previsto curto";Notebooks entregues na ANTT sede conforme solicitação. Edificação de ESROD aguardando novas definições. Notebooks entregues na ANTT sede conforme solicitação. Edificação de ESROD aguardando novas definições. Notebooks entregues na ANTT sede conforme solicitação. Edificação de ESROD aguardando novas definições. Notebooks entregues na ANTT sede conforme solicitação. Edificação de ESROD aguardando novas definições.
ECOVIAS RIO MINAS;2026,0;planejado;12899,0;3.2.2;A. Travessias Urbanas - Realeza;BR-116/MG;Iluminação de Travessias Urbanas;3,3;;100,0;0;0,0;0,0;0,16374145826610262;False;"Tipo de obra que costuma atrasar; Meta espalhada por muitos meses; Prazo previsto curto";
WAY 153;2026,0;planejado;27397,0;3.4.11.2;Veiculo PRF - 8 unidades;BR-153/MG;Veículos da Polícia Rodoviária Federal;;;100,0;0;0,0;0,0;0,16347465380003517;False;"Meta concentrada no fim do ano; Prazo previsto curto";
VIA CAMPO;2026,0;planejado;26952,0;3.4.7.2;Sistema de Comunicação Wireless ao longo da Rodovia;BR-163/PR;Sistema de Comunicação Wireless;;;33,33;0;0,0;0,0;0,1633043093111962;False;"Meta concentrada no fim do ano; Meta anual pequena (obra em fase inicial/final); Prazo previsto curto";
ECOVIAS RIO MINAS;2025,0;planejado;15155,0;3.1.3;Alarg. e ref. Viaduto s/RFFSA, km 24,800 da Rod. BR-493/RJ, no trecho da Duplicação da via;BR-493/RJ;Recuperação ou Manutenção de Obra-de-Arte Especial;0,031;;100,0;0;0,0;0,0;0,16322634509639164;False;"Projeto executivo não concluído; Prazo previsto curto";
ECOVIAS RIO MINAS;2025,0;planejado;4904,0;3.2.2;B. Implantação de Vias Marginais;BR-116/RJ;Via Marginal;0,52;;60,86;0;0,0;0,0;0,16239481467153016;False;"Meta espalhada por muitos meses; Tipo de obra que costuma atrasar; Prazo previsto curto";
NOVA 364;2026,0;planejado;22396,0;3.2.1.C;C. ACESSOS PORTO NOVO;ACESSO PORTO NOVO;Melhoria em Acesso (local a definir);17,75;;90,02;0;0,0;0,0;0,16215269644151684;False;"Licenciamento ambiental pendente; Tipo de obra que costuma atrasar; Projeto executivo não concluído";Obra Inicio no Mes de Maio do ano 2026. Obra Inicio no Mes de Maio do ano 2026. Obra Inicio no Mes de Maio do ano 2026. Obra Inicio no Mes de Maio do ano 2026. Obra Inicio no Mes de Maio do ano 2026. Obra Inicio no Mes de Maio do ano 2026.
ELOVIAS;2025,0;em andamento;23698,0;3.4.2.7;SDA - Sistema de Detecção de Altura: Implantação de sistema de detecção de altura, instalando um equipamento para aferição na entrada do posto e outro para conferência nas proximidades da balança de precisão, antes da saída, de todos os postos de pesagem fixos. Quantitativo Mínimo: 2;BR-040/RJ;Sistema de Detecção de Altura;;;100,0;9;50,0;50,0;0,15725773506557686;False;"Prazo previsto curto; Meta concentrada no fim do ano; Tipo de obra que costuma atrasar";
EPR IGUAÇU;2025,0;em andamento;21338,0;3.4.7.2;Plano, projeto e Conectividade ao longo da concessão;BR-277;Sistema de Comunicação Wireless;;;66,0;9;33,0;100,0;0,15695166438267852;False;"Prazo previsto curto; Meta concentrada no fim do ano; Tipo de obra que costuma atrasar";Apresentação de um plano para conectividade na rodovia. Apresentação de um plano para conectividade na rodovia. Conectividade interna (50%)/ Apresentação de um plano para conectividade na rodovia (50%) Conectividade interna (50%)/ Apresentação de um plano para conectividade na rodovia (50%) Conectividade interna (50%)/ Apresentação de um plano para conectividade na rodovia (50%) Conectividade interna (50%)/ Apresentação de um plano para conectividade na rodovia (50%)
ROTA VERDE GOIÁS;2026,0;planejado;20579,0;3.4.2.7;SDA - Sistema de Detecção de Altura;BR-060/GO;Sistema de Detecção de Altura;;;100,0;0;0,0;0,0;0,15391472909751477;False;"Ausência de: taxa histórica de atraso da concessionária; Meta espalhada por muitos meses; Prazo previsto curto";
VIA SUL;2026,0;planejado;203,0;3.2.1.2;Retorno em Nivel - km 269+600 - Fontoura Xavier ID-18;BR-386/RS;Retorno em Nível;;;100,0;0;0,0;0,0;0,15380140062887723;False;"Tipo de obra que costuma atrasar; Meta espalhada por muitos meses; Projeto executivo não concluído";
ECOVIAS RIO MINAS;2026,0;planejado;4672,0;3.2.1;B. Implantação de Faixa Adicional;BR-116/RJ;Faixa Adicional;2,285;;67,16;0;0,0;0,0;0,15354033275386464;False;"Meta espalhada por muitos meses; Tipo de obra que costuma atrasar; Prazo previsto curto";
ECOVIAS RIO MINAS;2026,0;planejado;4671,0;3.2.1;B. Implantação de Faixa Adicional;BR-116/RJ;Faixa Adicional;2,285;;67,16;0;0,0;0,0;0,15354033275386464;False;"Meta espalhada por muitos meses; Tipo de obra que costuma atrasar; Prazo previsto curto";
ECOVIAS RIO MINAS;2026,0;planejado;12865,0;3.2.2;A. Travessias Urbanas - São João do Meriti;BR-116/RJ;Iluminação de Travessias Urbanas;0,148;;39,0;0;0,0;0,0;0,15257554020993191;False;"Meta espalhada por muitos meses; Meta anual pequena (obra em fase inicial/final); Tipo de obra que costuma atrasar";
WAY 262;2026,0;planejado;23533,0;3.2.2;R. OAE;BR-262/MG;Reforço/Alargamento de Obra-de-Arte Especial;0,0;;100,0;0;0,0;0,0;0,15117088618141783;False;"Licenciamento ambiental pendente; Desapropriação pendente; Prazo previsto curto";
WAY 262;2026,0;planejado;23529,0;3.2.2;R. OAE;BR-262/MG;Reforço/Alargamento de Obra-de-Arte Especial;0,0;;100,0;0;0,0;0,0;0,15117088618141783;False;"Licenciamento ambiental pendente; Desapropriação pendente; Prazo previsto curto";
WAY 262;2026,0;planejado;23518,0;3.2.2;R. OAE;BR-262/MG;Reforço/Alargamento de Obra-de-Arte Especial;0,0;;100,0;0;0,0;0,0;0,15117088618141783;False;"Licenciamento ambiental pendente; Desapropriação pendente; Prazo previsto curto";
WAY 262;2026,0;planejado;23520,0;3.2.2;R. OAE;BR-262/MG;Reforço/Alargamento de Obra-de-Arte Especial;0,0;;100,0;0;0,0;0,0;0,15117088618141783;False;"Licenciamento ambiental pendente; Desapropriação pendente; Prazo previsto curto";
WAY 262;2026,0;planejado;23523,0;3.2.2;R. OAE;BR-262/MG;Reforço/Alargamento de Obra-de-Arte Especial;0,0;;100,0;0;0,0;0,0;0,15117088618141783;False;"Licenciamento ambiental pendente; Desapropriação pendente; Prazo previsto curto";
AUTOPISTA PLANALTO SUL;2026,0;planejado;6114,0;5.1.12.1;Implantação de Passagens em Desnível Inferior (Tipo Viaduto Rio Negro (PR) - km 208,2);BR-116/PR;Retorno em Desnível;;2981242,44;100,0;0;0,0;0,0;0,15103679482861088;False;"Meta concentrada no fim do ano; Prazo previsto curto";
ECOVIAS RIO MINAS;2025,0;planejado;4641,0;3.2.1;B. Implantação de Faixa Adicional;BR-116/RJ;Faixa Adicional;4,463;;11,34;0;0,0;0,0;0,15045272499165827;False;"Meta anual pequena (obra em fase inicial/final); Meta espalhada por muitos meses; Tipo de obra que costuma atrasar";
VIA ARAUCÁRIA;2026,0;planejado;8020,0;3.4.2.5;PMVf - Painel de Mensagem Variável - fixo;BR-277/PR;Painel de Mensagens Variáveis Fixo;;;100,0;0;0,0;0,0;0,14788576847802576;False;"Meta concentrada no fim do ano; Prazo previsto curto; Ausência de: taxa histórica de atraso da concessionária";
NOVA 364;2026,0;planejado;22949,0;3.2.2.O;O. OAE contida no dispositivo do item D (Trombeta);BR-364/RO;Nova Obra-de-Arte Especial;0,0;;79,99;0;0,0;0,0;0,14744551245892645;False;"Licenciamento ambiental pendente; Meta espalhada por muitos meses; Prazo previsto curto";Em trâmite na ANTT para inserção no Fator A.
ECOVIAS RIO MINAS;2025,0;planejado;12065,0;3.2.2;O. Passagens de Fauna;BR-116/RJ;Passagem de Fauna;;;9,0;0;0,0;0,0;0,1464281971687905;False;"Meta concentrada no fim do ano; Meta anual pequena (obra em fase inicial/final); Prazo previsto curto";
VIA ARAUCÁRIA;2026,0;planejado;8015,0;3.4.2.2;SAT - Sistema de Análise de Tráfego;BR-277/PR;Sistema de Detecção e Sensoriamento de Pista;;;100,0;0;0,0;0,0;0,14441623982959706;False;"Meta concentrada no fim do ano; Prazo previsto curto; Ausência de: taxa histórica de atraso da concessionária";
ECOVIAS RIO MINAS;2026,0;planejado;12892,0;3.2.2;A. Travessias Urbanas - Além Paraíba;BR-116/MG;Iluminação de Travessias Urbanas;0,056;;100,0;0;0,0;0,0;0,14299934391356842;False;"Tipo de obra que costuma atrasar; Meta espalhada por muitos meses; Prazo previsto curto";
ECOVIAS RIO MINAS;2025,0;planejado;12870,0;3.2.2;A. Travessias Urbanas - Belford Roxo;BR-116/RJ;Iluminação de Travessias Urbanas;2,48;;100,0;0;0,0;0,0;0,14162096580753794;False;"Meta concentrada no fim do ano; Prazo previsto curto";
NOVA ROTA DO OESTE;2025,0;planejado;23721,0;3.2.1.1;Duplicação da BR-364/163/MT - Trecho 108km;BR-163;Duplicação de Trecho Rodoviário;108,2;875013310,92;3,42;0;0,0;0,0;0,1408964185161861;False;"Observação cita questão judicial/regulatória; Meta anual pequena (obra em fase inicial/final); Obra extensa (km)";Obra Extra-PER Obra Extra-PER - 17º Termo Aditivo Obra Extra-PER - 17º Termo Aditivo Obra Extra-PER - 17º Termo Aditivo Obra Extra-PER - 17º Termo Aditivo Obra Extra-PER - 17º Termo Aditivo
AUTOPISTA LITORAL SUL;2026,0;planejado;7076,0;6.5.2.1.2;Implantação e Instalação dos Equipamentos e Sistemas - Nova Balança Fixa;BR-101/SC;Posto de Pesagem Veicular;;631268,79;100,0;0;0,0;0,0;0,14076959591551158;False;"Meta concentrada no fim do ano; Ausência de: taxa histórica de atraso da concessionária; Obra de menor valor";
AUTOPISTA LITORAL SUL;2026,0;planejado;7075,0;6.5.2.1.1;Implantação e Instalação dos Equipamentos e Sistemas - Nova Balança Fixa;BR-101/SC;Posto de Pesagem Veicular;;631268,79;100,0;0;0,0;0,0;0,14076959591551158;False;"Meta concentrada no fim do ano; Ausência de: taxa histórica de atraso da concessionária; Obra de menor valor";
VIA ARAUCÁRIA;2026,0;planejado;6929,0;3.1.2.N;N. Sistema de Iluminação em Curvas Côncavas;PR-423;Iluminação de Travessias Urbanas;0,0;;100,0;0;0,0;0,0;0,14060263124729933;False;"Meta concentrada no fim do ano; Projeto executivo não concluído; Tipo de obra que costuma atrasar";
VIA ARAUCÁRIA;2026,0;planejado;6928,0;3.1.2.N;N. Sistema de Iluminação em Curvas Côncavas;PR-423;Iluminação de Travessias Urbanas;0,0;;100,0;0;0,0;0,0;0,14060263124729933;False;"Meta concentrada no fim do ano; Projeto executivo não concluído; Tipo de obra que costuma atrasar";
VIA ARAUCÁRIA;2026,0;planejado;6903,0;3.1.2.N;N. Sistema de Iluminação em Curvas Côncavas;BR-277/PR;Iluminação de Travessias Urbanas;0,0;;100,0;0;0,0;0,0;0,14060263124729933;False;"Meta concentrada no fim do ano; Projeto executivo não concluído; Tipo de obra que costuma atrasar";
VIA ARAUCÁRIA;2026,0;planejado;6927,0;3.1.2.N;N. Sistema de Iluminação em Curvas Côncavas;PR-423;Iluminação de Travessias Urbanas;0,0;;100,0;0;0,0;0,0;0,14060263124729933;False;"Meta concentrada no fim do ano; Projeto executivo não concluído; Tipo de obra que costuma atrasar";
VIA ARAUCÁRIA;2026,0;planejado;6901,0;3.1.2.N;N. Sistema de Iluminação em Curvas Côncavas;BR-277/PR;Iluminação de Travessias Urbanas;0,0;;100,0;0;0,0;0,0;0,14060263124729933;False;"Meta concentrada no fim do ano; Projeto executivo não concluído; Tipo de obra que costuma atrasar";
VIA ARAUCÁRIA;2026,0;planejado;6902,0;3.1.2.N;N. Sistema de Iluminação em Curvas Côncavas;BR-277/PR;Iluminação de Travessias Urbanas;0,0;;100,0;0;0,0;0,0;0,14060263124729933;False;"Meta concentrada no fim do ano; Projeto executivo não concluído; Tipo de obra que costuma atrasar";
VIA ARAUCÁRIA;2026,0;planejado;6930,0;3.1.2.N;N. Sistema de Iluminação em Curvas Côncavas;PR-423;Iluminação de Travessias Urbanas;0,0;;100,0;0;0,0;0,0;0,14060263124729933;False;"Meta concentrada no fim do ano; Projeto executivo não concluído; Tipo de obra que costuma atrasar";
ELOVIAS;2025,0;em andamento;23691,0;3.4.1.1;Sistemas de Gestão e Controle Operacional - CCO;BR-040/RJ;Centro de Controle Operacional;;;100,0;9;50,0;71,85;0,14052042781614735;False;"Prazo previsto curto; Meta concentrada no fim do ano";
EPR PARANÁ;2026,0;planejado;25474,0;3.4.11.2;Veiculo PRF - 10 unidades;BR-376/PR;Veículos da Polícia Rodoviária Federal;;;30,0;0;0,0;0,0;0,13995991187970855;False;"Meta anual pequena (obra em fase inicial/final); Prazo previsto curto";
ECOVIAS DO CERRADO;2025,0;planejado;7281,0;3.2.1.4;Rotatórias Alongadas - Acesso Aparecida do Rio Doce: RA-2A (2 acessos);BR-364/GO;Rotatória em Nível;;;100,0;0;0,0;0,0;0,13827937299807797;False;"Tipo de obra que costuma atrasar; Prazo previsto curto";Ação civil pública movida pelo município (Km 114) Ação civil pública movida pelo município (Km 114)
ECOVIAS RIO MINAS;2025,0;planejado;12869,0;3.2.2;A. Travessias Urbanas - São João do Meriti;BR-116/RJ;Iluminação de Travessias Urbanas;1,052;;100,0;0;0,0;0,0;0,13777512811905096;False;"Meta concentrada no fim do ano; Prazo previsto curto";
VIA ARAUCÁRIA;2026,0;planejado;8016,0;3.4.2.3;DAI – Detecção Automática de Incidentes;BR-277/PR;Sistema de Circuito Fechado de TV;;;100,0;0;0,0;0,0;0,13744009073059693;False;"Meta concentrada no fim do ano; Prazo previsto curto; Ausência de: taxa histórica de atraso da concessionária";
VIA ARAUCÁRIA;2026,0;planejado;6831,0;3.1.2.F;F. Diamante;PR-418;Retorno em Desnível;0,0;;100,0;0;0,0;0,0;0,13742873769576175;False;"Projeto executivo não concluído; Meta espalhada por muitos meses; Prazo previsto curto";
VIA ARAUCÁRIA;2026,0;planejado;6832,0;3.1.2.F;F. Diamante;PR-418;Retorno em Desnível;0,0;;100,0;0;0,0;0,0;0,13742873769576175;False;"Projeto executivo não concluído; Meta espalhada por muitos meses; Prazo previsto curto";
ECOVIAS RIO MINAS;2025,0;planejado;14251,0;3.2.1;Ponte s/Rio da Prata - Fx. Adic. - tr. km 178,43 ao km 181,63 SNV2022 (PER km 171,400 ao km 174,600);BR-116/RJ;Alargamento de Obra-de-Arte Especial;0,043;;100,0;0;0,0;0,0;0,13312260486691094;False;"Tipo de obra que costuma atrasar; Projeto executivo não concluído; Meta espalhada por muitos meses";
ECOVIAS RIO MINAS;2025,0;planejado;14252,0;3.2.1;Ponte s/Rio da Prata - Fx. Adic. - tr. km 178,43 ao km 181,63 SNV2022 (PER km 171,400 ao km 174,600);BR-116/RJ;Alargamento de Obra-de-Arte Especial;0,043;;100,0;0;0,0;0,0;0,13312260486691094;False;"Tipo de obra que costuma atrasar; Projeto executivo não concluído; Meta espalhada por muitos meses";
ECOVIAS RIO MINAS;2025,0;planejado;14258,0;3.2.1;Ponte s/Rio Poços - Fx. Adic. - tr. km 202,47 ao km 204,32 SNV2022 (PER km 195,450 ao km 197,300);BR-116/RJ;Alargamento de Obra-de-Arte Especial;0,053;;100,0;0;0,0;0,0;0,13312260486691094;False;"Tipo de obra que costuma atrasar; Projeto executivo não concluído; Prazo previsto curto";
ECOVIAS RIO MINAS;2025,0;planejado;14245,0;3.2.1;Ponte s/Rio Sarapuí - Fx. Adic. - tr. km 174,33 ao km 178,43 SNV2022 (PER km 167,300 ao km 171,400);BR-116/RJ;Alargamento de Obra-de-Arte Especial;0,039;;100,0;0;0,0;0,0;0,13312260486691094;False;"Tipo de obra que costuma atrasar; Projeto executivo não concluído; Meta espalhada por muitos meses";
ECOVIAS DO ARAGUAIA;2025,0;planejado;29417,0;3.2.1.2;A. Travessia Urbana;BR-153;Iluminação de Travessias Urbanas;0,101;;100,0;0;0,0;0,0;0,13309169444746036;False;"Meta espalhada por muitos meses; Prazo previsto curto";
MOTIVA MINAS SP;2026,0;planejado;28261,0;3.4.7.2;Sistema de Comunicação Wireless ao longo da Rodovia - Apresentação de um plano e conclusão da conectividade;BR-381;Sistema de Comunicação Wireless;0,0;;50,0;0;0,0;0,0;0,1323419188953032;False;"Meta concentrada no fim do ano; Meta anual pequena (obra em fase inicial/final); Prazo previsto curto";
ECOVIAS DO ARAGUAIA;2025,0;planejado;7376,0;3.2.1.2;A. Travessia Urbana;BR-153/TO;Iluminação de Travessias Urbanas;0,7;;100,0;0;0,0;0,0;0,13230223176107794;False;"Meta espalhada por muitos meses; Prazo previsto curto";
VIA ARAUCÁRIA;2026,0;planejado;6533,0;3.1.1.A;A. Duplicação - BR-277/PR;BR-277/PR;Duplicação de Trecho Rodoviário;15,9;;9,0;0;0,0;0,0;0,13192668241954977;False;"Meta anual pequena (obra em fase inicial/final); Projeto executivo não concluído; Tipo de obra que costuma atrasar";
VIA ARAUCÁRIA;2026,0;planejado;6531,0;3.1.1.A;A. Duplicação - BR-277/PR;BR-277/PR;Duplicação de Trecho Rodoviário;17,2;;9,0;0;0,0;0,0;0,13192668241954977;False;"Meta anual pequena (obra em fase inicial/final); Projeto executivo não concluído; Tipo de obra que costuma atrasar";
VIA ARAUCÁRIA;2026,0;planejado;6542,0;3.1.1.A;A. Duplicação - BR-476/PR;BR-476/PR;Duplicação de Trecho Rodoviário;16,7;;9,0;0;0,0;0,0;0,13192668241954977;False;"Meta anual pequena (obra em fase inicial/final); Projeto executivo não concluído; Tipo de obra que costuma atrasar";
ECOVIAS RIO MINAS;2025,0;planejado;4623,0;3.2.1;A. Implantação de duplicação;BR-116/MG;Duplicação de Trecho Rodoviário;20,406;;20,6;0;0,0;0,0;0,12993813408594215;False;"Meta anual pequena (obra em fase inicial/final); Meta espalhada por muitos meses; Tipo de obra que costuma atrasar";
ECOVIAS RIO MINAS;2025,0;planejado;12341,0;3.4.7.1;Rede de Fibra Óptica: Implementação de um cabo de fibra óptica de 36 fibras;BR-116/MG;Fibra Ótica;;;34,88;0;0,0;0,0;0,12867153298193942;False;"Meta anual pequena (obra em fase inicial/final); Prazo previsto curto";
ECOVIAS DO ARAGUAIA;2025,0;planejado;29416,0;3.2.1.2;A. Travessia Urbana;BR-153/GO;Iluminação de Travessias Urbanas;0,72;;100,0;0;0,0;0,0;0,127916561168001;False;"Meta espalhada por muitos meses; Prazo previsto curto";
ECOVIAS DO ARAGUAIA;2025,0;planejado;29415,0;3.2.1.2;A. Travessia Urbana;BR-153/GO;Iluminação de Travessias Urbanas;0,43;;100,0;0;0,0;0,0;0,127916561168001;False;"Meta espalhada por muitos meses; Prazo previsto curto";
ECOVIAS DO ARAGUAIA;2025,0;planejado;29418,0;3.2.1.2;A. Travessia Urbana;BR-153;Iluminação de Travessias Urbanas;1,0;;100,0;0;0,0;0,0;0,127916561168001;False;"Meta espalhada por muitos meses; Prazo previsto curto";
ECOVIAS MINAS GOIÁS;2026,0;planejado;15301,0;3.2.1.2;Passarela - ID-6 - km 277,500 - Catalão;BR-050/GO;Passarela (local definido);;;14,0;0;0,0;0,0;0,12708731608643006;False;"Meta anual pequena (obra em fase inicial/final); Projeto executivo não concluído; Ausência de: taxa histórica de atraso da concessionária";
MOTIVA MINAS SP;2026,0;planejado;28260,0;3.4.6.1;PPVf - Posto de Pesagem Veicular - Fixo Posto 6;BR-381/MG;Reforma/Adequação de Posto de Pesagem Veicular;0,0;;100,0;0;0,0;0,0;0,12639247903411097;False;"Meta concentrada no fim do ano; Prazo previsto curto; Tipo de obra que costuma atrasar";
MOTIVA MINAS SP;2026,0;planejado;28259,0;3.4.6.1;PPVf - Posto de Pesagem Veicular - Fixo Posto 5;BR-381/MG;Reforma/Adequação de Posto de Pesagem Veicular;0,0;;100,0;0;0,0;0,0;0,12639247903411097;False;"Meta concentrada no fim do ano; Prazo previsto curto; Tipo de obra que costuma atrasar";
LITORAL PIONEIRO;2026,0;em andamento;6198,0;3.2.2.F;F. Diamante;BR-153/PR;Retorno em Desnível;;;100,0;5;18,82;42,349999999999994;0,1251424410633197;False;"Licenciamento ambiental pendente; Projeto executivo não concluído; Desapropriação pendente";
ECOVIAS DO CERRADO;2024,0;planejado;7099,0;3.2.1.4;Vias Marginais Trecho 6;BR-364/GO;Via Marginal;0,7;;100,0;0;0,0;0,0;0,12464887240040626;False;Meta concentrada no fim do ano;
ECOVIAS DO CERRADO;2024,0;planejado;7100,0;3.2.1.4;Vias Marginais Trecho 6;BR-364/GO;Via Marginal;0,8;;100,0;0;0,0;0,0;0,12464887240040626;False;Meta concentrada no fim do ano;
AUTOPISTA FLUMINENSE;2026,0;em andamento;24468,0;3.2.1;C. Faixas Adicionais;BR-101/RJ;Faixa Adicional;0,55;;6,77;3;2,03;7,06;0,1245223826076019;False;"Meta anual pequena (obra em fase inicial/final); Tipo de obra que costuma atrasar; Projeto executivo não concluído";
EPR IGUAÇU;2025,0;em andamento;17571,0;3.4.3.1;BSO 06 - Céu Azul - Implantar;BR-277/PR;Base de Serviços Operacionais com Atendimento aos Usuários;;;100,0;9;50,0;100,0;0,12387366613062037;False;"Licenciamento ambiental pendente; Prazo previsto curto; Meta concentrada no fim do ano";
EPR IGUAÇU;2025,0;em andamento;17569,0;3.4.3.1;BSO 04 - Guaraniaçu - Implantar;BR-277/PR;Base de Serviços Operacionais com Atendimento aos Usuários;;;100,0;9;50,0;100,0;0,12387366613062037;False;"Licenciamento ambiental pendente; Prazo previsto curto; Meta concentrada no fim do ano";
EPR IGUAÇU;2025,0;em andamento;17568,0;3.4.3.1;BSO 03 - Laranjeiras do Sul - Melhoria;BR-277/PR;Reforma/Adequação de Base de Serviços Operacionais com Atendimento aos Usuários;;;100,0;9;50,0;100,0;0,12387366613062037;False;"Licenciamento ambiental pendente; Prazo previsto curto; Meta concentrada no fim do ano";
EPR IGUAÇU;2025,0;em andamento;17567,0;3.4.3.1;BSO 02 - Candói - Implantar;BR-277/PR;Base de Serviços Operacionais com Atendimento aos Usuários;;;100,0;9;50,0;100,0;0,12387366613062037;False;"Licenciamento ambiental pendente; Prazo previsto curto; Meta concentrada no fim do ano";
ECOVIAS RIO MINAS;2026,0;planejado;26919,0;3.2.2;A. Travessias Urbanas - Governador Valadares;BR-116/MG;Iluminação de Travessias Urbanas;9,4;;91,0;0;0,0;0,0;0,12273255057229558;False;"Meta espalhada por muitos meses; Tipo de obra que costuma atrasar; Prazo previsto curto";
ECOVIAS RIO MINAS;2025,0;planejado;12232,0;3.2.2;G. Retornos - Tipo U;BR-116/RJ;Meio Retorno em Nível;;;16,0;0;0,0;0,0;0,12207022387153348;False;"Meta concentrada no fim do ano; Meta anual pequena (obra em fase inicial/final); Prazo previsto curto";
VIA SUL;2026,0;planejado;13155,0;3.2.1.2;Interconexão Tipo Diamante - km 433+600 - Nova Santa Rita ID-16;BR-386/RS;Interseção em Desnível;;;52,58;0;0,0;0,0;0,12190818743270092;False;"Projeto executivo não concluído; Meta espalhada por muitos meses; Meta anual pequena (obra em fase inicial/final)";
ECOVIAS DO ARAGUAIA;2025,0;planejado;7432,0;3.2.1.2;C. Acessos;BR-153/GO;Melhoria em Acesso (local definido);0,0;;100,0;0;0,0;0,0;0,12110252824647691;False;"Meta concentrada no fim do ano; Prazo previsto curto";
ECOVIAS DO ARAGUAIA;2025,0;planejado;7433,0;3.2.1.2;C. Acessos;BR-153/GO;Melhoria em Acesso (local definido);0,0;;100,0;0;0,0;0,0;0,12110252824647691;False;"Meta concentrada no fim do ano; Prazo previsto curto";
ECOVIAS DO ARAGUAIA;2025,0;planejado;7431,0;3.2.1.2;C. Acessos;BR-153/GO;Melhoria em Acesso (local definido);0,0;;100,0;0;0,0;0,0;0,12110252824647691;False;"Meta concentrada no fim do ano; Prazo previsto curto";
ECOVIAS DO CERRADO;2024,0;planejado;7289,0;3.2.1.4;Rotatórias Alongadas - Entroncamento BR-365 com BR-364(A): RA-1A (1 acesso);BR-365/MG;Rotatória em Nível;;;62,5;0;0,0;0,0;0,1202423881051491;False;"Meta concentrada no fim do ano; Tipo de obra que costuma atrasar";
VIA CAMPO;2026,0;planejado;26972,0;3.4.11.2;Veiculo PRF - 8 unidades;BR-163/PR;Veículos da Polícia Rodoviária Federal;;;100,0;0;0,0;0,0;0,11984161559907072;False;"Meta concentrada no fim do ano; Prazo previsto curto";
VIA CAMPO;2026,0;planejado;26962,0;3.4.11.1;Unidades Operacionais e Delegacias da PRF - Adequação Cobertura - Guaira;BR-163/PR;Reforma/Adequação de Unidade Operacional da Polícia Rodoviária Federal;;;100,0;0;0,0;0,0;0,11984161559907072;False;"Meta concentrada no fim do ano; Prazo previsto curto";
WAY 153;2026,0;planejado;27428,0;3.4.3.1;Base de Serviços Operacionais (BSO/SAU);BR-153/MG;Reforma/Adequação de Base de Serviços Operacionais com Atendimento aos Usuários;;;100,0;0;0,0;0,0;0,11942947842395996;False;Prazo previsto curto;
WAY 153;2026,0;planejado;27422,0;3.4.5.1;Praça de Pedágio - Itumbiara;BR-153/GO;Reforma/Adequação de Praça de Pedágio;;;100,0;0;0,0;0,0;0,11942947842395996;False;Prazo previsto curto;
WAY 153;2026,0;planejado;27420,0;3.4.5.1;Praça de Pedágio - Fronteira;BR-153/MG;Reforma/Adequação de Praça de Pedágio;;;100,0;0;0,0;0,0;0,11942947842395996;False;Prazo previsto curto;
WAY 153;2026,0;planejado;27423,0;3.4.5.1;Praça de Pedágio - Piracanjuba;BR-153/GO;Reforma/Adequação de Praça de Pedágio;;;100,0;0;0,0;0,0;0,11942947842395996;False;Prazo previsto curto;
WAY 153;2026,0;planejado;27427,0;3.4.3.1;Base de Serviços Operacionais (BSO/SAU);BR-262/MG;Reforma/Adequação de Base de Serviços Operacionais com Atendimento aos Usuários;;;100,0;0;0,0;0,0;0,11942947842395996;False;Prazo previsto curto;
WAY 153;2026,0;planejado;27421,0;3.4.5.1;Praça de Pedágio - Prata;BR-153/MG;Reforma/Adequação de Praça de Pedágio;;;100,0;0;0,0;0,0;0,11942947842395996;False;Prazo previsto curto;
WAY 153;2026,0;planejado;27419,0;3.4.5.1;Praça de Pedágio - Campo Florido;BR-262/MG;Reforma/Adequação de Praça de Pedágio;;;100,0;0;0,0;0,0;0,11942947842395996;False;Prazo previsto curto;
WAY 153;2026,0;planejado;27426,0;3.4.3.1;Base de Serviços Operacionais (BSO/SAU);BR-262/MG;Reforma/Adequação de Base de Serviços Operacionais com Atendimento aos Usuários;;;100,0;0;0,0;0,0;0,11942947842395996;False;Prazo previsto curto;
ECOVIAS DO CERRADO;2024,0;planejado;7282,0;3.2.1.4;Rotatórias Alongadas - Entroncamento BR-364 com GO-178: RA-1A (1 acesso);BR-364/GO;Rotatória em Nível;;;75,0;0;0,0;0,0;0,11768976386353878;False;"Meta concentrada no fim do ano; Tipo de obra que costuma atrasar";
VIA ARAUCÁRIA;2026,0;planejado;6881,0;3.1.2.J;J. Retorno em X;PR-423;Retorno em Nível;0,0;;100,0;0;0,0;0,0;0,11683644704158966;False;"Tipo de obra que costuma atrasar; Projeto executivo não concluído; Meta espalhada por muitos meses";
VIA ARAUCÁRIA;2026,0;planejado;6880,0;3.1.2.J;J. Retorno em X;PR-423;Retorno em Nível;0,0;;100,0;0;0,0;0,0;0,11683644704158966;False;"Tipo de obra que costuma atrasar; Projeto executivo não concluído; Meta espalhada por muitos meses";
ECOVIAS DO ARAGUAIA;2025,0;planejado;7528,0;3.2.1.2;H. Retorno em X;BR-153/TO;Retorno em Nível;0,0;;100,0;0;0,0;0,0;0,11639751630799515;False;"Tipo de obra que costuma atrasar; Meta espalhada por muitos meses; Prazo previsto curto";
ECOVIAS DO ARAGUAIA;2025,0;planejado;7527,0;3.2.1.2;H. Retorno em X;BR-153/TO;Retorno em Nível;0,0;;100,0;0;0,0;0,0;0,11639751630799515;False;"Tipo de obra que costuma atrasar; Meta espalhada por muitos meses; Prazo previsto curto";
ECOVIAS DO ARAGUAIA;2025,0;planejado;7593,0;3.2.1.2;H. Retorno em X;BR-153/GO;Retorno em Nível;0,0;;100,0;0;0,0;0,0;0,11639751630799515;False;"Tipo de obra que costuma atrasar; Meta espalhada por muitos meses; Prazo previsto curto";
ECOVIAS DO ARAGUAIA;2025,0;planejado;7526,0;3.2.1.2;H. Retorno em X;BR-153/TO;Retorno em Nível;0,0;;100,0;0;0,0;0,0;0,11639751630799515;False;"Tipo de obra que costuma atrasar; Meta espalhada por muitos meses; Prazo previsto curto";
ECOVIAS DO ARAGUAIA;2025,0;planejado;7525,0;3.2.1.2;H. Retorno em X;BR-153/TO;Retorno em Nível;0,0;;100,0;0;0,0;0,0;0,11639751630799515;False;"Tipo de obra que costuma atrasar; Meta espalhada por muitos meses; Prazo previsto curto";
ECOVIAS DO ARAGUAIA;2025,0;planejado;7592,0;3.2.1.2;H. Retorno em X;BR-153/GO;Retorno em Nível;0,0;;100,0;0;0,0;0,0;0,11639751630799515;False;"Tipo de obra que costuma atrasar; Meta espalhada por muitos meses; Prazo previsto curto";
EPR PARANÁ;2026,0;planejado;25435,0;3.4.3.1;Base de Serviços Operacionais (BSO/SAU);PR-182/PR;Base de Serviços Operacionais com Atendimento aos Usuários;;;100,0;0;0,0;0,0;0,11550844171370471;False;"Projeto executivo não concluído; Desapropriação pendente; Prazo previsto curto";
VIA ARAUCÁRIA;2026,0;planejado;6871,0;3.1.2.I;I. Passagem em Desnível;PR-418;Retorno em Desnível;0,0;;44,0;0;0,0;0,0;0,11536866889345647;False;"Meta espalhada por muitos meses; Projeto executivo não concluído; Meta anual pequena (obra em fase inicial/final)";
WAY 153;2026,0;planejado;27431,0;3.4.3.1;Base de Serviços Operacionais (BSO/SAU);BR-153/MG;Base de Serviços Operacionais com Atendimento aos Usuários;;;100,0;0;0,0;0,0;0,1151207683567127;False;"Desapropriação pendente; Prazo previsto curto";
WAY 153;2026,0;planejado;27429,0;3.4.3.1;Base de Serviços Operacionais (BSO/SAU);BR-153/MG;Base de Serviços Operacionais com Atendimento aos Usuários;;;100,0;0;0,0;0,0;0,1151207683567127;False;"Desapropriação pendente; Prazo previsto curto";
ECOVIAS DO CERRADO;2024,0;planejado;7283,0;3.2.1.4;Rotatórias Alongadas - Acesso Naveslândia: RA-2A (2 acessos);BR-364/GO;Rotatória em Nível;;;83,35;0;0,0;0,0;0,11455017604061826;False;"Meta concentrada no fim do ano; Tipo de obra que costuma atrasar";
ECOVIAS RIO MINAS;2026,0;planejado;12165,0;3.2.2;P. Passarelas;BR-116/MG;Passarela (local definido);;;100,0;0;0,0;0,0;0,1144156373970154;False;"Meta espalhada por muitos meses; Prazo previsto curto";
ECOVIAS RIO MINAS;2026,0;planejado;12164,0;3.2.2;P. Passarelas;BR-116/MG;Passarela (local definido);;;100,0;0;0,0;0,0;0,1144156373970154;False;"Meta espalhada por muitos meses; Prazo previsto curto";
EPR PARANÁ;2026,0;planejado;25454,0;3.4.5.1;Praça de Pedágio - Cianorte;PR-323/PR;Praça de Pedágio;;;100,0;0;0,0;0,0;0,11347231188556832;False;"Projeto executivo não concluído; Prazo previsto curto";
EPR PARANÁ;2026,0;planejado;25450,0;3.4.5.1;Praça de Pedágio - Guairaçá;BR-376/PR;Praça de Pedágio;;;100,0;0;0,0;0,0;0,11347231188556832;False;"Projeto executivo não concluído; Prazo previsto curto";
EPR PARANÁ;2026,0;planejado;25453,0;3.4.5.1;Praça de Pedágio Jussara;PR-323/PR;Praça de Pedágio;;;100,0;0;0,0;0,0;0,11347231188556832;False;"Projeto executivo não concluído; Prazo previsto curto";
EPR PARANÁ;2026,0;planejado;25455,0;3.4.5.1;Praça de Pedágio - Umuarama;PR-323/PR;Praça de Pedágio;;;100,0;0;0,0;0,0;0,11347231188556832;False;"Projeto executivo não concluído; Prazo previsto curto";
EPR PARANÁ;2026,0;planejado;25447,0;3.4.5.1;Praça de Pedágio - Francisco Alves;BR-272/PR;Praça de Pedágio;;;100,0;0;0,0;0,0;0,11347231188556832;False;"Projeto executivo não concluído; Prazo previsto curto";
WAY 262;2026,0;planejado;18398,0;3.4.2.7;SDA - Sistema de Detecção de Altura;BR-262/MG;Sistema de Detecção de Altura;;;100,0;0;0,0;0,0;0,11327149325233808;False;Prazo previsto curto;
NOVA ROTA DO OESTE;2026,0;planejado;23721,0;3.2.1.1;Duplicação da BR-364/163/MT - Trecho 108km;BR-163;Duplicação de Trecho Rodoviário;108,2;875013310,92;13,4;0;0,0;0,0;0,112296343031175;False;"Observação cita questão judicial/regulatória; Meta anual pequena (obra em fase inicial/final); Obra extensa (km)";Obra Extra-PER - 17º Termo Aditivo Obra Extra-PER - 17º Termo Aditivo Obra Extra-PER - 17º Termo Aditivo
ECOVIAS RIO MINAS;2025,0;planejado;12342,0;3.4.7.2;Disponibilização de sinal Wireless em toda extensão do sist. rodov. e desenvolvimento de aplicativos;BR-116/MG;Sistema de Comunicação Wireless;;;4,0;0;0,0;0,0;0,11103621632254104;False;"Meta anual pequena (obra em fase inicial/final); Prazo previsto curto; Tipo de obra que costuma atrasar";
ECOVIAS RIO MINAS;2025,0;planejado;12340,0;3.4.5.6;Função de chamada de emergência em aplicativo via rede wireless em 100% da malha viária concedida;BR-116/MG;Sistema de Comunicação Wireless;;;4,0;0;0,0;0,0;0,11103621632254104;False;"Meta anual pequena (obra em fase inicial/final); Prazo previsto curto; Tipo de obra que costuma atrasar";
VIA ARAUCÁRIA;2026,0;planejado;6874,0;3.1.2.I;I. Passagem em Desnível;PR-423;Retorno em Desnível;0,0;;100,0;0;0,0;0,0;0,10946330852107886;False;"Projeto executivo não concluído; Meta espalhada por muitos meses; Prazo previsto curto";
VIA ARAUCÁRIA;2026,0;planejado;6873,0;3.1.2.I;I. Passagem em Desnível;PR-418;Retorno em Desnível;0,0;;100,0;0;0,0;0,0;0,10946330852107886;False;"Projeto executivo não concluído; Meta espalhada por muitos meses; Prazo previsto curto";
VIA ARAUCÁRIA;2026,0;planejado;6808,0;3.1.2.F;F. Diamante;BR-277/PR;Retorno em Desnível;0,0;;100,0;0;0,0;0,0;0,10946330852107886;False;"Projeto executivo não concluído; Meta espalhada por muitos meses; Prazo previsto curto";
VIA ARAUCÁRIA;2026,0;planejado;6833,0;3.1.2.F;F. Diamante;PR-423;Retorno em Desnível;0,0;;100,0;0;0,0;0,0;0,10946330852107886;False;"Projeto executivo não concluído; Meta espalhada por muitos meses; Prazo previsto curto";
VIA ARAUCÁRIA;2026,0;planejado;6834,0;3.1.2.F;F. Diamante;PR-423;Retorno em Desnível;0,0;;100,0;0;0,0;0,0;0,10946330852107886;False;"Projeto executivo não concluído; Meta espalhada por muitos meses; Prazo previsto curto";
VIA ARAUCÁRIA;2026,0;planejado;6809,0;3.1.2.F;F. Diamante;BR-277/PR;Retorno em Desnível;0,0;;100,0;0;0,0;0,0;0,10946330852107886;False;"Projeto executivo não concluído; Meta espalhada por muitos meses; Prazo previsto curto";
VIA ARAUCÁRIA;2026,0;planejado;6793,0;3.1.2.F;F. Diamante;BR-277/PR;Retorno em Desnível;0,0;;100,0;0;0,0;0,0;0,10946330852107886;False;"Projeto executivo não concluído; Meta espalhada por muitos meses; Prazo previsto curto";
VIA ARAUCÁRIA;2026,0;planejado;6792,0;3.1.2.F;F. Diamante;BR-277/PR;Retorno em Desnível;0,0;;100,0;0;0,0;0,0;0,10946330852107886;False;"Projeto executivo não concluído; Meta espalhada por muitos meses; Prazo previsto curto";
VIA ARAUCÁRIA;2026,0;planejado;6786,0;3.1.2.E;E. Trombeta;PR-423;Retorno em Desnível;0,0;;100,0;0;0,0;0,0;0,10946330852107886;False;"Projeto executivo não concluído; Meta espalhada por muitos meses; Prazo previsto curto";
ECOVIAS DO CERRADO;2024,0;planejado;7092,0;3.2.1.2;Implantação de faixas adicionais em pista simples - SH 18;BR-365/MG;Faixa Adicional;3,03;;78,52;0;0,0;0,0;0,1087000065088557;False;"Meta concentrada no fim do ano; Tipo de obra que costuma atrasar";
ECOVIAS RIO MINAS;2026,0;planejado;12047,0;3.2.2;C. Interseções - Diamantes;BR-116/MG;Interseção em Desnível;;;100,0;0;0,0;0,0;0,10848432497269721;False;"Meta espalhada por muitos meses; Prazo previsto curto";
ECOVIAS DO CERRADO;2024,0;planejado;7279,0;3.2.1.4;Rotatórias Alongadas - Entroncamento BR-364 com GO-206/Acesso Caçú: RA-2A (2 acessos);BR-364/GO;Rotatória em Nível;;;100,0;0;0,0;0,0;0,10773797163064586;False;"Meta concentrada no fim do ano; Tipo de obra que costuma atrasar";
VIA CAMPO;2026,0;planejado;26923,0;3.4.1.1;CCO - Centro de Controle Operacional;BR-163/PR;Centro de Controle Operacional;;;100,0;0;0,0;0,0;0,10758110988097251;False;"Meta concentrada no fim do ano; Prazo previsto curto";
EPR IGUAÇU;2025,0;em andamento;17709,0;3.4.2.8;SCV - Sistema de Controle de Velocidade - quantitades mínimas 32 equipamentos fixos e 5 equipamentos portáteis;BR-277/PR;Sistema de Controle de Velocidade;;;100,0;9;50,0;100,0;0,10634089352068225;False;"Prazo previsto curto; Meta concentrada no fim do ano";32 fixos e 5 portáteis 32 fixos e 5 portáteis 32 fixos e 5 portáteis 32 fixos e 5 portáteis 32 fixos e 5 portáteis 32 fixos e 5 portáteis
EPR PARANÁ;2026,0;planejado;25446,0;3.4.4;Sistema de Comunicação de usuário 3.4.4.1 Sistemas de Comunicação /Site na Internet 3.4.4.2 Sistema de Informações aos Usuários  3.4.4.3 Sistema de Manifestações dos Usuários  3.4.4.4 Função de chamada de Emergência;BR-376/PR;Sistema de Comunicação com o  Usuário;0,0;;33,0;0;0,0;0,0;0,10600498068704067;False;"Meta anual pequena (obra em fase inicial/final); Prazo previsto curto";
VIA CAMPO;2026,0;planejado;26934,0;3.4.3.1;Base de Serviços Operacionais (BSO/SAU);PR-317/PR;Base de Serviços Operacionais com Atendimento aos Usuários;;;100,0;0;0,0;0,0;0,10581615126816411;False;"Meta concentrada no fim do ano; Prazo previsto curto";
VIA CAMPO;2026,0;planejado;26935,0;3.4.3.1;Base de Serviços Operacionais (BSO/SAU);BR-369/PR;Base de Serviços Operacionais com Atendimento aos Usuários;;;100,0;0;0,0;0,0;0,10581615126816411;False;"Meta concentrada no fim do ano; Prazo previsto curto";
VIA CAMPO;2026,0;planejado;26933,0;3.4.3.1;Base de Serviços Operacionais (BSO/SAU);PR-317/PR;Base de Serviços Operacionais com Atendimento aos Usuários;;;100,0;0;0,0;0,0;0,10581615126816411;False;"Meta concentrada no fim do ano; Prazo previsto curto";
VIA CAMPO;2026,0;planejado;26938,0;3.4.3.1;Base de Serviços Operacionais (BSO/SAU);BR-369/PR;Base de Serviços Operacionais com Atendimento aos Usuários;;;100,0;0;0,0;0,0;0,10581615126816411;False;"Meta concentrada no fim do ano; Prazo previsto curto";
VIA CAMPO;2026,0;planejado;26937,0;3.4.3.1;Base de Serviços Operacionais (BSO/SAU);BR-369/PR;Base de Serviços Operacionais com Atendimento aos Usuários;;;100,0;0;0,0;0,0;0,10581615126816411;False;"Meta concentrada no fim do ano; Prazo previsto curto";
ECOVIAS DAS GERAIS;2026,0;planejado;28539,0;3.4.11.1;Demolição - UOP;BR-116/MG;Demolição;;;100,0;0;0,0;0,0;0,10562232880587501;False;"Tipo de obra que costuma atrasar; Prazo previsto curto";
VIA SUL;2026,0;planejado;958,0;3.1.3;Recup de OAE - km 96 BR-290/RS - Viad Alça de Acesso da Av. Sertório para a Ponte Elevatória (PL);BR-290/RS;Recuperação ou Manutenção de Obra-de-Arte Especial;0,359;;100,0;0;0,0;0,0;0,10561206547400305;False;"Prazo previsto curto; Tipo de obra que costuma atrasar";
VIA SUL;2026,0;planejado;967,0;3.1.3;Recup de OAE - km 96 BR-290/RS - Viad Alça de Acesso da Ponte Elevatória (PL) para a BR-290 (PO);BR-290/RS;Recuperação ou Manutenção de Obra-de-Arte Especial;0,324;;100,0;0;0,0;0,0;0,10561206547400305;False;"Prazo previsto curto; Tipo de obra que costuma atrasar";
VIA SUL;2026,0;planejado;964,0;3.1.3;Recup de OAE - km 96 BR-290/RS - Viaduto Alça de Acesso da Ponte Elevatória (PO) para a Av. Sertório;BR-290/RS;Recuperação ou Manutenção de Obra-de-Arte Especial;0,372;;100,0;0;0,0;0,0;0,10561206547400305;False;"Prazo previsto curto; Tipo de obra que costuma atrasar";
VIA SUL;2026,0;planejado;969,0;3.1.3;Recup de OAE - km 96 BR-290/RS - Viad Alça de Aces da Av. Pres. Castelo Branco para Ponte Elevatória;BR-290/RS;Recuperação ou Manutenção de Obra-de-Arte Especial;0,296;;100,0;0;0,0;0,0;0,10561206547400305;False;"Prazo previsto curto; Tipo de obra que costuma atrasar";
VIA SUL;2026,0;planejado;957,0;3.1.3;Recuperação de OAE - km 96 BR-290/RS - Viaduto Alça de Acesso da BR-290 para a Ponte Elevatória (PO);BR-290/RS;Recuperação ou Manutenção de Obra-de-Arte Especial;0,318;;100,0;0;0,0;0,0;0,10561206547400305;False;"Prazo previsto curto; Tipo de obra que costuma atrasar";
ECOVIAS DO CERRADO;2024,0;planejado;7272,0;3.2.1.4;Rotatórias Alongadas - Entroncamento BR-364 com BR-483(A)/GO-164(A): RA-2A (2 acessos);BR-364/GO;Rotatória em Nível;;;100,0;0;0,0;0,0;0,10541899460560455;False;"Meta concentrada no fim do ano; Tipo de obra que costuma atrasar";
ECOVIAS RIO MINAS;2025,0;planejado;15251,0;3.1.3;Implantação de passarela de pedestre - Acesso à AMBEV - km 22,180 da BR-465/RJ;BR-465/RJ;Recuperação ou Manutenção de Obra-de-Arte Especial;0,014;;100,0;0;0,0;0,0;0,10513698649053707;False;"Meta espalhada por muitos meses; Prazo previsto curto";
VIA CAMPO;2026,0;planejado;26945,0;3.4.5.1;Praça de Pedágio - Cascavel;BR-163/PR;Praça de Pedágio;;;100,0;0;0,0;0,0;0,10400655630935314;False;"Meta concentrada no fim do ano; Prazo previsto curto";
VIA CAMPO;2026,0;planejado;26946,0;3.4.5.1;Praça de Pedágio - Terra Roxa;BR-163/PR;Praça de Pedágio;;;100,0;0;0,0;0,0;0,10400655630935314;False;"Meta concentrada no fim do ano; Prazo previsto curto";
VIA CAMPO;2026,0;planejado;26931,0;3.4.2.8;SCV - Sistema de Controle de Velocidade: Implantação de um sistema de controle automático de velocidade (com tecnologia tipo OCR ou superior) de veículos composto pelas unidades de monitoração eletrônica de velocidade do tipo radar fixo ou redutor eletrônico de velocidade (barreira ou lombada eletrônica). Quantitativo Mínimo: 15 Equipamentos;BR-163/PR;Sistema de Controle de Velocidade;;;100,0;0;0,0;0,0;0,10400655630935314;False;"Meta concentrada no fim do ano; Prazo previsto curto";
VIA ARAUCÁRIA;2026,0;planejado;6807,0;3.1.2.F;F. Diamante;BR-277/PR;Retorno em Desnível;0,0;;100,0;0;0,0;0,0;0,10382232134424789;False;"Projeto executivo não concluído; Meta espalhada por muitos meses; Prazo previsto curto";
VIA ARAUCÁRIA;2026,0;planejado;8022,0;3.4.7.1;Rede de Fibra Óptica;BR-277/PR;Fibra Ótica;;;100,0;0;0,0;0,0;0,10333278658689778;False;"Meta espalhada por muitos meses; Prazo previsto curto; Ausência de: taxa histórica de atraso da concessionária";
ECOVIAS DO ARAGUAIA;2025,0;planejado;28347,0;3.4.7;Posto de Pesagem Veicular Novo - P02;BR-153;Posto de Pesagem Veicular;;;100,0;0;0,0;0,0;0,10265781212342383;False;"Prazo previsto curto; Tipo de obra que costuma atrasar";
ECOVIAS DO ARAGUAIA;2025,0;planejado;28348,0;3.4.3.4;SDA - Sistema de Detecção de Altura;BR-414;Sistema de Detecção de Altura;;;100,0;0;0,0;0,0;0,10265781212342383;False;"Prazo previsto curto; Tipo de obra que costuma atrasar";
ECOVIAS DO ARAGUAIA;2025,0;planejado;28350,0;3.4.3.4;SDA - Sistema de Detecção de Altura;BR-153;Sistema de Detecção de Altura;;;100,0;0;0,0;0,0;0,10265781212342383;False;"Prazo previsto curto; Tipo de obra que costuma atrasar";
EPR PARANÁ;2026,0;planejado;25458,0;3.4.7.1;Rede de Fibra Ótica E rEDE DE dADOS;BR-376/PR;Fibra Ótica;0,0;;33,0;0;0,0;0,0;0,10247678291886131;False;"Meta anual pequena (obra em fase inicial/final); Prazo previsto curto";
ECOVIAS RIO MINAS;2025,0;planejado;4642,0;3.2.1;B. Implantação de Faixa Adicional;BR-116/RJ;Faixa Adicional;1,0;;19,88;0;0,0;0,0;0,09986200232744913;False;"Meta anual pequena (obra em fase inicial/final); Meta espalhada por muitos meses; Tipo de obra que costuma atrasar";
VIA SUL;2026,0;planejado;181,0;3.2.1.2;Vias marginais - km 213,4 ao km 214,7 LE - Tio Hugo ID - 1;BR-386/RS;Via Marginal;1,3;;100,0;0;0,0;0,0;0,09931176420917374;False;"Tipo de obra que costuma atrasar; Meta espalhada por muitos meses; Prazo previsto curto";
VIA SUL;2026,0;planejado;180,0;3.2.1.2;Vias marginais - km 213,4 ao km 214,7 LD - Tio Hugo ID - 2;BR-386/RS;Via Marginal;1,3;;100,0;0;0,0;0,0;0,09931176420917374;False;"Tipo de obra que costuma atrasar; Meta espalhada por muitos meses; Prazo previsto curto";
ECOVIAS DAS GERAIS;2026,0;planejado;28506,0;3.4.3.1;Base de Serviços Operacionais (BSO/SAU);BR-116/MG;Base de Serviços Operacionais com Atendimento aos Usuários;;;100,0;0;0,0;0,0;0,09879740773189316;False;"Licenciamento ambiental pendente; Desapropriação pendente; Prazo previsto curto";
WAY 153;2026,0;planejado;27424,0;3.4.4;Sistema de Comunicação de usuário 3.4.4.1 Sistemas de Comunicação /Site na Internet 3.4.4.2 Sistema de Informações aos Usuários  3.4.4.3 Sistema de Manifestações dos Usuários  3.4.4.4 Função de chamada de Emergência;BR-153/MG;Sistema de Comunicação com o  Usuário;0,0;;100,0;0;0,0;0,0;0,0985517152705664;False;"Meta concentrada no fim do ano; Prazo previsto curto";
ECOVIAS RIO MINAS;2025,0;planejado;12044,0;3.2.2;C. Interseções - Diamantes;BR-116/RJ;Interseção em Desnível;;;8,0;0;0,0;0,0;0,09819964459245609;False;"Meta concentrada no fim do ano; Meta anual pequena (obra em fase inicial/final); Prazo previsto curto";
ECOVIAS RIO MINAS;2025,0;planejado;15270,0;3.2.1;Viaduto s/Av. Jk, km 412,673 - trecho da Duplicação da via;BR-116/MG;Nova Obra-de-Arte Especial;0,055;;100,0;0;0,0;0,0;0,09818862948371078;False;"Projeto executivo não concluído; Meta espalhada por muitos meses; Prazo previsto curto";
ECOVIAS CAPIXABA;2025,0;em andamento;20828,0;3.2.2;F. Retornos em Nível – Tipo X ou Tipo U;BR-101/ES;Retorno em Nível;;;3,2;11;3,2;96,8;0,09786819495749767;False;"Meta anual pequena (obra em fase inicial/final); Tipo de obra que costuma atrasar; Prazo previsto curto";
WAY 153;2026,0;planejado;28310,0;3.4.7.1;Rede de Fibra ótica e Rede de Dados;BR-153;Fibra Ótica;;;33,0;0;0,0;0,0;0,096943644478451;False;"Meta anual pequena (obra em fase inicial/final); Prazo previsto curto";Rede de Dados
EPR IGUAÇU;2025,0;em andamento;21318,0;3.4.1.1;CCO - Centro de Controle Operacional;BR-277;Centro de Controle Operacional;;;100,0;9;50,0;100,0;0,09686307586320761;False;"Prazo previsto curto; Meta concentrada no fim do ano";CCO integrado com o CCO da EPR LP CCO integrado com o CCO da EPR LP CCO integrado com o CCO da EPR LP CCO integrado com o CCO da EPR LP CCO integrado com o CCO da EPR LP CCO integrado com o CCO da EPR LP
NOVA 364;2026,0;planejado;22420,0;3.4.3.7;Ponto de parada de descanso para caminhoneiros;BR-364;Ponto de Parada e Descanso para Caminhoneiros;;;100,0;0;0,0;0,0;0,09670451331033793;False;Prazo previsto curto;
NOVA 364;2026,0;planejado;22419,0;3.4.3.7;Ponto de parada de descanso para caminhoneiros;BR-364;Ponto de Parada e Descanso para Caminhoneiros;;;100,0;0;0,0;0,0;0,09670451331033793;False;Prazo previsto curto;
NOVA 364;2026,0;planejado;22418,0;3.4.3.7;Ponto de parada de descanso para caminhoneiros;BR-364;Ponto de Parada e Descanso para Caminhoneiros;;;100,0;0;0,0;0,0;0,09670451331033793;False;Prazo previsto curto;
VIA SUL;2026,0;planejado;965,0;3.1.3;Recup de OAE - km 96 BR-290/RS - Viad Alça de Acesso da Ponte Elevatória (PL) para a BR-290 (PL);BR-290/RS;Recuperação ou Manutenção de Obra-de-Arte Especial;0,19;;100,0;0;0,0;0,0;0,0954265349239392;False;"Prazo previsto curto; Tipo de obra que costuma atrasar";
ECOVIAS RIO MINAS;2025,0;planejado;15218,0;3.2.1;Implantação da Ponte s/Rio Guapi-Macacu, km 12,750, trecho da duplicação da via;BR-493/RJ;Nova Obra-de-Arte Especial;0,192;;45,0;0;0,0;0,0;0,09483091112172518;False;"Projeto executivo não concluído; Meta anual pequena (obra em fase inicial/final); Prazo previsto curto";
EPR PARANÁ;2026,0;planejado;25433,0;3.4.3.1;Base de Serviços Operacionais (BSO/SAU);BR-376/PR;Reforma/Adequação de Base de Serviços Operacionais com Atendimento aos Usuários;;;100,0;0;0,0;0,0;0,09293421002191866;False;"Projeto executivo não concluído; Prazo previsto curto";
WAY 153;2026,0;planejado;27430,0;3.4.3.1;Base de Serviços Operacionais (BSO/SAU);BR-153/MG;Reforma/Adequação de Base de Serviços Operacionais com Atendimento aos Usuários;;;100,0;0;0,0;0,0;0,0926143678413675;False;Prazo previsto curto;
WAY 153;2026,0;planejado;27432,0;3.4.3.1;Base de Serviços Operacionais (BSO/SAU);BR-153/MG;Reforma/Adequação de Base de Serviços Operacionais com Atendimento aos Usuários;;;100,0;0;0,0;0,0;0,0926143678413675;False;Prazo previsto curto;
WAY 153;2026,0;planejado;27433,0;3.4.3.1;Base de Serviços Operacionais (BSO/SAU);BR-153/GO;Reforma/Adequação de Base de Serviços Operacionais com Atendimento aos Usuários;;;100,0;0;0,0;0,0;0,0926143678413675;False;Prazo previsto curto;
WAY 153;2026,0;planejado;27435,0;3.4.3.1;Base de Serviços Operacionais (BSO/SAU);BR-153/GO;Reforma/Adequação de Base de Serviços Operacionais com Atendimento aos Usuários;;;100,0;0;0,0;0,0;0,0926143678413675;False;Prazo previsto curto;
WAY 153;2026,0;planejado;27436,0;3.4.3.1;Base de Serviços Operacionais (BSO/SAU);BR-153/GO;Reforma/Adequação de Base de Serviços Operacionais com Atendimento aos Usuários;;;100,0;0;0,0;0,0;0,0926143678413675;False;Prazo previsto curto;
WAY 153;2026,0;planejado;27434,0;3.4.3.1;Base de Serviços Operacionais (BSO/SAU);BR-153/GO;Reforma/Adequação de Base de Serviços Operacionais com Atendimento aos Usuários;;;100,0;0;0,0;0,0;0,0926143678413675;False;Prazo previsto curto;
ECOVIAS DO CERRADO;2024,0;planejado;7108,0;3.2.1.4;Implantação de Acostamento - Trecho homogêneo 4;BR-364/GO;Adequação de Acostamento;2,0;;100,0;0;0,0;0,0;0,09229881449050135;False;"Meta concentrada no fim do ano; Tipo de obra que costuma atrasar";
ECOVIAS RIO MINAS;2026,0;planejado;15360,0;3.2.1;Nova Ponte sobre o Rio Caratinga I, Km 505,807   - Duplicação - Trecho km 499,33 ao 519,73 SNV2022 (PER: km 500,111 ao 520,517).;BR-116/MG;Nova Obra-de-Arte Especial;0,031;;10,0;0;0,0;0,0;0,09114569820189715;False;"Meta anual pequena (obra em fase inicial/final); Prazo previsto curto";
EPR PARANÁ;2026,0;planejado;25434,0;3.4.3.1;Base de Serviços Operacionais (BSO/SAU);BR-376/PR;Base de Serviços Operacionais com Atendimento aos Usuários;;;100,0;0;0,0;0,0;0,09108636775367113;False;"Projeto executivo não concluído; Prazo previsto curto";
EPR PARANÁ;2026,0;planejado;25432,0;3.4.3.1;Base de Serviços Operacionais (BSO/SAU);BR-376/PR;Base de Serviços Operacionais com Atendimento aos Usuários;;;100,0;0;0,0;0,0;0,09108636775367113;False;"Projeto executivo não concluído; Prazo previsto curto";
EPR PARANÁ;2026,0;planejado;25431,0;3.4.3.1;Base de Serviços Operacionais (BSO/SAU);BR-369/PR;Base de Serviços Operacionais com Atendimento aos Usuários;;;100,0;0;0,0;0,0;0,09108636775367113;False;"Projeto executivo não concluído; Prazo previsto curto";
EPR PARANÁ;2026,0;planejado;25430,0;3.4.3.1;Base de Serviços Operacionais (BSO/SAU);BR-272/PR;Base de Serviços Operacionais com Atendimento aos Usuários;;;100,0;0;0,0;0,0;0,09108636775367113;False;"Projeto executivo não concluído; Prazo previsto curto";
EPR PARANÁ;2026,0;planejado;25442,0;3.4.3.1;Base de Serviços Operacionais (BSO/SAU);PR-862/PR;Base de Serviços Operacionais com Atendimento aos Usuários;;;100,0;0;0,0;0,0;0,09108636775367113;False;"Projeto executivo não concluído; Prazo previsto curto";
EPR PARANÁ;2026,0;planejado;25437,0;3.4.3.1;Base de Serviços Operacionais (BSO/SAU);PR-323/PR;Base de Serviços Operacionais com Atendimento aos Usuários;;;100,0;0;0,0;0,0;0,09108636775367113;False;"Projeto executivo não concluído; Prazo previsto curto";
EPR PARANÁ;2026,0;planejado;25436,0;3.4.3.1;Base de Serviços Operacionais (BSO/SAU);PR-323/PR;Base de Serviços Operacionais com Atendimento aos Usuários;;;100,0;0;0,0;0,0;0,09108636775367113;False;"Projeto executivo não concluído; Prazo previsto curto";
EPR PARANÁ;2026,0;planejado;25440,0;3.4.3.1;Base de Serviços Operacionais (BSO/SAU);PR-323/PR;Base de Serviços Operacionais com Atendimento aos Usuários;;;100,0;0;0,0;0,0;0,09108636775367113;False;"Projeto executivo não concluído; Prazo previsto curto";
EPR PARANÁ;2026,0;planejado;25439,0;3.4.3.1;Base de Serviços Operacionais (BSO/SAU);PR-323/PR;Base de Serviços Operacionais com Atendimento aos Usuários;;;100,0;0;0,0;0,0;0,09108636775367113;False;"Projeto executivo não concluído; Prazo previsto curto";
EPR PARANÁ;2026,0;planejado;25441,0;3.4.3.1;Base de Serviços Operacionais (BSO/SAU);PR-444/PR;Base de Serviços Operacionais com Atendimento aos Usuários;;;100,0;0;0,0;0,0;0,09108636775367113;False;"Projeto executivo não concluído; Prazo previsto curto";
EPR PARANÁ;2026,0;planejado;25438,0;3.4.3.1;Base de Serviços Operacionais (BSO/SAU);PR-323/PR;Base de Serviços Operacionais com Atendimento aos Usuários;;;100,0;0;0,0;0,0;0,09108636775367113;False;"Projeto executivo não concluído; Prazo previsto curto";
VIA ARAUCÁRIA;2026,0;planejado;6532,0;3.1.1.A;A. Duplicação - BR-277/PR;BR-277/PR;Duplicação de Trecho Rodoviário;10,4;;99,0;0;0,0;0,0;0,08738331079639404;False;"Meta espalhada por muitos meses; Projeto executivo não concluído; Tipo de obra que costuma atrasar";
ECOVIAS RIO MINAS;2025,0;planejado;14224,0;3.2.1;Ponte s/Rio Pavuna - Fx. Adic. - tr. km 171,92 ao km 174,33 SNV2022 (PER km 164,900 ao km 167,00);BR-116/RJ;Alargamento de Obra-de-Arte Especial;0,046;;9,85;0;0,0;0,0;0,08702977125897181;False;"Tipo de obra que costuma atrasar; Meta anual pequena (obra em fase inicial/final); Projeto executivo não concluído";
ELOVIAS;2025,0;em andamento;23720,0;3.4.10.2;Fornecimento de veículos para o fiscalização da ANTT - 1;BR-040/RJ;Veículos de Fiscalização da ANTT;;;100,0;9;100,0;50,0;0,0863539991790022;False;Prazo previsto curto;
ECOVIAS RIO MINAS;2026,0;planejado;12886,0;3.2.2;A. Travessias Urbanas - Nova Iguaçu;BR-465/RJ;Iluminação de Travessias Urbanas;3,2;;100,0;0;0,0;0,0;0,08435637397395794;False;"Tipo de obra que costuma atrasar; Meta espalhada por muitos meses; Prazo previsto curto";
ECOVIAS RIO MINAS;2025,0;planejado;14239,0;3.2.1;Viad. Rua Ago. Porto - Fx. Adic. - tr. km 174,33 ao km 178,43 SNV2022 (PER km 167,300 ao km 171,400);BR-116/RJ;Alargamento de Obra-de-Arte Especial;0,014;;100,0;0;0,0;0,0;0,08346057446214307;False;"Tipo de obra que costuma atrasar; Projeto executivo não concluído; Prazo previsto curto";
ECOVIAS RIO MINAS;2025,0;planejado;14238,0;3.2.1;Viad. Rua Ago. Porto - Fx. Adic. - tr. km 174,33 ao km 178,43 SNV2022 (PER km 167,300 ao km 171,400);BR-116/RJ;Alargamento de Obra-de-Arte Especial;0,014;;100,0;0;0,0;0,0;0,08346057446214307;False;"Tipo de obra que costuma atrasar; Projeto executivo não concluído; Prazo previsto curto";
ECOVIAS RIO MINAS;2026,0;planejado;12876,0;3.2.2;A. Travessias Urbanas - Santa Rita de Minas;BR-116/MG;Iluminação de Travessias Urbanas;0,085;;100,0;0;0,0;0,0;0,08289501572981318;False;"Tipo de obra que costuma atrasar; Meta espalhada por muitos meses; Prazo previsto curto";
ECOVIAS RIO MINAS;2025,0;planejado;14253,0;3.2.1;Viad. s/RFFSA - Fx. Adic. - tr. km 178,43 ao km 181,63 SNV2022 (PER km 171,400 ao km 174,600);BR-116/RJ;Alargamento de Obra-de-Arte Especial;0,06;;100,0;0;0,0;0,0;0,08136415772086474;False;"Tipo de obra que costuma atrasar; Projeto executivo não concluído; Prazo previsto curto";
VIA CAMPO;2026,0;planejado;26944,0;3.4.4;Sistema de Comunicação de usuário 3.4.4.1 Sistemas de Comunicação /Site na Internet 3.4.4.2 Sistema de Informações aos Usuários  3.4.4.3 Sistema de Manifestações dos Usuários  3.4.4.4 Função de chamada de Emergência;BR-163/PR;Sistema de Comunicação com o  Usuário;0,0;;33,33;0;0,0;0,0;0,0809000295940635;False;"Meta concentrada no fim do ano; Meta anual pequena (obra em fase inicial/final); Prazo previsto curto";
VIA ARAUCÁRIA;2026,0;planejado;6932,0;3.1.2.N;N. Sistema de Iluminação em Curvas Côncavas;PR-423;Iluminação de Travessias Urbanas;0,0;;100,0;0;0,0;0,0;0,08004131811278319;False;"Meta concentrada no fim do ano; Tipo de obra que costuma atrasar; Prazo previsto curto";
VIA ARAUCÁRIA;2026,0;planejado;6931,0;3.1.2.N;N. Sistema de Iluminação em Curvas Côncavas;PR-423;Iluminação de Travessias Urbanas;0,0;;100,0;0;0,0;0,0;0,08004131811278319;False;"Meta concentrada no fim do ano; Tipo de obra que costuma atrasar; Prazo previsto curto";
NOVA 364;2026,0;planejado;22429,0;3.4.6.1;PPVf - Posto de Pesagem Veicular - Cacoal;BR-364/RO;Posto de Pesagem Veicular;;;100,0;0;0,0;0,0;0,07933121881190572;False;Prazo previsto curto;
NOVA 364;2026,0;planejado;22428,0;3.4.6.1;PPVf - Posto de Pesagem Veicular - Vilhena;BR-364/RO;Posto de Pesagem Veicular;;;100,0;0;0,0;0,0;0,07933121881190572;False;Prazo previsto curto;
NOVA 364;2026,0;planejado;22430,0;3.4.6.1;PPVf - Posto de Pesagem Veicular - Candeias do Jamari;BR-364/RO;Posto de Pesagem Veicular;;;100,0;0;0,0;0,0;0,07933121881190572;False;Prazo previsto curto;
WAY 364;2026,0;planejado;26917,0;3.4.11.2;Veiculo PRF - 4 unidades;BR-060/GO;Veículos da Polícia Rodoviária Federal;;;100,0;0;0,0;0,0;0,07832701552881455;False;"Licenciamento ambiental pendente; Prazo previsto curto";
VIA CAMPO;2026,0;planejado;26951,0;3.4.7.1;Rede de Fibra Ótica;BR-163/PR;Fibra Ótica;0,0;;33,33;0;0,0;0,0;0,07813437934383757;False;"Meta concentrada no fim do ano; Meta anual pequena (obra em fase inicial/final); Prazo previsto curto";
ECOVIAS DO ARAGUAIA;2025,0;planejado;7480,0;3.2.1.2;G. Retorno em U;BR-153/TO;Meio Retorno em Nível;0,0;;100,0;0;0,0;0,0;0,07785099977418991;False;"Meta espalhada por muitos meses; Prazo previsto curto";
ECOVIAS DO ARAGUAIA;2025,0;planejado;7509,0;3.2.1.2;G. Retorno em U;BR-153/GO;Meio Retorno em Nível;0,0;;100,0;0;0,0;0,0;0,07785099977418991;False;"Meta espalhada por muitos meses; Prazo previsto curto";
ECOVIAS DO ARAGUAIA;2025,0;planejado;7508,0;3.2.1.2;G. Retorno em U;BR-153/GO;Meio Retorno em Nível;0,0;;100,0;0;0,0;0,0;0,07785099977418991;False;"Meta espalhada por muitos meses; Prazo previsto curto";
ECOVIAS DO ARAGUAIA;2025,0;planejado;7481,0;3.2.1.2;G. Retorno em U;BR-153/TO;Meio Retorno em Nível;0,0;;100,0;0;0,0;0,0;0,07785099977418991;False;"Meta espalhada por muitos meses; Prazo previsto curto";
EPR PARANÁ;2026,0;planejado;25426,0;3.4.2.6;PMVm - Painel de Mensagem Variável - móvel: Aquisição e operacionalização de painéis do tipo móvel, para atender situações especiais do Sistema Rodoviário - Quantitativos Mínimo: 14 Equipamentos;BR-376/PR;Painel de Mensagens Variáveis Móvel;;;100,0;0;0,0;0,0;0,07632875792718767;False;Prazo previsto curto;
MOTIVA MINAS SP;2026,0;planejado;28251,0;3.4.2.6;PMVm - Painel de Mensagem Variável - móvel: Aquisição e operacionalização de painéis do tipo móvel, para atender situações especiais do Sistema Rodoviário - Quantitativos mínimos: Existente 9 a implantar 3;BR-381;Painel de Mensagens Variáveis Móvel;;;100,0;0;0,0;0,0;0,07632875792718767;False;Prazo previsto curto;
EPR PARANÁ;2026,0;planejado;25461,0;3.4.10.2;Fornecimento de veículos para o fiscalização da ANTT - 1;BR-376/PR;Veículos de Fiscalização da ANTT;;;100,0;0;0,0;0,0;0,07632875792718767;False;Prazo previsto curto;
ECOVIAS DO ARAGUAIA;2025,0;planejado;7471,0;3.2.1.2;F. Diamante;BR-153/GO;Retorno em Desnível;0,0;;100,0;0;0,0;0,0;0,07533940173132062;False;"Meta espalhada por muitos meses; Prazo previsto curto";
ECOVIAS DO ARAGUAIA;2025,0;planejado;7468,0;3.2.1.2;F. Diamante;BR-153/GO;Retorno em Desnível;0,0;;100,0;0;0,0;0,0;0,07533940173132062;False;"Meta espalhada por muitos meses; Prazo previsto curto";
ECOVIAS DO ARAGUAIA;2025,0;planejado;7449,0;3.2.1.2;E. Trombeta;BR-153/TO;Retorno em Desnível;0,0;;100,0;0;0,0;0,0;0,07533940173132062;False;"Meta espalhada por muitos meses; Prazo previsto curto";
EPR PARANÁ;2026,0;planejado;26922,0;3.4.1.1;CCO - Centro de Controle Operacional;BR-376/PR;Centro de Controle Operacional;;;100,0;0;0,0;0,0;0,07478386615231161;False;Prazo previsto curto;
ECOVIAS RIO MINAS;2025,0;planejado;14243,0;3.2.1;Ponte s/Rio Sarapuí - Fx. Adic. - tr. km 174,33 ao km 178,43 SNV2022 (PER km 167,300 ao km 171,400);BR-116/RJ;Alargamento de Obra-de-Arte Especial;0,04;;100,0;0;0,0;0,0;0,07418316292415711;False;"Tipo de obra que costuma atrasar; Projeto executivo não concluído; Prazo previsto curto";
ECOVIAS RIO MINAS;2026,0;planejado;12880,0;3.2.2;A. Travessias Urbanas - Seropédica;BR-465/RJ;Iluminação de Travessias Urbanas;1,42;;100,0;0;0,0;0,0;0,07364180073450433;False;"Tipo de obra que costuma atrasar; Meta espalhada por muitos meses; Prazo previsto curto";
ECOVIAS RIO MINAS;2026,0;planejado;12874,0;3.2.2;A. Travessias Urbanas - Seropédica;BR-465/RJ;Iluminação de Travessias Urbanas;1,95;;100,0;0;0,0;0,0;0,07364180073450433;False;"Tipo de obra que costuma atrasar; Meta espalhada por muitos meses; Prazo previsto curto";
ECOVIAS RIO MINAS;2026,0;planejado;12917,0;3.2.2;A. Travessias Urbanas - Duque de Caxias;BR-493/RJ;Iluminação de Travessias Urbanas;2,25;;100,0;0;0,0;0,0;0,07364180073450433;False;"Tipo de obra que costuma atrasar; Meta espalhada por muitos meses; Prazo previsto curto";
ECOVIAS RIO MINAS;2026,0;planejado;12890,0;3.2.2;A. Travessias Urbanas - Engenheiro Caldas;BR-116/MG;Iluminação de Travessias Urbanas;1,3;;100,0;0;0,0;0,0;0,07364180073450433;False;"Tipo de obra que costuma atrasar; Meta espalhada por muitos meses; Prazo previsto curto";
ECOVIAS RIO MINAS;2026,0;planejado;12910,0;3.2.2;A. Travessias Urbanas - Muriaé;BR-116/MG;Iluminação de Travessias Urbanas;2,636;;100,0;0;0,0;0,0;0,07364180073450433;False;"Tipo de obra que costuma atrasar; Meta espalhada por muitos meses; Prazo previsto curto";
ECOVIAS RIO MINAS;2026,0;planejado;12848,0;3.2.2;A. Travessias Urbanas - Japeri;BR-493/RJ;Iluminação de Travessias Urbanas;2,653;;100,0;0;0,0;0,0;0,07364180073450433;False;"Tipo de obra que costuma atrasar; Meta espalhada por muitos meses; Prazo previsto curto";
ECOVIAS RIO MINAS;2026,0;planejado;12844,0;3.2.2;A. Travessias Urbanas - Ubaporanga;BR-116/MG;Iluminação de Travessias Urbanas;2,3;;100,0;0;0,0;0,0;0,07364180073450433;False;"Tipo de obra que costuma atrasar; Meta espalhada por muitos meses; Prazo previsto curto";
ECOVIAS RIO MINAS;2026,0;planejado;26921,0;3.2.2;A. Travessias Urbanas - Alpercata;BR-116/MG;Iluminação de Travessias Urbanas;1,5;;100,0;0;0,0;0,0;0,07364180073450433;False;"Tipo de obra que costuma atrasar; Meta espalhada por muitos meses; Prazo previsto curto";
ECOVIAS RIO MINAS;2026,0;planejado;26920,0;3.2.2;A. Travessias Urbanas - Alpercata;BR-116/MG;Iluminação de Travessias Urbanas;1,3;;100,0;0;0,0;0,0;0,07364180073450433;False;"Tipo de obra que costuma atrasar; Meta espalhada por muitos meses; Prazo previsto curto";
ECOVIAS RIO MINAS;2026,0;planejado;12843,0;3.2.2;A. Travessias Urbanas - Dom Cavati;BR-116/MG;Iluminação de Travessias Urbanas;1,9;;100,0;0;0,0;0,0;0,07364180073450433;False;"Tipo de obra que costuma atrasar; Meta espalhada por muitos meses; Prazo previsto curto";
ECOVIAS RIO MINAS;2026,0;planejado;12852,0;3.2.2;A. Travessias Urbanas - Teresópolis;BR-116/RJ;Iluminação de Travessias Urbanas;2,632;;100,0;0;0,0;0,0;0,07364180073450433;False;"Tipo de obra que costuma atrasar; Meta espalhada por muitos meses; Prazo previsto curto";
ECOVIAS RIO MINAS;2026,0;planejado;12872,0;3.2.2;A. Travessias Urbanas - Seropédica;BR-465/RJ;Iluminação de Travessias Urbanas;1,366;;100,0;0;0,0;0,0;0,07364180073450433;False;"Tipo de obra que costuma atrasar; Meta espalhada por muitos meses; Prazo previsto curto";
ECOVIAS DO ARAGUAIA;2025,0;planejado;13745,0;3.4.7;Posto de Pesagem Veicular Novo - P03;BR-153/GO;Posto de Pesagem Veicular;;;100,0;0;0,0;0,0;0,07289097490233919;False;"Projeto executivo não concluído; Prazo previsto curto; Tipo de obra que costuma atrasar";
ECOVIAS RIO MINAS;2026,0;planejado;12915,0;3.2.2;A. Travessias Urbanas - Leopoldina;BR-116/MG;Iluminação de Travessias Urbanas;2,852;;100,0;0;0,0;0,0;0,07231107296359704;False;"Tipo de obra que costuma atrasar; Meta espalhada por muitos meses; Prazo previsto curto";
EPR PARANÁ;2026,0;planejado;25428,0;3.4.2.8;SCV - Sistema de Controle de Velocidade: Implantação de um sistema de controle automático de velocidade (com tecnologia tipo OCR ou superior) de veículos composto pelas unidades de monitoração eletrônica de velocidade do tipo radar fixo ou redutor eletrônico de velocidade (barreira ou lombada eletrônica). Quantitativo Mínimo: 22 Equipamentos;BR-376/PR;Sistema de Controle de Velocidade;;;100,0;0;0,0;0,0;0,07221087585413229;False;Prazo previsto curto;
NOVA 364;2025,0;em andamento;22402,0;3.4.2.6;PMVm - Painel de Mensagem Variável - movel - 7 unidades;BR-364/RO;Painel de Mensagens Variáveis Móvel;;;100,0;5;0,0;100,0;0,07221087585413229;False;Prazo previsto curto;
MOTIVA MINAS SP;2026,0;planejado;28252,0;3.4.2.7;SDA- Sistema de Detecção de Altura Quantitativo mínimo: 4 unidades existentes;BR-381;Sistema de Detecção de Altura;;;100,0;0;0,0;0,0;0,07221087585413229;False;Prazo previsto curto;
WAY 262;2025,0;em andamento;22161,0;3.4.2.6;PMVm - Painel de Mensagem Variável - movel Quantitativo Mínimo: 9 Equipamentos;BR-262;Painel de Mensagens Variáveis Móvel;;;100,0;11;100,0;100,0;0,07221087585413229;False;Prazo previsto curto;
NOVA 364;2025,0;em andamento;22441,0;3.4.10.2;Fornecimento e manutenção de veículos para a fiscalização da ANTT - Quantitativo Mínimo: 2 veículos.;BR-364/RO;Veículos de Fiscalização da ANTT;;;100,0;5;0,0;100,0;0,07221087585413229;False;Prazo previsto curto;
WAY 364;2026,0;planejado;26884,0;3.4.3.1;Base de Serviços Operacionais (BSO/SAU);BR-364/GO;Base de Serviços Operacionais com Atendimento aos Usuários;;;100,0;0;0,0;0,0;0,0717665642258217;False;"Projeto executivo não concluído; Prazo previsto curto";
WAY 364;2026,0;planejado;26882,0;3.4.3.1;Base de Serviços Operacionais (BSO/SAU);BR-364/GO;Base de Serviços Operacionais com Atendimento aos Usuários;;;100,0;0;0,0;0,0;0,0717665642258217;False;"Projeto executivo não concluído; Prazo previsto curto";
WAY 364;2026,0;planejado;26881,0;3.4.3.1;Base de Serviços Operacionais (BSO/SAU);BR-364/GO;Base de Serviços Operacionais com Atendimento aos Usuários;;;100,0;0;0,0;0,0;0,0717665642258217;False;"Projeto executivo não concluído; Prazo previsto curto";
WAY 364;2026,0;planejado;26886,0;3.4.3.1;Base de Serviços Operacionais (BSO/SAU);BR-364/MT;Base de Serviços Operacionais com Atendimento aos Usuários;;;100,0;0;0,0;0,0;0,0717665642258217;False;"Projeto executivo não concluído; Prazo previsto curto";
WAY 364;2026,0;planejado;26880,0;3.4.3.1;Base de Serviços Operacionais (BSO/SAU);BR-060/GO;Base de Serviços Operacionais com Atendimento aos Usuários;;;100,0;0;0,0;0,0;0,0717665642258217;False;"Projeto executivo não concluído; Prazo previsto curto";
WAY 364;2026,0;planejado;26885,0;3.4.3.1;Base de Serviços Operacionais (BSO/SAU);BR-364/MT;Base de Serviços Operacionais com Atendimento aos Usuários;;;100,0;0;0,0;0,0;0,0717665642258217;False;"Projeto executivo não concluído; Prazo previsto curto";
WAY 364;2026,0;planejado;26879,0;3.4.3.1;Base de Serviços Operacionais (BSO/SAU);BR-060/GO;Base de Serviços Operacionais com Atendimento aos Usuários;;;100,0;0;0,0;0,0;0,0717665642258217;False;"Projeto executivo não concluído; Prazo previsto curto";
WAY 364;2026,0;planejado;26887,0;3.4.3.1;Base de Serviços Operacionais (BSO/SAU);BR-364/MT;Base de Serviços Operacionais com Atendimento aos Usuários;;;100,0;0;0,0;0,0;0,0717665642258217;False;"Projeto executivo não concluído; Prazo previsto curto";
WAY 364;2026,0;planejado;26883,0;3.4.3.1;Base de Serviços Operacionais (BSO/SAU);BR-364/GO;Base de Serviços Operacionais com Atendimento aos Usuários;;;100,0;0;0,0;0,0;0,0717665642258217;False;"Projeto executivo não concluído; Prazo previsto curto";
WAY 364;2026,0;planejado;26888,0;3.4.3.1;Base de Serviços Operacionais (BSO/SAU);BR-364/MT;Base de Serviços Operacionais com Atendimento aos Usuários;;;100,0;0;0,0;0,0;0,0717665642258217;False;"Projeto executivo não concluído; Prazo previsto curto";
ECOVIAS RIO MINAS;2026,0;planejado;12839,0;3.2.2;A. Travessias Urbanas - Magé;BR-116/RJ;Iluminação de Travessias Urbanas;0,736;;100,0;0;0,0;0,0;0,0714882522421526;False;"Tipo de obra que costuma atrasar; Meta espalhada por muitos meses; Prazo previsto curto";
ECOVIAS RIO MINAS;2026,0;planejado;12850,0;3.2.2;A. Travessias Urbanas - Itaguaí;BR-493/RJ;Iluminação de Travessias Urbanas;0,777;;100,0;0;0,0;0,0;0,0714882522421526;False;"Tipo de obra que costuma atrasar; Meta espalhada por muitos meses; Prazo previsto curto";
ECOVIAS RIO MINAS;2026,0;planejado;12855,0;3.2.2;A. Travessias Urbanas - Teresópolis ref. obra S. Divisor central com barreira rígida (Pista simples);BR-116/RJ;Iluminação de Travessias Urbanas;0,611;;100,0;0;0,0;0,0;0,0714882522421526;False;"Tipo de obra que costuma atrasar; Meta espalhada por muitos meses; Prazo previsto curto";
ECOVIAS RIO MINAS;2026,0;planejado;12862,0;3.2.2;A. Travessias Urbanas - Duque de Caxias;BR-116/RJ;Iluminação de Travessias Urbanas;0,6;;100,0;0;0,0;0,0;0,0714882522421526;False;"Tipo de obra que costuma atrasar; Meta espalhada por muitos meses; Prazo previsto curto";
ECOVIAS RIO MINAS;2026,0;planejado;12857,0;3.2.2;A. Travessias Urbanas - Guapimirim;BR-116/RJ;Iluminação de Travessias Urbanas;1,153;;100,0;0;0,0;0,0;0,0714882522421526;False;"Tipo de obra que costuma atrasar; Meta espalhada por muitos meses; Prazo previsto curto";
ECOVIAS RIO MINAS;2026,0;planejado;12849,0;3.2.2;A. Travessias Urbanas - Japeri;BR-493/RJ;Iluminação de Travessias Urbanas;0,519;;100,0;0;0,0;0,0;0,0714882522421526;False;"Tipo de obra que costuma atrasar; Meta espalhada por muitos meses; Prazo previsto curto";
ECOVIAS RIO MINAS;2026,0;planejado;12847,0;3.2.2;A. Travessias Urbanas - Nova Iguaçu;BR-493/RJ;Iluminação de Travessias Urbanas;0,465;;100,0;0;0,0;0,0;0,0714882522421526;False;"Tipo de obra que costuma atrasar; Meta espalhada por muitos meses; Prazo previsto curto";
ECOVIAS RIO MINAS;2026,0;planejado;12905,0;3.2.2;A. Travessias Urbanas - Miradouro;BR-116/MG;Iluminação de Travessias Urbanas;0,255;;100,0;0;0,0;0,0;0,0714882522421526;False;"Tipo de obra que costuma atrasar; Meta espalhada por muitos meses; Prazo previsto curto";
ECOVIAS RIO MINAS;2026,0;planejado;12907,0;3.2.2;A. Travessias Urbanas - Miradouro;BR-116/MG;Iluminação de Travessias Urbanas;0,8;;100,0;0;0,0;0,0;0,0714882522421526;False;"Tipo de obra que costuma atrasar; Meta espalhada por muitos meses; Prazo previsto curto";
ECOVIAS RIO MINAS;2026,0;planejado;12873,0;3.2.2;A. Travessias Urbanas - Seropédica;BR-465/RJ;Iluminação de Travessias Urbanas;0,283;;100,0;0;0,0;0,0;0,0714882522421526;False;"Tipo de obra que costuma atrasar; Meta espalhada por muitos meses; Prazo previsto curto";
ECOVIAS RIO MINAS;2026,0;planejado;12908,0;3.2.2;A. Travessias Urbanas - Muriaé;BR-116/MG;Iluminação de Travessias Urbanas;0,3;;100,0;0;0,0;0,0;0,0714882522421526;False;"Tipo de obra que costuma atrasar; Meta espalhada por muitos meses; Prazo previsto curto";
ECOVIAS RIO MINAS;2026,0;planejado;12913,0;3.2.2;A. Travessias Urbanas - Laranjal;BR-116/MG;Iluminação de Travessias Urbanas;0,757;;100,0;0;0,0;0,0;0,0714882522421526;False;"Tipo de obra que costuma atrasar; Meta espalhada por muitos meses; Prazo previsto curto";
ECOVIAS RIO MINAS;2026,0;planejado;12884,0;3.2.2;A. Travessias Urbanas - Nova Iguaçu;BR-465/RJ;Iluminação de Travessias Urbanas;0,316;;100,0;0;0,0;0,0;0,0714882522421526;False;"Tipo de obra que costuma atrasar; Meta espalhada por muitos meses; Prazo previsto curto";
ECOVIAS RIO MINAS;2026,0;planejado;12897,0;3.2.2;A. Travessias Urbanas - Santa Bárbara do Leste;BR-116/MG;Iluminação de Travessias Urbanas;1,0;;100,0;0;0,0;0,0;0,0714882522421526;False;"Tipo de obra que costuma atrasar; Meta espalhada por muitos meses; Prazo previsto curto";
ECOVIAS RIO MINAS;2026,0;planejado;12902,0;3.2.2;A. Travessias Urbanas - Fervedouro;BR-116/MG;Iluminação de Travessias Urbanas;0,945;;100,0;0;0,0;0,0;0,0714882522421526;False;"Tipo de obra que costuma atrasar; Meta espalhada por muitos meses; Prazo previsto curto";
ECOVIAS RIO MINAS;2025,0;planejado;15246,0;3.2.1;Construção da Ponte s/Rio Doce, km 413,57 - trecho da Duplicação da via;BR-116/MG;Nova Obra-de-Arte Especial;0,447;;80,5;0;0,0;0,0;0,07001583140655614;False;"Meta espalhada por muitos meses; Projeto executivo não concluído; Prazo previsto curto";
ECOVIAS RIO MINAS;2025,0;planejado;12330,0;3.4.2.3;DAI - Detecção Automática de Incidentes (BR-116/RJ) na Dutra (RMRJ) e Serra de Teresópolis;BR-116/RJ;Sistema de Circuito Fechado de TV;;;5,67;0;0,0;0,0;0,06922015992610783;False;"Meta anual pequena (obra em fase inicial/final); Prazo previsto curto";
ECOVIAS RIO MINAS;2025,0;planejado;12331,0;3.4.2.5;CFTV-Circuito Fechado de TV: 100% de cobertura Sistema Rodoviário 696 câmeras (quantitativo mínimo);BR-116/RJ;Sistema de Circuito Fechado de TV;;;5,67;0;0,0;0,0;0,06922015992610783;False;"Meta anual pequena (obra em fase inicial/final); Prazo previsto curto";
ECOVIAS CAPIXABA;2025,0;em andamento;20976,0;3.2.2;J. Acessos D;BR-101/ES;Melhoria em Acesso (local a definir);;;100,0;11;100,0;100,0;0,06877332405162465;False;"Tipo de obra que costuma atrasar; Prazo previsto curto";
ECOVIAS CAPIXABA;2025,0;em andamento;21081,0;3.2.2;K. Ponto de ônibus;BR-101/ES;Ponto de Ônibus (local a definir);;;100,0;11;100,0;100,0;0,06877332405162465;False;"Tipo de obra que costuma atrasar; Prazo previsto curto";
ECOVIAS CAPIXABA;2025,0;em andamento;21080,0;3.2.2;K. Ponto de ônibus;BR-101/ES;Ponto de Ônibus (local a definir);;;100,0;11;100,0;100,0;0,06877332405162465;False;"Tipo de obra que costuma atrasar; Prazo previsto curto";
ECOVIAS CAPIXABA;2025,0;em andamento;21079,0;3.2.2;K. Ponto de ônibus;BR-101/ES;Ponto de Ônibus (local a definir);;;100,0;11;100,0;100,0;0,06877332405162465;False;"Tipo de obra que costuma atrasar; Prazo previsto curto";
ECOVIAS CAPIXABA;2025,0;em andamento;21078,0;3.2.2;K. Ponto de ônibus;BR-101/ES;Ponto de Ônibus (local a definir);;;100,0;11;100,0;100,0;0,06877332405162465;False;"Tipo de obra que costuma atrasar; Prazo previsto curto";
ECOVIAS RIO MINAS;2025,0;planejado;4616,0;3.2.1;A. Implantação de duplicação;BR-116/RJ;Duplicação de Trecho Rodoviário;20,9;;8,66;0;0,0;0,0;0,06786952072604652;False;"Meta anual pequena (obra em fase inicial/final); Meta espalhada por muitos meses; Tipo de obra que costuma atrasar";
ECOVIAS RIO MINAS;2025,0;planejado;15367,0;3.2.1;Novo Pontilhão sobre o Córrego Augusto Luiz, Km 516,869 - Duplicação - Trecho km 499,33 ao 519,73 SNV2022 (PER: km 500,111 ao 520,517).;BR-116/MG;Nova Obra-de-Arte Especial;0,008;;90,0;0;0,0;0,0;0,0674283102702803;False;"Meta concentrada no fim do ano; Prazo previsto curto";
ECOVIAS RIO MINAS;2025,0;planejado;15363,0;3.2.1;Nova Ponte sobre o Córrego Feijoal, Km 510,731  - Duplicação - Trecho km 499,33 ao 519,73 SNV2022 (PER: km 500,111 ao 520,517).;BR-116/MG;Nova Obra-de-Arte Especial;0,008;;90,0;0;0,0;0,0;0,0674283102702803;False;"Meta concentrada no fim do ano; Prazo previsto curto";
ECOVIAS RIO MINAS;2025,0;planejado;15365,0;3.2.1;Novo  Pontilhão sobre o Córrego Daniel, Km 514,996 - Duplicação - Trecho km 499,33 ao 519,73 SNV2022 (PER: km 500,111 ao 520,517).;BR-116/MG;Nova Obra-de-Arte Especial;0,008;;90,0;0;0,0;0,0;0,0674283102702803;False;"Meta concentrada no fim do ano; Prazo previsto curto";
ECOVIAS RIO MINAS;2025,0;planejado;12010,0;3.2.1;C. Área de escape - Serra de Teresópolis (BR-116);BR-116/RJ;Área de Escape;0,18;;13,83;0;0,0;0,0;0,06613411313680219;False;"Meta anual pequena (obra em fase inicial/final); Meta espalhada por muitos meses; Prazo previsto curto";
ECOVIAS RIO MINAS;2025,0;planejado;12008,0;3.2.1;C. Área de escape - Serra de Teresópolis (BR-116);BR-116/RJ;Área de Escape;0,18;;13,83;0;0,0;0,0;0,06613411313680219;False;"Meta anual pequena (obra em fase inicial/final); Meta espalhada por muitos meses; Prazo previsto curto";
ECOVIAS RIO MINAS;2025,0;planejado;12009,0;3.2.1;C. Área de escape - Serra de Teresópolis (BR-116);BR-116/RJ;Área de Escape;0,18;;13,83;0;0,0;0,0;0,06613411313680219;False;"Meta anual pequena (obra em fase inicial/final); Meta espalhada por muitos meses; Prazo previsto curto";
ECOVIAS RIO MINAS;2026,0;planejado;12878,0;3.2.2;A. Travessias Urbanas - Seropédica;BR-465/RJ;Iluminação de Travessias Urbanas;0,175;;100,0;0;0,0;0,0;0,06435691181588325;False;"Tipo de obra que costuma atrasar; Meta espalhada por muitos meses; Prazo previsto curto";
ECOVIAS RIO MINAS;2026,0;planejado;12882,0;3.2.2;A. Travessias Urbanas - Nova Iguaçu;BR-465/RJ;Iluminação de Travessias Urbanas;0,187;;100,0;0;0,0;0,0;0,06435691181588325;False;"Tipo de obra que costuma atrasar; Meta espalhada por muitos meses; Prazo previsto curto";
ECOVIAS RIO MINAS;2025,0;planejado;12866,0;3.2.2;A. Travessias Urbanas - São João do Meriti;BR-116/RJ;Iluminação de Travessias Urbanas;0,0;;100,0;0;0,0;0,0;0,06432914515355782;False;"Meta concentrada no fim do ano; Prazo previsto curto";
EPR PARANÁ;2026,0;planejado;28483,0;3.4.8;Sistema de Guarda e Vigilância Patrimonial;BR-369;Sistema de Guarda e Vigilância Patrimonial;;;100,0;0;0,0;0,0;0,06238987364007403;False;"Prazo previsto curto; Tipo de obra que costuma atrasar";
WAY 262;2025,0;em andamento;24194,0;3.4.10.1;Escritório de Fiscalização da Infraestrutura da Rodovia – ESROD no município de Uberaba/MG, por meio de locação de imóvel, em atendimento à obrigação contratual.;BR-262/MG;Escritório de Fiscalização da ANTT;;;100,0;11;100,0;100,0;0,0601610364210062;False;"Prazo previsto curto; Tipo de obra que costuma atrasar";
ECOVIAS DAS GERAIS;2026,0;planejado;28550,0;3.4.11.3;Equipamentos de Radiocomunicação (ANTT terminais fixos 1 móveis 2)  (PRF terminais fixos 5);BR-116/MG;Equipamentos de Radiocomunicação;;;100,0;0;0,0;0,0;0,0601610364210062;False;"Prazo previsto curto; Tipo de obra que costuma atrasar";
WAY 364;2026,0;planejado;28486,0;3.4.11.3;Equipamentos de Radiocomunicação  - 4 unidades PRF 2 unidades ANTT;BR-060;Equipamentos de Radiocomunicação;;;100,0;0;0,0;0,0;0,0601610364210062;False;"Prazo previsto curto; Tipo de obra que costuma atrasar";
ECOVIAS RIO MINAS;2025,0;planejado;15221,0;3.1.3;Conclusão da Ponte s/Canal Magé, km 20,282 - trecho da Duplicação da via;BR-493/RJ;Complementação de Obra-de-Arte Especial;0,036;;100,0;0;0,0;0,0;0,05933397267516534;False;"Projeto executivo não concluído; Prazo previsto curto; Tipo de obra que costuma atrasar";
ECOVIAS RIO MINAS;2025,0;planejado;15224,0;3.1.3;Conclusão do Viaduto s/Linha Férrea, km 24,811 - trecho da Duplicação da via;BR-493/RJ;Complementação de Obra-de-Arte Especial;0,036;;100,0;0;0,0;0,0;0,05933397267516534;False;"Projeto executivo não concluído; Prazo previsto curto; Tipo de obra que costuma atrasar";
WAY 364;2026,0;planejado;26902,0;3.4.10.2;Fornecimento de veículos para o fiscalização da ANTT - 2;BR-060/GO;Veículos de Fiscalização da ANTT;;;100,0;0;0,0;0,0;0,05909445658339733;False;Prazo previsto curto;
WAY 153;2026,0;planejado;28281,0;3.4.1.1;CCO - Centro de Controle Operacional;BR-153;Centro de Controle Operacional;;;100,0;0;0,0;0,0;0,05787652964950717;False;Prazo previsto curto;
VIA ARAUCÁRIA;2026,0;planejado;6849,0;3.1.2.H;H. Trevo;PR-418;Retorno em Desnível;0,0;;100,0;0;0,0;0,0;0,0578568903891934;False;"Meta espalhada por muitos meses; Prazo previsto curto; Ausência de: taxa histórica de atraso da concessionária";
VIA ARAUCÁRIA;2026,0;planejado;6875,0;3.1.2.I;I. Passagem em Desnível;PR-423;Retorno em Desnível;0,0;;100,0;0;0,0;0,0;0,0578568903891934;False;"Meta espalhada por muitos meses; Prazo previsto curto; Ausência de: taxa histórica de atraso da concessionária";
ECOVIAS RIO MINAS;2025,0;planejado;15245,0;3.2.1;Construção do Viaduto s/Linha Férrea, km 411,99 - trecho da Duplicação da via;BR-116/MG;Nova Obra-de-Arte Especial;0,09;;100,0;0;0,0;0,0;0,05770197312258457;False;"Projeto executivo não concluído; Meta espalhada por muitos meses; Prazo previsto curto";
ECOVIAS RIO MINAS;2025,0;planejado;15153,0;3.1.3;Conclusão da Ponte s/Canal Roncador, km 21,716 da Rod. BR-493/RJ, no trecho da Duplicação da via;BR-493/RJ;Complementação de Obra-de-Arte Especial;0,02;;100,0;0;0,0;0,0;0,057395660894916815;False;"Projeto executivo não concluído; Prazo previsto curto; Tipo de obra que costuma atrasar";
ECOVIAS RIO MINAS;2025,0;planejado;15223,0;3.1.3;Conclusão da Ponte s/Rio Iriri, km 24,274 - trecho da Duplicação da via;BR-493/RJ;Complementação de Obra-de-Arte Especial;0,021;;100,0;0;0,0;0,0;0,057395660894916815;False;"Projeto executivo não concluído; Prazo previsto curto; Tipo de obra que costuma atrasar";
VIA SUL;2026,0;planejado;13154,0;3.2.1.2;Interconexão Tipo Diamante - km 432+900 - Nova Santa Rita ID-15;BR-386/RS;Interseção em Desnível;;;13,77;0;0,0;0,0;0,05583603384361505;False;"Meta anual pequena (obra em fase inicial/final); Projeto executivo não concluído; Prazo previsto curto";
ECOVIAS RIO MINAS;2025,0;planejado;15248,0;3.1.3;Implantação de passeio para pedestres - Ponte sobre Rio (seco) - km 22+067 da BR465/RJ;BR-465/RJ;Recuperação ou Manutenção de Obra-de-Arte Especial;0,008;;100,0;0;0,0;0,0;0,055317683468052346;False;Prazo previsto curto;
ECOVIAS DAS GERAIS;2026,0;planejado;28507,0;3.4.3.1;Base de Serviços Operacionais (BSO/SAU);BR-116/MG;Base de Serviços Operacionais com Atendimento aos Usuários;;;100,0;0;0,0;0,0;0,054597673379730205;False;"Licenciamento ambiental pendente; Prazo previsto curto";
ECOVIAS DAS GERAIS;2026,0;planejado;28502,0;3.4.3.1;Base de Serviços Operacionais (BSO/SAU);BR-251/MG;Base de Serviços Operacionais com Atendimento aos Usuários;;;100,0;0;0,0;0,0;0,054597673379730205;False;"Licenciamento ambiental pendente; Prazo previsto curto";
ECOVIAS DAS GERAIS;2026,0;planejado;28503,0;3.4.3.1;Base de Serviços Operacionais (BSO/SAU);BR-116/MG;Base de Serviços Operacionais com Atendimento aos Usuários;;;100,0;0;0,0;0,0;0,054597673379730205;False;"Licenciamento ambiental pendente; Prazo previsto curto";
ECOVIAS DAS GERAIS;2026,0;planejado;28508,0;3.4.3.1;Base de Serviços Operacionais (BSO/SAU);BR-116/MG;Base de Serviços Operacionais com Atendimento aos Usuários;;;100,0;0;0,0;0,0;0,054597673379730205;False;"Licenciamento ambiental pendente; Prazo previsto curto";
ECOVIAS DAS GERAIS;2026,0;planejado;28509,0;3.4.3.1;Base de Serviços Operacionais (BSO/SAU);BR-116/MG;Base de Serviços Operacionais com Atendimento aos Usuários;;;100,0;0;0,0;0,0;0,054597673379730205;False;"Licenciamento ambiental pendente; Prazo previsto curto";
ECOVIAS DAS GERAIS;2026,0;planejado;28504,0;3.4.3.1;Base de Serviços Operacionais (BSO/SAU);BR-116/MG;Base de Serviços Operacionais com Atendimento aos Usuários;;;100,0;0;0,0;0,0;0,054597673379730205;False;"Licenciamento ambiental pendente; Prazo previsto curto";
ECOVIAS DAS GERAIS;2026,0;planejado;28505,0;3.4.3.1;Base de Serviços Operacionais (BSO/SAU);BR-116/MG;Base de Serviços Operacionais com Atendimento aos Usuários;;;100,0;0;0,0;0,0;0,054597673379730205;False;"Licenciamento ambiental pendente; Prazo previsto curto";
ECOVIAS DAS GERAIS;2026,0;planejado;28498,0;3.4.3.1;Base de Serviços Operacionais (BSO/SAU);BR-251/MG;Base de Serviços Operacionais com Atendimento aos Usuários;;;100,0;0;0,0;0,0;0,054597673379730205;False;"Licenciamento ambiental pendente; Prazo previsto curto";
ECOVIAS DAS GERAIS;2026,0;planejado;28496,0;3.4.3.1;Base de Serviços Operacionais (BSO/SAU);BR-251/MG;Base de Serviços Operacionais com Atendimento aos Usuários;;;100,0;0;0,0;0,0;0,054597673379730205;False;"Licenciamento ambiental pendente; Prazo previsto curto";
ECOVIAS DAS GERAIS;2026,0;planejado;28499,0;3.4.3.1;Base de Serviços Operacionais (BSO/SAU);BR-251/MG;Base de Serviços Operacionais com Atendimento aos Usuários;;;100,0;0;0,0;0,0;0,054597673379730205;False;"Licenciamento ambiental pendente; Prazo previsto curto";
ECOVIAS DAS GERAIS;2026,0;planejado;28501,0;3.4.3.1;Base de Serviços Operacionais (BSO/SAU);BR-251/MG;Base de Serviços Operacionais com Atendimento aos Usuários;;;100,0;0;0,0;0,0;0,054597673379730205;False;"Licenciamento ambiental pendente; Prazo previsto curto";
ECOVIAS DAS GERAIS;2026,0;planejado;28500,0;3.4.3.1;Base de Serviços Operacionais (BSO/SAU);BR-251/MG;Base de Serviços Operacionais com Atendimento aos Usuários;;;100,0;0;0,0;0,0;0,054597673379730205;False;"Licenciamento ambiental pendente; Prazo previsto curto";
ECOVIAS DAS GERAIS;2026,0;planejado;28497,0;3.4.3.1;Base de Serviços Operacionais (BSO/SAU);BR-251/MG;Base de Serviços Operacionais com Atendimento aos Usuários;;;100,0;0;0,0;0,0;0,054597673379730205;False;"Licenciamento ambiental pendente; Prazo previsto curto";
ECOVIAS RIO MINAS;2025,0;planejado;15154,0;3.1.3;Alarg. e ref. Ponte s/Rio Iriri, km 24,275 da Rod. BR-493/RJ, no trecho da Duplicação da via;BR-493/RJ;Recuperação ou Manutenção de Obra-de-Arte Especial;0,015;;100,0;0;0,0;0,0;0,05369657021800271;False;"Projeto executivo não concluído; Prazo previsto curto";
ECOVIAS DAS GERAIS;2026,0;planejado;28515,0;3.4.5.1;Praça de Pedágio - Catuji;BR-116/MG;Praça de Pedágio;;;100,0;0;0,0;0,0;0,05267965856685684;False;"Licenciamento ambiental pendente; Prazo previsto curto";
ECOVIAS DAS GERAIS;2026,0;planejado;28514,0;3.4.5.1;Praça de Pedágio - Itambacuri;BR-116/MG;Praça de Pedágio;;;100,0;0;0,0;0,0;0,05267965856685684;False;"Licenciamento ambiental pendente; Prazo previsto curto";
ECOVIAS DAS GERAIS;2026,0;planejado;28513,0;3.4.5.1;Praça de Pedágio - Governador Valadares;BR-116/MG;Praça de Pedágio;;;100,0;0;0,0;0,0;0,05267965856685684;False;"Licenciamento ambiental pendente; Prazo previsto curto";
ECOVIAS DAS GERAIS;2026,0;planejado;28521,0;3.4.5.1;Praça de Pedágio - Francisco Sá;BR-251/MG;Praça de Pedágio;;;100,0;0;0,0;0,0;0,05267965856685684;False;"Licenciamento ambiental pendente; Prazo previsto curto";
ECOVIAS DAS GERAIS;2026,0;planejado;28519,0;3.4.5.1;Praça de Pedágio - Salinas;BR-251/MG;Praça de Pedágio;;;100,0;0;0,0;0,0;0,05267965856685684;False;"Licenciamento ambiental pendente; Prazo previsto curto";
ECOVIAS DAS GERAIS;2026,0;planejado;28520,0;3.4.5.1;Praça de Pedágio - Grão Mogol;BR-251/MG;Praça de Pedágio;;;100,0;0;0,0;0,0;0,05267965856685684;False;"Licenciamento ambiental pendente; Prazo previsto curto";
ECOVIAS DAS GERAIS;2026,0;planejado;28518,0;3.4.5.1;Praça de Pedágio - Santa Cruz de Salinas;BR-251/MG;Praça de Pedágio;;;100,0;0;0,0;0,0;0,05267965856685684;False;"Licenciamento ambiental pendente; Prazo previsto curto";
ECOVIAS DAS GERAIS;2026,0;planejado;28516,0;3.4.5.1;Praça de Pedágio - Itaobim;BR-116/MG;Praça de Pedágio;;;100,0;0;0,0;0,0;0,05267965856685684;False;"Licenciamento ambiental pendente; Prazo previsto curto";
ECOVIAS DAS GERAIS;2026,0;planejado;28517,0;3.4.5.1;Praça de Pedágio - Medina;BR-116/MG;Praça de Pedágio;;;100,0;0;0,0;0,0;0,05267965856685684;False;"Licenciamento ambiental pendente; Prazo previsto curto";
WAY 262;2026,0;planejado;23527,0;3.2.2;R. OAE;BR-262/MG;Reforço/Alargamento de Obra-de-Arte Especial;0,0;;100,0;0;0,0;0,0;0,050092336233148696;False;"Prazo previsto curto; Tipo de obra que costuma atrasar";
EPR IGUAÇU;2025,0;em andamento;17563,0;3.4.5.1;Praça de Pedágio 05 - Cascavel - Existente;BR-277/PR;Reforma/Adequação de Praça de Pedágio;;;100,0;9;100,0;100,0;0,049228315196382086;False;"Licenciamento ambiental pendente; Prazo previsto curto";
EPR IGUAÇU;2025,0;em andamento;17560,0;3.4.5.1;Praça de Pedágio 02 - Prudentópolis - Existente;BR-277/PR;Reforma/Adequação de Praça de Pedágio;;;100,0;9;100,0;100,0;0,049228315196382086;False;"Licenciamento ambiental pendente; Prazo previsto curto";
EPR IGUAÇU;2025,0;em andamento;17561,0;3.4.5.1;Praça de Pedágio 03 - Candói - Existente;BR-277/PR;Reforma/Adequação de Praça de Pedágio;;;100,0;9;100,0;100,0;0,049228315196382086;False;"Licenciamento ambiental pendente; Prazo previsto curto";
EPR IGUAÇU;2025,0;em andamento;17564,0;3.4.5.1;Praça de Pedágio 06 - Céu Azul - Existente;BR-277/PR;Reforma/Adequação de Praça de Pedágio;;;100,0;9;100,0;100,0;0,049228315196382086;False;"Licenciamento ambiental pendente; Prazo previsto curto";
EPR IGUAÇU;2025,0;em andamento;17565,0;3.4.5.1;Praça de Pedágio 07 - São Miguel do Iguaçu - Existente;BR-277/PR;Reforma/Adequação de Praça de Pedágio;;;100,0;9;100,0;100,0;0,049228315196382086;False;"Licenciamento ambiental pendente; Prazo previsto curto";
EPR IGUAÇU;2025,0;em andamento;17562,0;3.4.5.1;Praça de Pedágio 04 - Laranjeiras do Sul - Existente;BR-277/PR;Reforma/Adequação de Praça de Pedágio;;;100,0;9;100,0;100,0;0,049228315196382086;False;"Licenciamento ambiental pendente; Prazo previsto curto";
VIA SUL;2026,0;planejado;171,0;3.2.1.2;Melhoria em Acesso - km 232+590 LD - Soledade ID-09;BR-386/RS;Melhoria em Acesso (local definido);;;100,0;0;0,0;0,0;0,04793490562274787;False;"Meta espalhada por muitos meses; Prazo previsto curto";
VIA SUL;2026,0;planejado;170,0;3.2.1.2;Melhoria em Acesso - km 226+150 LE - Soledade ID-07;BR-386/RS;Melhoria em Acesso (local definido);;;100,0;0;0,0;0,0;0,04793490562274787;False;"Meta espalhada por muitos meses; Prazo previsto curto";
VIA SUL;2026,0;planejado;172,0;3.2.1.2;Melhoria em Acesso - km 232+590 LE - Soledade ID-08;BR-386/RS;Melhoria em Acesso (local definido);;;100,0;0;0,0;0,0;0,04793490562274787;False;"Meta espalhada por muitos meses; Prazo previsto curto";
EPR PARANÁ;2026,0;planejado;27905,0;3.4.5.1;Tratam-se de dois pórticos implantados em posições distintas, um em cada sentido: Pórtico (Leste)	177,990 Pórtico (Oeste)	177,200  Em substituição Praça de Pedágio - Arapongas;BR-369/PR;Pórtico de Livre Passagem (Free Flow);;;100,0;0;0,0;0,0;0,04729386970618258;False;"Projeto executivo não concluído; Prazo previsto curto";
EPR PARANÁ;2026,0;planejado;27900,0;3.4.5.1;Tratam-se de dois pórticos implantados em posições distintas, um em cada sentido: Pórtico (Leste)	200,500 Pórtico (Oeste)	195,980 Em substituição praça convencional de Mandaguari.;BR-376;Pórtico de Livre Passagem (Free Flow);;;100,0;0;0,0;0,0;0,04729386970618258;False;"Projeto executivo não concluído; Prazo previsto curto";
EPR PARANÁ;2026,0;planejado;27902,0;3.4.5.1;Tratam-se de dois pórticos implantados em posições distintas, um em cada sentido: Pórtico (Leste)	126,340 Pórtico (Oeste)	126,680  Em substituição Praça de Pedágio - Jataizinho;BR-369;Pórtico de Livre Passagem (Free Flow);;;100,0;0;0,0;0,0;0,04729386970618258;False;"Projeto executivo não concluído; Prazo previsto curto";
EPR PARANÁ;2026,0;planejado;27901,0;3.4.5.1;Tratam-se de dois pórticos implantados em posições distintas, um em cada sentido: Pórtico (Leste)	145,780 Pórtico (Oeste)	150,800 Em substituição Praça de Pedágio - Pres. Castelo Branco;BR-376/PR;Pórtico de Livre Passagem (Free Flow);;;100,0;0;0,0;0,0;0,04729386970618258;False;"Projeto executivo não concluído; Prazo previsto curto";
ECOVIAS DO CERRADO;2026,0;planejado;7109,0;3.2.1.4;Implantação de Acostamento - Trecho homogêneo 7;BR-364/GO;Novo Acostamento;36,0;;0,2;0;0,0;0,0;0,046510816984147454;False;"Meta anual pequena (obra em fase inicial/final); Projeto executivo não concluído; Prazo previsto curto";
ECOVIAS DAS GERAIS;2026,0;planejado;28537,0;3.4.11.1;Adequação de Delegacia da Polícia Rodoviária Federal;BR-251/MG;Reforma/Adequação de Delegacia da Polícia Rodoviária Federal;;;100,0;0;0,0;0,0;0,04603782579553162;False;"Prazo previsto curto; Tipo de obra que costuma atrasar";
ECOVIAS RIO MINAS;2025,0;planejado;15149,0;3.1.3;Alarg. e ref. Ponte s/Canal Magé, km 20,248 da Rod. BR-493/RJ, no trecho da Duplicação da via;BR-493/RJ;Recuperação ou Manutenção de Obra-de-Arte Especial;0,037;;100,0;0;0,0;0,0;0,04570114511244728;False;"Projeto executivo não concluído; Prazo previsto curto";
ECOVIAS RIO MINAS;2025,0;planejado;15146,0;3.1.3;Alarg. e ref. Ponte s/Canal Magé Mirim, km 18,935 da Rod. BR-493/RJ, no trecho da Duplicação da via;BR-493/RJ;Recuperação ou Manutenção de Obra-de-Arte Especial;0,031;;100,0;0;0,0;0,0;0,04570114511244728;False;"Projeto executivo não concluído; Prazo previsto curto";
ECOVIAS DAS GERAIS;2026,0;planejado;28549,0;3.4.11.2;Veiculo PRF - 8 unidades;BR-116/MG;Veículos da Polícia Rodoviária Federal;;;100,0;0;0,0;0,0;0,045493220199194766;False;Prazo previsto curto;
VIA SUL;2026,0;planejado;167,0;3.2.1.2;Interconexão Tipo Diamante - km 243+600 - Soledade ID-05;BR-386/RS;Interseção em Desnível;;;100,0;0;0,0;0,0;0,045273769046549894;False;"Meta espalhada por muitos meses; Prazo previsto curto";
WAY 364;2026,0;planejado;26877,0;3.4.2.6;PMVm - Painel de Mensagem Variável - móvel: Aquisição e operacionalização de painéis do tipo móvel, para atender situações especiais do Sistema Rodoviário - Quantitativos Mínimo: 5 Equipamentos;BR-060/GO;Painel de Mensagens Variáveis Móvel;;;100,0;0;0,0;0,0;0,045209588300988014;False;Prazo previsto curto;
WAY 262;2025,0;em andamento;17704,0;3.4.3.1;BSO 06 - Reforma;BR-262/MG;Reforma/Adequação de Base de Serviços Operacionais com Atendimento aos Usuários;;;100,0;11;100,0;100,0;0,044666651036421104;False;"Projeto executivo não concluído; Prazo previsto curto";
ECOVIAS RIO MINAS;2025,0;planejado;15152,0;3.1.3;Recup. e ref. Ponte s/Canal Roncador, km 21,710 da Rod. BR-493/RJ, no trecho da Duplicação da via;BR-493/RJ;Recuperação ou Manutenção de Obra-de-Arte Especial;0,02;;100,0;0;0,0;0,0;0,044187267847794524;False;"Projeto executivo não concluído; Prazo previsto curto";
ECOVIAS DO ARAGUAIA;2025,0;planejado;28349,0;3.4.3.4;SDA - Sistema de Detecção de Altura;BR-153/GO;Sistema de Detecção de Altura;0,0;;100,0;0;0,0;0,0;0,043667359540104374;False;"Prazo previsto curto; Tipo de obra que costuma atrasar";
VIA CAMPO;2026,0;planejado;26954,0;3.4.10.2;Fornecimento de veículos para o fiscalização da ANTT - 1;BR-163/PR;Veículos de Fiscalização da ANTT;;;100,0;0;0,0;0,0;0,0436631941957406;False;Prazo previsto curto;
ECOVIAS DAS GERAIS;2026,0;planejado;28528,0;3.4.10.2;Fornecimento de veículos para o fiscalização da ANTT - 2;BR-116/MG;Veículos de Fiscalização da ANTT;;;100,0;0;0,0;0,0;0,0436631941957406;False;Prazo previsto curto;
ECOVIAS DAS GERAIS;2026,0;planejado;28493,0;3.4.2.6;PMVm - Painel de Mensagem Variável - móvel: Aquisição e operacionalização de painéis do tipo móvel, para atender situações especiais do Sistema Rodoviário - Quantitativos Mínimo: 14 Equipamentos;BR-116/MG;Painel de Mensagens Variáveis Móvel;;;100,0;0;0,0;0,0;0,0436631941957406;False;Prazo previsto curto;
VIA CAMPO;2026,0;planejado;26929,0;3.4.2.6;PMVm - Painel de Mensagem Variável - móvel: Aquisição e operacionalização de painéis do tipo móvel, para atender situações especiais do Sistema Rodoviário - Quantitativos Mínimo: 10 Equipamentos;BR-163/PR;Painel de Mensagens Variáveis Móvel;;;100,0;0;0,0;0,0;0,0436631941957406;False;Prazo previsto curto;Foram entregues 10 painéis de mensagens variáveis móvel.
ECOVIAS RIO MINAS;2025,0;planejado;15217,0;3.2.1;Implantação da Ponte s/Rio Caceribu, km 7,831 - trecho da duplicação da via;BR-493/RJ;Nova Obra-de-Arte Especial;0,254;;9,0;0;0,0;0,0;0,04362320996097836;False;"Meta anual pequena (obra em fase inicial/final); Projeto executivo não concluído; Prazo previsto curto";
ECOVIAS RIO MINAS;2025,0;planejado;14241,0;3.2.1;Viaduto s/RFFSA - Fx. Adic. - tr. km 174,33 ao km 178,43 SNV2022 (PER km 167,300 ao km 171,400);BR-116/RJ;Alargamento de Obra-de-Arte Especial;0,101;;100,0;0;0,0;0,0;0,04312150946643654;False;"Tipo de obra que costuma atrasar; Projeto executivo não concluído; Prazo previsto curto";
ECOVIAS RIO MINAS;2025,0;planejado;14242,0;3.2.1;Viaduto s/RFFSA - Fx. Adic. - tr. km 174,33 ao km 178,43 SNV2022 (PER km 167,300 ao km 171,400);BR-116/RJ;Alargamento de Obra-de-Arte Especial;0,1;;100,0;0;0,0;0,0;0,04312150946643654;False;"Tipo de obra que costuma atrasar; Projeto executivo não concluído; Prazo previsto curto";
WAY 364;2026,0;planejado;28485,0;3.4.1.1;CCO - Centro de Controle Operacional;BR-060;Centro de Controle Operacional;;;100,0;0;0,0;0,0;0,04274885346403684;False;Prazo previsto curto;
ECOVIAS DAS GERAIS;2026,0;planejado;28487,0;3.4.1.1;CCO - Centro de Controle Operacional;BR-116/MG;Centro de Controle Operacional;;;100,0;0;0,0;0,0;0,04274885346403684;False;Prazo previsto curto;
WAY 364;2026,0;planejado;26895,0;3.4.5.1;Praça de Pedágio - Alto Garças;BR-364/MT;Praça de Pedágio;;;100,0;0;0,0;0,0;0,04269296487259983;False;Prazo previsto curto;
WAY 364;2026,0;planejado;26892,0;3.4.5.1;Praça de Pedágio - Jataí;BR-060/GO;Praça de Pedágio;;;100,0;0;0,0;0,0;0,04269296487259983;False;Prazo previsto curto;
WAY 364;2026,0;planejado;26878,0;3.4.2.8;SCV - Sistema de Controle de Velocidade: Implantação de um sistema de controle automático de velocidade (com tecnologia tipo OCR ou superior) de veículos composto pelas unidades de monitoração eletrônica de velocidade do tipo radar fixo ou redutor eletrônico de velocidade (barreira ou lombada eletrônica). Quantitativo Mínimo: 17 Equipamentos;BR-060/GO;Sistema de Controle de Velocidade;;;100,0;0;0,0;0,0;0,04269296487259983;False;Prazo previsto curto;
WAY 364;2026,0;planejado;26896,0;3.4.5.1;Praça de Pedágio - Pedra Preta;BR-364/MT;Praça de Pedágio;;;100,0;0;0,0;0,0;0,04269296487259983;False;Prazo previsto curto;
WAY 364;2026,0;planejado;26894,0;3.4.5.1;Praça de Pedágio - Portelândia;BR-364/GO;Praça de Pedágio;;;100,0;0;0,0;0,0;0,04269296487259983;False;Prazo previsto curto;
WAY 364;2026,0;planejado;26893,0;3.4.5.1;Praça de Pedágio - Jataí;BR-364/GO;Praça de Pedágio;;;100,0;0;0,0;0,0;0,04269296487259983;False;Prazo previsto curto;
VIA CAMPO;2026,0;planejado;26947,0;3.4.5.1;Praça de Pedágio - Corbelia;BR-369/PR;Praça de Pedágio;;;100,0;0;0,0;0,0;0,04122893479914831;False;Prazo previsto curto;
VIA CAMPO;2026,0;planejado;26949,0;3.4.5.1;Praça de Pedágio - Floresta;PR-317/PR;Praça de Pedágio;;;100,0;0;0,0;0,0;0,04122893479914831;False;Prazo previsto curto;
ECOVIAS DAS GERAIS;2026,0;planejado;28494,0;3.4.2.7;SDA - Sistema de Detecção de Altura: Implantação de sistema de detecção de altura, instalando um equipamento para aferição na entrada do posto e outro para conferência nas proximidades da balança de precisão, antes da saída, de todos os postos de pesagem fixos. Quantitativo Mínimo: 4;BR-116/MG;Sistema de Detecção de Altura;;;100,0;0;0,0;0,0;0,04122893479914831;False;Prazo previsto curto;
VIA CAMPO;2026,0;planejado;26948,0;3.4.5.1;Praça de Pedágio - Mamborê;BR-369/PR;Praça de Pedágio;;;100,0;0;0,0;0,0;0,04122893479914831;False;Prazo previsto curto;
ECOVIAS DAS GERAIS;2026,0;planejado;28495,0;3.4.2.8;SCV - Sistema de Controle de Velocidade: Implantação de um sistema de controle automático de velocidade (com tecnologia tipo OCR ou superior) de veículos composto pelas unidades de monitoração eletrônica de velocidade do tipo radar fixo ou redutor eletrônico de velocidade (barreira ou lombada eletrônica). Quantitativo Mínimo: 74 Equipamentos;BR-116/MG;Sistema de Controle de Velocidade;;;100,0;0;0,0;0,0;0,04122893479914831;False;Prazo previsto curto;
ECOVIAS RIO MINAS;2025,0;planejado;13692,0;3.4.6.1;Reforma de Posto de Pesagem Existente - Teresópolis/RJ;BR-116/RJ;Reforma/Adequação de Posto de Pesagem Veicular;;;100,0;0;0,0;0,0;0,03848979333129336;False;"Prazo previsto curto; Tipo de obra que costuma atrasar";
ELOVIAS;2025,0;em andamento;23701,0;3.4.2.10;SMM - Sistema de Monitoramento Meteorológico;BR-040/RJ;Sistema de Monitoramento Meteorológico;;;100,0;9;100,0;100,0;0,03848979333129336;False;"Prazo previsto curto; Tipo de obra que costuma atrasar";
ECOVIAS RIO MINAS;2025,0;planejado;13691,0;3.4.6.1;Reforma de Posto de Pesagem Existente - Além Paraíba/MG;BR-116/MG;Reforma/Adequação de Posto de Pesagem Veicular;;;100,0;0;0,0;0,0;0,03848979333129336;False;"Prazo previsto curto; Tipo de obra que costuma atrasar";
ECOVIAS RIO MINAS;2025,0;planejado;13690,0;3.4.6.2;Implantação de Posto de Pesagem Veicular Fixo - Itamuri/MG;BR-116/MG;Posto de Pesagem Veicular;;;100,0;0;0,0;0,0;0,03848979333129336;False;"Prazo previsto curto; Tipo de obra que costuma atrasar";
ECOVIAS PONTE;2025,0;planejado;8389,0;3.2.23;Obra Reforço de Protensão Adicional das Aduelas no Momento Negativo;BR-101/RJ;Recuperação ou Manutenção de Obra-de-Arte Especial;13,0;46780496,45;8,33;0;0,0;0,0;0,036922826738318766;False;"Meta anual pequena (obra em fase inicial/final); Prazo previsto curto";
ECOVIAS DO CERRADO;2026,0;planejado;13193,0;3.1.3;Reforço e Alargamento de OAE, Ponte sobre o Rio Matriz BR-364/GO;BR-364/GO;Recuperação ou Manutenção de Obra-de-Arte Especial;1,0;;100,0;0;0,0;0,0;0,036513618779342116;False;"Prazo previsto curto; Tipo de obra que costuma atrasar";
ECOVIAS DO CERRADO;2024,0;planejado;7281,0;3.2.1.4;Rotatórias Alongadas - Acesso Aparecida do Rio Doce: RA-2A (2 acessos);BR-364/GO;Rotatória em Nível;;;100,0;0;0,0;0,0;0,03540013093850573;False;"Meta espalhada por muitos meses; Tipo de obra que costuma atrasar";
EPR PARANÁ;2026,0;planejado;25443,0;3.4.3.1;Base de Serviços Operacionais (BSO/SAU);PR-897/PR;Base de Serviços Operacionais com Atendimento aos Usuários;;;100,0;0;0,0;0,0;0,03531405366315797;False;"Projeto executivo não concluído; Prazo previsto curto";
ECOVIAS RIO MINAS;2026,0;planejado;12859,0;3.2.2;A. Travessias Urbanas - Guapimirim;BR-116/RJ;Iluminação de Travessias Urbanas;11,132;;100,0;0;0,0;0,0;0,03493597462688303;False;"Tipo de obra que costuma atrasar; Meta espalhada por muitos meses; Prazo previsto curto";
ECOVIAS DAS GERAIS;2026,0;planejado;28536,0;3.4.11.1;Adequação com construção de Cobertura - Edificação Construção - UOP;BR-251/MG;Reforma/Adequação de Unidade Operacional da Polícia Rodoviária Federal;;;100,0;0;0,0;0,0;0,03468629556525077;False;Prazo previsto curto;
WAY 262;2025,0;em andamento;17700,0;3.4.3.1;BSO 02 - Implantação;BR-262/MG;Base de Serviços Operacionais com Atendimento aos Usuários;;;100,0;11;100,0;100,0;0,03420968264731923;False;"Projeto executivo não concluído; Prazo previsto curto";
WAY 364;2026,0;planejado;26891,0;3.4.4;Sistema de Comunicação de usuário 3.4.4.1 Sistemas de Comunicação /Site na Internet 3.4.4.2 Sistema de Informações aos Usuários  3.4.4.3 Sistema de Manifestações dos Usuários  3.4.4.4 Função de chamada de Emergência;BR-060/GO;Sistema de Comunicação com o  Usuário;0,0;;100,0;0;0,0;0,0;0,03273259802158113;False;Prazo previsto curto;
WAY 364;2026,0;planejado;26899,0;3.4.7.1;Rede de Fibra Ótica;BR-060/GO;Fibra Ótica;0,0;;100,0;0;0,0;0,0;0,03155706327367006;False;Prazo previsto curto;
WAY 364;2026,0;planejado;26900,0;3.4.7.2;Sistema de Comunicação Wireless ao longo da Rodovia;BR-060/GO;Sistema de Comunicação Wireless;0,0;;100,0;0;0,0;0,0;0,031247657218332305;False;Prazo previsto curto;
WAY 262;2025,0;em andamento;17694,0;3.4.5.1;Praça de Pedágio 2 - Implantação;BR-262/MG;Praça de Pedágio;1,0;;100,0;11;100,0;100,0;0,030749469378321712;False;Prazo previsto curto;
WAY 262;2025,0;em andamento;17695,0;3.4.5.1;Praça de Pedágio 3 - Reforma;BR-262/MG;Reforma/Adequação de Praça de Pedágio;;;100,0;11;100,0;100,0;0,02930124669125008;False;Prazo previsto curto;
WAY 262;2025,0;em andamento;17696,0;3.4.5.1;Praça de Pedágio 4 - Reforma;BR-262/MG;Reforma/Adequação de Praça de Pedágio;;;100,0;11;100,0;100,0;0,02930124669125008;False;Prazo previsto curto;
WAY 262;2025,0;em andamento;17693,0;3.4.5.1;Praça de pedágio 1 - Reforma;BR-262/MG;Reforma/Adequação de Praça de Pedágio;;;100,0;11;100,0;100,0;0,02930124669125008;False;Prazo previsto curto;
WAY 262;2025,0;em andamento;18401,0;3.4.2.8;SCV - Sistema de Controle de Velocidade - 15 unidades;BR-262/MG;Sistema de Controle de Velocidade;;;100,0;11;100,0;100,0;0,028942913099033265;False;Prazo previsto curto;
ELOVIAS;2025,0;em andamento;23695,0;3.4.2.4;CFTV - Circuito Fechado de TV;BR-040/RJ;Sistema de Circuito Fechado de TV;;;100,0;9;100,0;100,0;0,028678637241976616;False;Prazo previsto curto;
ECOVIAS RIO MINAS;2025,0;planejado;15219,0;3.1.3;Conclusão da Ponte s/Rio Guaraí, km 10,138 - trecho da duplicação da via;BR-493/RJ;Complementação de Obra-de-Arte Especial;0,147;;100,0;0;0,0;0,0;0,02764518290386596;False;"Projeto executivo não concluído; Prazo previsto curto; Tipo de obra que costuma atrasar";
WAY 262;2025,0;em andamento;17705,0;3.4.3.1;BSO  07  - Reforma;BR-262/MG;Reforma/Adequação de Base de Serviços Operacionais com Atendimento aos Usuários;;;100,0;11;100,0;100,0;0,027644532501255797;False;Prazo previsto curto;
WAY 262;2025,0;em andamento;17764,0;3.4.1.1;CCO - Centro de Controle Operacional;BR-262/MG;Centro de Controle Operacional;;;100,0;11;100,0;100,0;0,027644532501255797;False;Prazo previsto curto;
WAY 262;2025,0;em andamento;17707,0;3.4.3.1;BSO 09 - Reforma;BR-262/MG;Reforma/Adequação de Base de Serviços Operacionais com Atendimento aos Usuários;;;100,0;11;100,0;100,0;0,027644532501255797;False;Prazo previsto curto;
WAY 262;2025,0;em andamento;17703,0;3.4.3.1;BSO 05 - Reforma;BR-262/MG;Reforma/Adequação de Base de Serviços Operacionais com Atendimento aos Usuários;;;100,0;11;100,0;100,0;0,027644532501255797;False;Prazo previsto curto;
WAY 262;2025,0;em andamento;18389,0;3.4.10.2;Fornecimento e manutenção de veículos para a fiscalização da ANTT;BR-262/MG;Veículos de Fiscalização da ANTT;;;100,0;11;100,0;100,0;0,027644532501255797;False;Prazo previsto curto;
WAY 262;2025,0;em andamento;17706,0;3.4.3.1;BSO 08 - Reforma;BR-262/MG;Reforma/Adequação de Base de Serviços Operacionais com Atendimento aos Usuários;;;100,0;11;100,0;100,0;0,027644532501255797;False;Prazo previsto curto;
WAY 262;2025,0;em andamento;17702,0;3.4.3.1;BSO 04 - Reforma;BR-262/MG;Reforma/Adequação de Base de Serviços Operacionais com Atendimento aos Usuários;;;100,0;11;100,0;100,0;0,027644532501255797;False;Prazo previsto curto;
EPR IGUAÇU;2025,0;em andamento;17716,0;3.4.10.2;Veículos de Fiscalização da ANTT - 1 un.;BR-277/PR;Veículos de Fiscalização da ANTT;;;100,0;9;100,0;100,0;0,027644532501255797;False;Prazo previsto curto;
WAY 262;2025,0;em andamento;17697,0;3.4.5.1;Praça de Pedágio 5 - Implantação;BR-262/MG;Praça de Pedágio;;;100,0;11;100,0;100,0;0,027644532501255797;False;Prazo previsto curto;
WAY 262;2025,0;em andamento;17701,0;3.4.3.1;BSO 03 - Reforma;BR-262/MG;Reforma/Adequação de Base de Serviços Operacionais com Atendimento aos Usuários;;;100,0;11;100,0;100,0;0,027644532501255797;False;Prazo previsto curto;
EPR IGUAÇU;2025,0;em andamento;17708,0;3.4.2.6;PMVm - Painel de Mensagem Variável - móvel - quantidade mínima 7 equipamentos;BR-277/PR;Painel de Mensagens Variáveis Móvel;;;100,0;9;100,0;100,0;0,027644532501255797;False;Prazo previsto curto;7 móveis 7 móveis 7 móveis 7 móveis 7 móveis 7 móveis
WAY 262;2025,0;em andamento;17699,0;3.4.3.1;BSO 01 - Reforma;BR-262/MG;Reforma/Adequação de Base de Serviços Operacionais com Atendimento aos Usuários;;;100,0;11;100,0;100,0;0,027644532501255797;False;Prazo previsto curto;
ELOVIAS;2025,0;em andamento;23693,0;3.4.2.2;SAT - Sistema de Análise de Tráfego;BR-040/RJ;Sistema de Detecção e Sensoriamento de Pista;;;100,0;9;100,0;100,0;0,027644532501255797;False;Prazo previsto curto;
ECOVIAS RIO MINAS;2025,0;planejado;15222,0;3.2.1;Ponte s/Rio Roncador, km 21,448 - trecho da Duplicação da via;BR-493/RJ;Nova Obra-de-Arte Especial;0,076;;100,0;0;0,0;0,0;0,027314638471574868;False;"Projeto executivo não concluído; Prazo previsto curto";
ECOVIAS RIO MINAS;2025,0;planejado;15151,0;3.1.3;Recup. e ref. Ponte s/Rio Roncador, km 21,445 da Rod. BR-493/RJ, no trecho da Duplicação da via;BR-493/RJ;Recuperação ou Manutenção de Obra-de-Arte Especial;0,077;;100,0;0;0,0;0,0;0,026441727031682735;False;"Projeto executivo não concluído; Prazo previsto curto";
ECOVIAS RIO MINAS;2025,0;planejado;15143,0;3.1.3;Alarg. e reforço da Ponte s/Rio Caceribu, km 7,84 da Rod. BR-493/RJ, no trecho da Duplicação da via;BR-493/RJ;Recuperação ou Manutenção de Obra-de-Arte Especial;0,28;;100,0;0;0,0;0,0;0,026128570366192455;False;"Projeto executivo não concluído; Prazo previsto curto";
ECOVIAS RIO MINAS;2025,0;planejado;15145,0;3.1.3;Alarg. e ref. Ponte s/Rio Guapi-Macacu, km 12,751 da Rod. BR-493/RJ, no trecho da Duplicação da via;BR-493/RJ;Recuperação ou Manutenção de Obra-de-Arte Especial;0,221;;100,0;0;0,0;0,0;0,025077979018800087;False;"Projeto executivo não concluído; Prazo previsto curto";
ECOVIAS DAS GERAIS;2026,0;planejado;28526,0;3.4.8;Sistema de Guarda e Vigilância Patrimonial;BR-116/MG;Sistema de Guarda e Vigilância Patrimonial;0,0;;100,0;0;0,0;0,0;0,0249126217165927;False;"Prazo previsto curto; Tipo de obra que costuma atrasar";
ECOVIAS DAS GERAIS;2026,0;planejado;28525,0;3.4.7.2;Sistema de Comunicação Wireless ao longo da Rodovia;BR-116/MG;Sistema de Comunicação Wireless;0,0;;100,0;0;0,0;0,0;0,024190281872755497;False;Prazo previsto curto;
ECOVIAS DAS GERAIS;2026,0;planejado;28512,0;3.4.4;Sistema de Comunicação de usuário 3.4.4.1 Sistemas de Comunicação /Site na Internet 3.4.4.2 Sistema de Informações aos Usuários  3.4.4.3 Sistema de Manifestações dos Usuários  3.4.4.4 Função de chamada de Emergência;BR-116/MG;Sistema de Comunicação com o  Usuário;0,0;;100,0;0;0,0;0,0;0,024009517086529767;False;Prazo previsto curto;
ECOVIAS RIO MINAS;2026,0;planejado;15367,0;3.2.1;Novo Pontilhão sobre o Córrego Augusto Luiz, Km 516,869 - Duplicação - Trecho km 499,33 ao 519,73 SNV2022 (PER: km 500,111 ao 520,517).;BR-116/MG;Nova Obra-de-Arte Especial;0,008;;10,0;0;0,0;0,0;0,023262665016729658;False;"Meta anual pequena (obra em fase inicial/final); Prazo previsto curto";
ECOVIAS RIO MINAS;2026,0;planejado;15365,0;3.2.1;Novo  Pontilhão sobre o Córrego Daniel, Km 514,996 - Duplicação - Trecho km 499,33 ao 519,73 SNV2022 (PER: km 500,111 ao 520,517).;BR-116/MG;Nova Obra-de-Arte Especial;0,008;;10,0;0;0,0;0,0;0,023262665016729658;False;"Meta anual pequena (obra em fase inicial/final); Prazo previsto curto";
ECOVIAS RIO MINAS;2026,0;planejado;15363,0;3.2.1;Nova Ponte sobre o Córrego Feijoal, Km 510,731  - Duplicação - Trecho km 499,33 ao 519,73 SNV2022 (PER: km 500,111 ao 520,517).;BR-116/MG;Nova Obra-de-Arte Especial;0,008;;10,0;0;0,0;0,0;0,023262665016729658;False;"Meta anual pequena (obra em fase inicial/final); Prazo previsto curto";
ECOVIAS DAS GERAIS;2026,0;planejado;28524,0;3.4.7.1;Rede de Dados;BR-116/MG;Fibra Ótica;0,0;;100,0;0;0,0;0,0;0,023139762324379885;False;Prazo previsto curto;
ECOVIAS DO ARAGUAIA;2025,0;planejado;13743,0;3.4.7;Posto de Pesagem Veicular Novo - P01;BR-414/GO;Posto de Pesagem Veicular;0,0;;100,0;0;0,0;0,0;0,0231129844403796;False;"Projeto executivo não concluído; Prazo previsto curto; Tipo de obra que costuma atrasar";
WAY 262;2025,0;em andamento;17698,0;3.4.5.1;Praça de Pedágio 6 - Reforma;BR-262/MG;Reforma/Adequação de Praça de Pedágio;;;100,0;11;100,0;100,0;0,022251063154958197;False;Prazo previsto curto;
ECOVIAS RIO MINAS;2025,0;planejado;4617,0;3.2.1;A. Implantação de duplicação;BR-116/RJ;Duplicação de Trecho Rodoviário;12,6;;11,17;0;0,0;0,0;0,02011670283545384;False;"Meta anual pequena (obra em fase inicial/final); Meta espalhada por muitos meses; Tipo de obra que costuma atrasar";
ELOVIAS;2025,0;em andamento;23716,0;3.4.7.1;Rede de Fibra Ótica;BR-040/RJ;Fibra Ótica;0,0;;100,0;9;100,0;100,0;0,01601626983071755;False;Prazo previsto curto;
